ID,forecast
0,-24.587259428611617
1,-13.898531511143204
2,-14.183832762445832
3,-18.42382067539573
4,-21.246374274287987
5,-11.172394101971022
6,-14.631445558840326
7,-16.59851098021239
8,-11.73714452162293
9,-10.105716843144116
10,-17.216482734938275
11,-23.320307044827757
12,-38.637458004690714
13,-35.73388066131538
14,-20.59525176326838
15,-12.435346509119753
16,-25.18995735281443
17,-32.41856679247475
18,-28.731517680994827
19,-28.815120795050746
20,-19.65120254508122
21,-6.4560279831474645
22,-13.44497454082898
23,-21.160969096872115
24,-24.14839083255182
25,-26.940556646529394
26,-30.51940848045698
27,-10.34564575191618
28,-2.6189137941199476
29,-6.13014591693468
30,-5.971474570013896
31,-0.312087817030104
32,-14.480110038941646
33,-11.950420377322914
34,-8.320259551002508
35,6.058709900616066
36,4.45696220566839
37,-2.196998617318627
38,-3.0590629070850355
39,-7.487623226180091
40,0.5738566933205504
41,-13.017282779560077
42,-22.649675694654974
43,-20.88626090080752
44,-9.624190229904436
45,1.8708801102718198
46,4.917162235572924
47,11.824209755664299
48,24.394981051585546
49,18.133748669645115
50,2.2476630645011895
51,23.34523973431132
52,23.245726121435723
53,33.124913784780034
54,14.593202129732958
55,15.843589468794917
56,17.92578526877206
57,30.452676448956296
58,20.688506578305564
59,-11.414573957172628
60,-27.649649135569213
61,-30.08532057626335
62,-39.03559976847027
63,-57.08412641150093
64,-61.58043489226446
65,-51.108143941891
66,-34.55217710573348
67,-35.77886751159256
68,-26.278543727011687
69,-26.33536535656956
70,-15.88032553798272
71,-15.658885789685556
72,-27.108232287682668
73,-37.449775882276995
74,-36.45012220708624
75,-28.797014168208186
76,-27.65645490834475
77,-27.232144027315734
78,-15.805155764272165
79,-5.27689657041374
80,-7.732611132912822
81,-12.435117534604714
82,-12.386881478642138
83,-4.039367175018327
84,-13.195509213117361
85,-12.967044584956426
86,-31.99616301928367
87,-6.876460758707175
88,-7.078990999598638
89,-16.20692268044875
90,-8.752456859356677
91,0.9202132500415132
92,4.309062859629762
93,-4.309170887550351
94,-14.330020582942808
95,-11.609149298570472
96,-10.677622335681221
97,-1.5039109160969275
98,-0.17259509549906227
99,-12.609623385574025
100,-26.305401729673918
101,-37.73413619955414
102,-36.86639273797849
103,-43.0586727458161
104,-49.36590751291287
105,-49.62310225825297
106,-44.38460263702166
107,-44.337028796706434
108,-51.33777957877477
109,-54.25872094484622
110,-60.92652245271897
111,-56.8767923531631
112,-71.36486757091765
113,-79.57527594470179
114,-78.50881382893985
115,-72.06050215810633
116,-59.724406953147664
117,-63.92570260613648
118,-56.91797938134964
119,-37.18505759668879
120,-20.945017626422164
121,-28.462263999338212
122,-28.063363161563196
123,-14.056369310381328
124,-2.9154970357788415
125,2.613598334927687
126,14.003108944304373
127,34.73937196471314
128,42.30917542194129
129,42.69457572548535
130,24.295998302351336
131,26.713827013549846
132,39.02368371967047
133,59.73934243464721
134,68.65654556694857
135,43.39227278883054
136,43.383143397978486
137,40.10444057224355
138,50.05360643255993
139,38.90661040501145
140,28.47402786294056
141,8.311749601593547
142,13.08281557288906
143,26.272044445508257
144,28.359031121554622
145,19.14909893736653
146,16.318054452375875
147,13.305624991423642
148,22.936124864839584
149,27.07153929067961
150,28.609980515538822
151,3.5197627075042135
152,1.2675418799511249
153,-6.7460028354261965
154,-28.529149921977364
155,-51.177989305746166
156,-48.60048128939275
157,-45.12170408168481
158,-44.13485946200677
159,-65.3296265480597
160,-71.72404402755718
161,-72.40047318183828
162,-71.51687866075635
163,-65.66578479757209
164,-54.43686504037416
165,-68.93143717904431
166,-73.58055793916262
167,-79.3137595018909
168,-70.6535086166057
169,-65.73887196171913
170,-59.78714022327824
171,-55.57421560396959
172,-65.30896520942618
173,-70.45050865441712
174,-49.01377296679742
175,-40.2875027068385
176,-55.31736087777134
177,-45.65998708153911
178,-42.568573263522104
179,-7.8755765271903755
180,-21.339223680390447
181,-26.444427716454882
182,-45.73667684378377
183,-36.350023429488004
184,-42.23530563584089
185,-37.69886753827993
186,-26.593785942617153
187,15.667390250997968
188,12.334384046795506
189,-6.766531285004426
190,-37.27093203916506
191,-19.133424706489002
192,-13.1164227975788
193,-1.5206039640165798
194,6.076795490334796
195,0.695078190976183
196,-17.17917521533004
197,-32.28887173958358
198,-30.19757517386352
199,-8.473487267355736
200,-5.888237354539186
201,-10.100924821725286
202,-20.45931603024711
203,-11.769397323182666
204,-20.663659397276177
205,-35.35705387699372
206,-46.107295768065995
207,-8.905929346414858
208,-2.407926776559968
209,-18.348192082354892
210,-42.72636112775867
211,-72.34963684886924
212,-65.65432685727487
213,-60.440750603687185
214,-29.337478547115076
215,-12.055436773892808
216,-1.936585424549122
217,7.328583250259072
218,11.088028041882325
219,35.53850422795057
220,33.75211819178864
221,40.24377945658293
222,42.26936707855293
223,46.53065206627123
224,35.92691635481715
225,34.17309914271489
226,23.533857461746678
227,18.88228932351288
228,10.289946159124007
229,27.04223714837437
230,43.519625655287456
231,23.789506682563513
232,5.018712209363109
233,5.499712009177067
234,25.363563134059916
235,32.40726276970764
236,28.229104566193087
237,12.780429047937432
238,11.128734654081981
239,29.904599072949082
240,38.12996167202479
241,38.290952806477975
242,28.51456682736861
243,17.84235149549272
244,36.67189830815397
245,43.766707381392905
246,59.81303271932444
247,34.169818778297255
248,40.4019863240148
249,39.924994799211746
250,33.83728146920821
251,22.295203653138643
252,37.15362639704584
253,48.0970067654424
254,40.551093068146585
255,18.538342906792764
256,-7.1591438886471295
257,-2.5183975917383705
258,-22.292003395265205
259,4.728497316539276
260,-4.009442134816496
261,-12.783991124270003
262,-7.941654823509097
263,-4.682348085634196
264,2.77426976296136
265,3.125810739676986
266,9.059714303557719
267,-1.9698539237941475
268,-17.884209944389966
269,-30.64364878120054
270,-22.282097195013733
271,-16.422069964709372
272,-7.5510807402737825
273,2.4879895356987802
274,10.663751092713888
275,18.54430328356179
276,7.754203418151853
277,-5.256134767868737
278,-14.697974454065964
279,-15.702197280226542
280,-19.190794010320715
281,-21.700030066439197
282,-22.24781250547757
283,-17.592033694353603
284,-10.232542411701587
285,-7.293062952829672
286,-8.779759517202109
287,-25.1986384789572
288,-27.66871523541814
289,-23.066992939555966
290,-24.019858740328083
291,-24.788299996325215
292,-31.714359261588676
293,-24.793853386242496
294,-17.554451837510534
295,-14.724625246719341
296,-21.982938769442853
297,-19.293367987377962
298,-11.865696237414966
299,-18.849371749565982
300,-25.17436394248096
301,-32.9662295693829
302,-31.036673945704187
303,-18.65527852948555
304,-20.181240602846465
305,-20.954595515413452
306,-10.913794248596055
307,-4.230348323053072
308,4.836617120467601
309,1.5034283451681247
310,1.7851240359533804
311,6.733745023403216
312,12.556033686729066
313,18.62665996514157
314,32.597639851847205
315,49.91381372945948
316,56.61345295956302
317,62.8735050773911
318,55.548972180391715
319,47.59613277339781
320,44.455183283215234
321,34.50368093987947
322,38.510203236702125
323,43.24814270437439
324,51.225152880151356
325,56.8267455346208
326,59.00134621930154
327,36.8888839898389
328,31.398419968039818
329,27.69376831489295
330,34.01201594368881
331,36.8098344224678
332,59.187915687588415
333,57.04258257324862
334,51.6782171858856
335,63.41447701340486
336,62.83731813191669
337,52.99158822169757
338,41.78898854137857
339,46.55873973423114
340,64.60686968989022
341,65.3309126883298
342,66.72358586252896
343,55.10863045667787
344,69.11105359538556
345,67.79152016186322
346,50.18797543251975
347,44.61690072472808
348,40.138860392693886
349,34.47692675526426
350,30.00990779046768
351,16.230565275821604
352,15.45844922010859
353,14.691082524032467
354,7.42493894550163
355,11.533606859996354
356,10.631474700352015
357,-2.3431374995107888
358,3.1391553786749853
359,3.5935269203056848
360,1.107763966277723
361,-6.861039439783902
362,-14.749014357415383
363,-22.38912150353478
364,-22.570527352218775
365,-21.964805933239163
366,-8.138542952018767
367,-5.331685569224341
368,-11.69100817875509
369,-10.98759638532318
370,-27.47801346941246
371,-22.639871769600596
372,-26.89843206285854
373,-19.55899903400617
374,-24.22098060205129
375,-24.754154854351526
376,-23.620096840535183
377,-18.83525731906903
378,-26.84011435261411
379,-27.534843650992613
380,-27.349099190588205
381,-20.35533695284998
382,-29.39505463446112
383,-33.61607365556555
384,-31.080264769480443
385,-34.73255729379378
386,-34.11427394256598
387,-36.28113566349759
388,-29.69117304763062
389,-55.37062025542158
390,-48.13313249727508
391,-23.63750790042137
392,-44.9857314962325
393,-52.879556574099766
394,-40.67827875155221
395,-30.84889132750937
396,-35.84380510282359
397,-37.42164764178654
398,-42.466511480270874
399,-48.18421464680622
400,-44.38492287805416
401,-26.396303044825224
402,-43.56514284870118
403,-43.870784076573734
404,-34.70710681425499
405,-39.12451549886689
406,-36.07322658869709
407,-21.2869790387702
408,-23.430641219465258
409,-24.45489623895432
410,-27.655342923710663
411,1.4976078181217005
412,1.6991963206498824
413,4.677695707044641
414,-9.932208771897656
415,4.6875252232256415
416,11.049676651421954
417,24.62965638969247
418,14.583488049855006
419,24.767031692681854
420,23.00710322843969
421,18.154248060938073
422,2.8313020023542705
423,-10.896226290672963
424,6.130511468464839
425,24.951956791571973
426,32.591722728425026
427,6.261567500981883
428,5.750807281934115
429,13.167341428256321
430,24.953820545930085
431,32.33502877114546
432,27.453646543751688
433,33.8072650268912
434,17.724207774385548
435,13.328622992249421
436,19.322867661894037
437,51.849369321716864
438,46.476839822317885
439,41.141103162354554
440,21.044828766845896
441,17.739023843844095
442,12.439886192966853
443,8.833538554352124
444,3.4311907927535827
445,-11.839106848447798
446,-20.65625471945465
447,-25.466889473567853
448,-24.3741030215156
449,-36.859863143057176
450,-40.418374049939736
451,-31.48947721645898
452,-36.233332552038874
453,-27.036640460178333
454,-37.68174165868977
455,-32.110613372542836
456,-26.01793257521313
457,-20.134938464837823
458,-16.2619261847806
459,-11.61980134292429
460,-6.8819746096041
461,-11.469562834184586
462,-18.00267953832278
463,-17.972341875894834
464,-13.999201906140051
465,-8.699567404028294
466,-17.797663689402548
467,-13.820171504699864
468,-12.13140752159078
469,11.689428139159183
470,10.052780359734179
471,2.8909525606648714
472,-3.511285685070007
473,2.7832045997197525
474,8.798635345674903
475,14.748822463190322
476,1.5521380847229125
477,-3.005760644843946
478,11.439331681354268
479,33.42253372639381
480,25.81320605336036
481,0.5952869691999894
482,-1.3224511797607903
483,-1.1018734158608936
484,9.484687244005642
485,6.88547811613131
486,0.9906689902352639
487,-0.8211933129146303
488,-0.3707130892877615
489,2.3312092581440425
490,0.3601551896342414
491,-8.521502700016317
492,-8.360166654071651
493,-10.5209142966353
494,-6.943238574493467
495,-1.8614117675502655
496,-1.8413407332288898
497,-5.740762573109013
498,-16.12601649974923
499,-10.867487210766615
500,-13.890956749416649
501,1.867955549452759
502,-6.62470036773043
503,6.667340589947159
504,1.1975412848483273
505,15.660156303421601
506,7.88576413050059
507,18.017783065051944
508,15.67440052970197
509,3.077684808652819
510,10.394454835319593
511,33.814479167371644
512,24.26277497808215
513,23.15147229844675
514,25.91972537376091
515,41.884028401960066
516,45.8942004560855
517,39.077964385569445
518,48.67336199843915
519,38.06259709568029
520,21.99513303314059
521,24.420535946215708
522,19.418422019299484
523,10.192437240561333
524,26.3166067800221
525,28.265682626276785
526,24.43917662782222
527,19.572639585759887
528,22.12841168359246
529,24.5325822672407
530,34.597242142506715
531,20.350604938499927
532,13.045638181766137
533,13.520260738131569
534,21.88041867789117
535,12.072965191191741
536,4.131552606241314
537,5.68277191999411
538,13.449799574588752
539,-1.2450451167669883
540,-6.556753637649106
541,-19.066748756659305
542,-12.444956880399044
543,-34.43168591367994
544,-28.48005306642354
545,-30.388071656948643
546,-38.59956277479374
547,-31.346310074931065
548,-35.88945888157127
549,-28.398236758988357
550,-24.21175953020494
551,-17.77961199313984
552,-22.131576309715715
553,-31.223222608257235
554,-34.83420799725263
555,-28.22197903139111
556,-30.259067689816856
557,-36.66352432956346
558,-31.6962051978533
559,-16.317022769427616
560,-16.719119207119242
561,-24.50853568859558
562,-25.96452019536364
563,-12.297492630468202
564,-16.037005164126942
565,-13.300710692283577
566,-22.341927792124824
567,-22.441772862411053
568,-28.509998636490106
569,-25.603702032361493
570,-20.839420998691903
571,-12.298311370319464
572,-21.705975135112947
573,-12.582147829446665
574,18.316968223014626
575,0.6068664602518083
576,-6.795977195833871
577,-4.2314802497582775
578,-4.445498106772817
579,7.750339553465338
580,3.9465263667600965
581,-0.9265857349493416
582,-3.23845669600324
583,-6.393420232746941
584,-0.5774396566736257
585,-1.5756980479830034
586,1.4078617437730188
587,-13.632834348323648
588,-12.23068656771445
589,-16.357699010903097
590,-11.24103848477693
591,-4.826971432107641
592,-5.3231866914828885
593,-17.219861942845156
594,-21.560226615934866
595,-21.131633227837227
596,-17.125996396869965
597,-14.187351748431752
598,-4.714993910013021
599,6.704616388313475
600,7.931713453397158
601,9.77534026235788
602,8.466592154755979
603,30.56898757679187
604,33.28681881139585
605,31.682619340535723
606,25.157789729146373
607,37.80615878937614
608,38.077415004745475
609,35.73562294220817
610,28.668361488014696
611,43.842896231904945
612,47.918188508021785
613,47.02828356587807
614,34.049356986773546
615,25.327085078447908
616,29.92676969410158
617,14.61594841359701
618,3.950485095425421
619,2.9481451058927846
620,20.34762148071504
621,9.640290431932748
622,6.958336590194982
623,15.415043261350867
624,30.589166447277364
625,25.938371186899303
626,11.60776880850893
627,11.326463381720174
628,7.857657891421383
629,32.42234931027713
630,24.322060094957635
631,18.019989812808276
632,24.88764120736677
633,21.34161170316115
634,23.73397872364997
635,-5.097569852513807
636,-7.182888147488633
637,-11.896889271194631
638,-22.286998046884868
639,-42.54837849718015
640,-53.612966431362025
641,-48.5033992085755
642,-41.37104215754951
643,-34.566818650031884
644,-30.936553818155495
645,-48.48381641610215
646,-56.32902420263222
647,-47.35215053842667
648,-26.988801674449647
649,-17.984623178863345
650,-9.947998492020545
651,-8.248410593131204
652,-6.4313472182716325
653,0.4263991718100115
654,7.872407110290972
655,13.753584735906927
656,5.533293174374009
657,-8.773949444387128
658,-12.050411669898423
659,7.3131096937695474
660,-2.2671317621195897
661,-19.269758199931886
662,-27.824308678445107
663,-23.58145956842447
664,-18.67518779054891
665,-6.403431001360254
666,-3.567938824009566
667,3.958667156337306
668,1.1055902075882003
669,-11.86570919964543
670,-19.219403354649295
671,-17.081747981660044
672,-30.53559733132579
673,-34.40137625110961
674,-36.0983552787371
675,-8.703351098009321
676,-17.51986863862065
677,-21.691816939316553
678,-21.876913684298316
679,-15.234515943266139
680,-27.07073073150375
681,-37.36872269842139
682,-17.506688331330032
683,-5.916204622441114
684,1.0876735902015184
685,-11.096896997787667
686,-21.788561076105935
687,-13.985459834014264
688,-15.615009738936365
689,-10.172425723752426
690,-22.286117421030426
691,-18.277571930244306
692,-24.38711904698164
693,-23.35096269236965
694,-16.769483259829116
695,5.097750806678427
696,-7.11607532216032
697,-1.896194342299303
698,-4.539122594656298
699,12.464000828405148
700,9.58279794852595
701,21.902796552207832
702,9.960780689134111
703,21.850530924850815
704,27.906513034831633
705,42.2030102095289
706,25.955481503322815
707,25.522037131089775
708,19.222047961149997
709,23.291558871975326
710,26.85808602745226
711,8.216604617055765
712,10.186178145881485
713,3.2183487435197833
714,-7.09056821152123
715,-12.34269217915952
716,-9.97929296133362
717,-12.128062816134623
718,-10.934703590804169
719,-1.644553053901511
720,0.5480480966172152
721,11.205909776294561
722,17.841527582311187
723,19.738291435174773
724,17.623000311828093
725,3.9461915958666793
726,14.753636415522436
727,16.044554657943863
728,25.952816217819546
729,21.493649769344344
730,10.311385348811271
731,4.756549696957045
732,-1.8989225802797378
733,-12.818427821376964
734,-22.004562176270845
735,-43.2339927488932
736,-36.73443949888727
737,-37.19986306190924
738,-41.660333039521106
739,-36.62102816176492
740,-20.882097106452285
741,-24.701290848007382
742,-26.443582030866857
743,-26.628348681388317
744,-28.379095227872753
745,-25.72477998404993
746,-23.740900342791875
747,-18.57204079250652
748,-23.796830838800496
749,-27.629746335444416
750,-17.68529978296899
751,-8.028049421197366
752,-12.95478771915829
753,-15.404272218562781
754,-11.76559701552354
755,3.6835647179084674
756,8.620464254548693
757,3.792174343972107
758,0.222541908849621
759,-6.118435681377555
760,-10.629121436538902
761,-6.332646767105679
762,-5.232136356400311
763,-0.7030513977576334
764,-9.90679959450324
765,1.9157181287234835
766,15.053763129562697
767,3.27085603765498
768,-3.453380624626007
769,-3.53897453017818
770,-17.10724542254603
771,-22.24679870248579
772,-10.530415972127145
773,-0.9081296298802215
774,-3.174227450565951
775,-11.68969080414248
776,-16.1018682398712
777,-17.97287090382229
778,-16.91747566714161
779,-19.33607309335666
780,-17.629374530075083
781,-19.697347408015773
782,-15.15293087744196
783,-15.229280563143902
784,-19.372669841119233
785,-23.772884884645265
786,-27.532344883061683
787,-23.60419589156247
788,-23.997247065325993
789,-26.045514369437413
790,-22.105630198038213
791,-1.415261756855223
792,-2.8759926840041103
793,-7.287551467382066
794,6.7045815439494305
795,27.90797133394416
796,24.217240769279996
797,20.477110344387754
798,9.297884447252287
799,16.852686487769432
800,16.52185184933998
801,10.173474983405526
802,6.169377008637696
803,15.841948240905495
804,7.578510825340075
805,3.8762177805009372
806,6.499538509998658
807,-14.070042785467265
808,-24.06642643684377
809,-29.62001471582495
810,-21.120263448547647
811,-27.750824864387162
812,-21.555177206342897
813,-27.220513412517015
814,-32.29288786812091
815,-31.26113753013309
816,-21.33833032418054
817,-16.452898686040648
818,-17.96659594815649
819,-16.57478634818814
820,-3.030841022642605
821,12.559139892853622
822,16.879190853913983
823,4.756712633093741
824,13.638622892772275
825,14.5309817307255
826,5.599013745601098
827,-6.7522785717205736
828,-23.58542594960246
829,-39.061328339387586
830,-51.414758822861444
831,-68.16631734934721
832,-68.97997366603464
833,-57.1059030991067
834,-52.37065223965412
835,-42.335773537720314
836,-36.357645997339915
837,-43.279036513111976
838,-30.190848408142664
839,-27.953261974223608
840,-30.268674169305513
841,-35.90387852648797
842,-32.0058095476908
843,-24.75697795116279
844,-27.849172269039464
845,-32.446508963646416
846,-17.688790719616442
847,-9.298834455024462
848,-15.068742712988211
849,-25.469736134732784
850,-21.086196864093182
851,-20.163073299935817
852,-16.353031663938836
853,-23.73427564465807
854,-24.10033950692214
855,-22.595792001942094
856,-19.941771148343456
857,-7.976127617894257
858,-10.002932908030338
859,-4.670846502868848
860,-16.21513690903138
861,-13.991344211910622
862,-2.2103609079073934
863,19.54655023623775
864,14.192285569264016
865,3.9126506263139547
866,-2.296903013387329
867,-1.457095481519353
868,-6.0465867686451915
869,-3.096494813432649
870,2.0843851492028094
871,7.740933876078245
872,-3.439595843261813
873,-8.683147809153994
874,-8.288055030811435
875,-11.773395853340311
876,-12.931696500549386
877,-11.379130001294278
878,-9.566879473497501
879,-6.508678216861533
880,-9.076250099006124
881,-9.13499982730584
882,-18.548858759020327
883,-4.357681644668936
884,4.2619002343378085
885,2.6172613197726875
886,-13.335418893501505
887,3.9160120187611085
888,8.930206332039631
889,10.130919713306326
890,5.923457015850261
891,27.724571778402264
892,29.856445832120897
893,38.43320132476262
894,36.973922034398754
895,47.0173465098561
896,41.99893740795618
897,39.57136394918068
898,33.041982100394264
899,33.32178462644296
900,28.19471790945201
901,29.984097120278904
902,26.505960999861344
903,6.013421787510076
904,2.859682638275551
905,2.8278735441406795
906,-0.7398027593837995
907,-3.6390563192121164
908,0.33442441681619073
909,5.648421263861607
910,-0.0294158293913398
911,0.18061047399785934
912,8.3283780212291
913,11.725795748178797
914,11.291740635560956
915,6.686073656268768
916,16.081207089835203
917,29.073928052271754
918,36.674272340132006
919,21.914331480097488
920,29.99282372926116
921,26.776929458432548
922,20.46312588627795
923,9.297017056511592
924,2.481071975248838
925,-9.107707460981558
926,-19.17749567648856
927,-40.916791327816675
928,-40.824631282198006
929,-37.58746643964364
930,-43.05529538719197
931,-33.396091255223
932,-24.060382240427927
933,-26.140132360700207
934,-13.850997924840996
935,-6.6040766497168235
936,-3.756359959991805
937,-4.073372462311674
938,-7.559638290882866
939,-9.854036998520883
940,-14.273700274606313
941,-13.326485614602973
942,-8.10429951764246
943,-5.366636366470196
944,-8.65027244445644
945,-2.323372253745866
946,-5.057326371297243
947,-3.7486104604005916
948,-6.77854381082205
949,-9.57622406636279
950,-7.343231960120086
951,-9.596712401758012
952,-11.431360570499052
953,-9.921693653823539
954,-7.760327656311588
955,-2.8247378841601574
956,-10.91415539575857
957,-6.7331748630689106
958,6.5390421348824646
959,-9.900360638129165
960,-14.704380782363295
961,-14.867064982211836
962,-12.295574758493125
963,-5.022778398627061
964,-9.756008091282276
965,-8.500357771433194
966,-7.816926119869045
967,-6.590346148053783
968,-3.3250165873368758
969,-2.2723391402603
970,-3.995445454552822
971,-9.973081272168592
972,-12.767289295444975
973,-17.90074644093692
974,-22.567597689613073
975,-22.163975179505094
976,-21.416692058433746
977,-16.60982407649221
978,-22.988986156876884
979,-17.408045654579148
980,-17.232330797635193
981,-13.68197293984047
982,-20.23119343067409
983,-7.3144182016201995
984,-13.873336372762466
985,-15.932166332141819
986,-14.165899729015493
987,14.055897837470823
988,32.503714981272864
989,18.79896597300332
990,11.48345108287507
991,24.877279359773752
992,32.21427308795714
993,17.095831771708617
994,5.126139324845774
995,14.829429115116753
996,6.7446856420109
997,13.391615411961922
998,12.784957543993997
999,0.0663387844220793
1000,-6.940125450465096
1001,-4.972163907102917
1002,1.0663541761966613
1003,1.9310562030582332
1004,3.126372812179369
1005,3.167188828393961
1006,-1.5904125648349918
1007,-3.9346575248573146
1008,2.7919867015439337
1009,11.110877004536675
1010,13.841829612570436
1011,7.270435804265823
1012,18.77073537021657
1013,29.28853758984171
1014,34.990803747298784
1015,17.25334858372159
1016,17.31159540093978
1017,15.784952919111134
1018,9.195229267610948
1019,1.9619104203467828
1020,2.3039471256636546
1021,-8.015168618373195
1022,-7.58397957497246
1023,-22.3975795663361
1024,-21.294815010683088
1025,-22.29570344333805
1026,-30.25286983983832
1027,-25.67125620816168
1028,-20.451840994977147
1029,-28.601458008352637
1030,-19.56589762238073
1031,-16.753052342360498
1032,-13.394151422811326
1033,-12.429741544814028
1034,-15.455503826758452
1035,-18.280839082348834
1036,-21.31585153422499
1037,-24.434288176200752
1038,-18.876360841475318
1039,-10.377308669968052
1040,-10.4141962375625
1041,-0.6307103062345121
1042,-5.99386360396776
1043,6.588170172280321
1044,-0.08632799867213947
1045,-5.992585132174405
1046,-13.353585954585405
1047,-10.533414053451196
1048,-11.783446794276443
1049,-12.017484326374841
1050,-7.404993753341955
1051,-3.1556135160484047
1052,-11.814277258595254
1053,-7.096783767430779
1054,11.029054656675456
1055,-2.4848053151163825
1056,-10.481672996197268
1057,-11.68919112663955
1058,-12.656620258627619
1059,-8.508669834068392
1060,-14.489552011484243
1061,-7.081108052548835
1062,-5.527701192554495
1063,-8.253444345112129
1064,-8.530594780340763
1065,-12.858370629429729
1066,-9.804647192760157
1067,-14.107220462702124
1068,-16.690566016276826
1069,-25.368269369830564
1070,-29.561047080420657
1071,-25.470680659643754
1072,-17.083014625920605
1073,-14.655305988461315
1074,-22.369436518536666
1075,-15.255205450813499
1076,-6.988854411156076
1077,-12.09599121463939
1078,-17.902293758405683
1079,5.478052913790634
1080,10.942834298662824
1081,6.284198575698241
1082,4.079610283648549
1083,22.438914881795483
1084,22.443718687409046
1085,14.735936527364714
1086,10.499893594976236
1087,21.373121610198623
1088,20.32679407908988
1089,18.107922788180744
1090,17.247943348331248
1091,25.64002131776627
1092,28.036809353175357
1093,29.200842606994428
1094,32.10446538425134
1095,22.85669708621262
1096,23.46985146154853
1097,18.522585290652472
1098,13.982074116938264
1099,3.9763852294263273
1100,5.619501724192261
1101,3.7946450630475255
1102,2.2870891592478557
1103,1.7691350405843593
1104,10.209502208246839
1105,12.31628419806011
1106,12.051702997514091
1107,0.25050833004709006
1108,2.8955349229135194
1109,13.063776194045687
1110,17.27256119397711
1111,6.134316731132948
1112,13.086188579896756
1113,13.96366203572775
1114,1.3733189019068632
1115,-8.277797365626483
1116,-11.852448535387836
1117,-16.345506971014302
1118,-19.94635208741083
1119,-36.16191614079978
1120,-34.76843113395038
1121,-28.4923498144826
1122,-32.09322318324164
1123,-32.251046093217795
1124,-26.022431540167858
1125,-37.3416605314125
1126,-33.735084052562385
1127,-34.32715442410875
1128,-36.097869622867584
1129,-33.34286309242477
1130,-31.353189695920797
1131,-28.439189648772526
1132,-38.8692777510951
1133,-42.98531702263881
1134,-38.837338134446526
1135,-27.817431629014322
1136,-31.611039330372705
1137,-24.184043121269042
1138,-23.24704583314996
1139,-17.529510156581814
1140,-21.331882711134575
1141,-24.953520407352336
1142,-26.49436896061065
1143,-30.161598308260707
1144,-32.95042067726921
1145,-26.804833071899807
1146,-21.850189033413287
1147,-14.066283162293246
1148,-14.69021984878475
1149,-17.23740973452135
1150,-16.58719624085296
1151,-6.797455856051744
1152,-11.489358758609843
1153,-14.763054306664134
1154,-11.089104477448263
1155,1.6503942174689712
1156,-2.0358790803008446
1157,-4.832821134958124
1158,-8.890785275004678
1159,-16.42397522141314
1160,-21.501345667172213
1161,-17.376706381001807
1162,-13.202109387054943
1163,-33.06446109086532
1164,-29.935761588050482
1165,-38.7667858764688
1166,-34.85725936730033
1167,-20.94213739004923
1168,-13.865658625253989
1169,-19.218511025434314
1170,-10.94704155862323
1171,-12.813393128930546
1172,-16.245165603214236
1173,-33.2369553106531
1174,-28.434414993583506
1175,-4.168521331365966
1176,-11.320690977632932
1177,-16.96581091058105
1178,-29.61572699070778
1179,-5.108360173111166
1180,-4.950314617362025
1181,-7.154451630606491
1182,-10.365834688088217
1183,13.641910415977918
1184,8.51297984723638
1185,6.172355010598267
1186,0.5450600720949126
1187,18.1676390486828
1188,17.52544977306421
1189,22.420527016608887
1190,22.035892102188555
1191,10.097991538805402
1192,7.432681627776631
1193,13.87956926906061
1194,0.8918855778276367
1195,-14.369968606834274
1196,-11.840804299335414
1197,10.130655634225775
1198,16.505258939982554
1199,9.86222338327174
1200,3.2161050563503437
1201,9.58570962867806
1202,14.552791955438764
1203,13.208387267040834
1204,4.360563712396484
1205,6.712782829125146
1206,6.314130867904069
1207,7.409421809340415
1208,3.2401253945365625
1209,0.6633924450229074
1210,-6.764261170391823
1211,-18.56923187867937
1212,-13.054118774725932
1213,-9.64924880393789
1214,-5.729345711721404
1215,-24.66401965365647
1216,-31.522776862162335
1217,-32.931583422659614
1218,-35.136738730681074
1219,-34.44425940448659
1220,-36.112171306210485
1221,-24.070603361468013
1222,-3.5545088073242823
1223,-13.032258876529713
1224,-28.840812159014096
1225,-18.87493985897132
1226,-10.341081086001427
1227,2.662944088318639
1228,-15.656530624067312
1229,-8.955616047693308
1230,-23.908764112408374
1231,-23.723423373006746
1232,-26.575377058782927
1233,-26.57625665035375
1234,-28.91259559194021
1235,-0.14040084957072452
1236,-3.2354499190803523
1237,-5.623948285397507
1238,-20.50062194599987
1239,-29.139899796028683
1240,-32.2460218931256
1241,-19.316094036291954
1242,-8.165626923401984
1243,-2.0997872737275287
1244,-16.406435682296074
1245,-17.11247850523834
1246,-12.528554928125612
1247,-7.194874629939505
1248,-6.5115442939162165
1249,8.080999719720523
1250,10.670891784879245
1251,17.3704842696513
1252,14.964240537384498
1253,19.96206240516763
1254,10.54331843573003
1255,2.4210324828323664
1256,4.902814328969775
1257,7.1384480243508435
1258,11.33651280539825
1259,10.96084127087795
1260,15.686697421781446
1261,9.182523381075043
1262,5.4923761185964395
1263,14.79802443971117
1264,10.423491845584394
1265,5.21550945103418
1266,-1.6572168671983292
1267,2.2094561579959873
1268,4.7897189189858125
1269,4.836604244246274
1270,17.319632502228558
1271,27.192622266742575
1272,26.427565934849525
1273,26.722910704131664
1274,39.40635538211848
1275,63.88905968147375
1276,54.984517536570166
1277,39.09017351750518
1278,20.26141938125511
1279,34.44436053527734
1280,36.2361364001399
1281,36.25301912951495
1282,30.948391606059644
1283,30.514260556861984
1284,27.545095573063122
1285,41.104546755270036
1286,45.04246966934625
1287,38.67577164160272
1288,16.94186301164754
1289,8.708624544608568
1290,-10.46476977912252
1291,-3.395905598775961
1292,-0.8696077760736571
1293,-0.0772216396241916
1294,-8.609725529735137
1295,3.1329888290519605
1296,19.03377014123408
1297,25.842492035285545
1298,23.246202043881745
1299,11.53742979552797
1300,1.9021891566411284
1301,14.258946424476875
1302,21.972766684339632
1303,25.272211740764575
1304,9.94680699114393
1305,13.637126025886957
1306,14.922317276945037
1307,-1.6027359939236945
1308,2.5740467862828993
1309,7.321222271127986
1310,6.842794503949811
1311,-31.451679126352786
1312,-43.846490741488964
1313,-52.444528777159206
1314,-60.67251184561849
1315,-41.53384400574905
1316,-44.92867662766415
1317,-44.05642252806704
1318,-46.359919051894884
1319,-41.66436263745281
1320,-44.39466174281144
1321,-34.919641140120675
1322,-30.639389424822596
1323,-18.726092587837734
1324,-28.776306044306118
1325,-36.025093789608256
1326,-34.47297239340778
1327,-25.526789585503693
1328,-37.29744788598582
1329,-44.92245880893786
1330,-36.551204133236055
1331,11.401537063216523
1332,10.68739033970948
1333,-16.1793954304828
1334,-47.60123193637773
1335,-31.29538144474933
1336,-23.146041521582994
1337,-22.947239370533772
1338,-26.317200729337834
1339,-10.410277303552043
1340,-13.416535373495911
1341,-10.624307187521019
1342,-17.142050373321688
1343,-16.321325905525157
1344,-28.0754624691958
1345,-26.176660307999697
1346,-20.516066306739134
1347,-9.776081164294354
1348,-18.636232565417245
1349,-10.11348456430865
1350,-21.10462929283746
1351,-19.48522716950098
1352,-26.054332854864704
1353,-17.365732748440912
1354,-26.84530570754314
1355,-35.14027786378048
1356,-18.56968811902857
1357,-3.7943132618161712
1358,3.6898022096633554
1359,-9.381709971448473
1360,10.225769820116554
1361,27.49057433986583
1362,15.831232557286384
1363,3.2660446401395404
1364,-4.499793416633878
1365,-6.214090802698763
1366,-11.025904498999381
1367,11.174506377138869
1368,16.086885999268134
1369,19.54721571729482
1370,25.677498385362384
1371,41.94771485111636
1372,45.104431491149114
1373,41.950703349100024
1374,39.242316433455585
1375,46.99531309381901
1376,44.72328251904078
1377,41.214121532688566
1378,33.41818084093204
1379,35.388432337393624
1380,47.970392691385314
1381,49.4833174443616
1382,53.7913445285339
1383,21.035081851662227
1384,15.991315776950273
1385,11.774403476913818
1386,28.216038478597085
1387,22.539886433450278
1388,30.369378441683665
1389,33.0445097404432
1390,36.89795698531387
1391,44.41868757247863
1392,47.52923943660221
1393,44.27443215079978
1394,27.57305507598892
1395,24.04451001795897
1396,33.4481036573338
1397,44.59803911907707
1398,46.963031053464505
1399,30.505339719015623
1400,25.84112662744461
1401,30.86019553255663
1402,31.061369190840807
1403,26.3279100999426
1404,18.197062282822984
1405,22.46078286562819
1406,18.018860598769223
1407,-1.1359889168863617
1408,-12.548989256720319
1409,-21.92738117129207
1410,-34.29012876120814
1411,-40.189463376176214
1412,-46.04770437852714
1413,-38.41815677638727
1414,-39.75766703831611
1415,-36.67131663715766
1416,-38.513170727478226
1417,-32.59221486464027
1418,-33.43551379822789
1419,-22.71096644689583
1420,-20.738273116037185
1421,-4.044434304724341
1422,3.6898523307821804
1423,0.8186617848682971
1424,-15.007087380083775
1425,-13.542323978758489
1426,-8.17946120029309
1427,21.812030285477704
1428,23.75217181417733
1429,17.944978115563686
1430,-3.7342003983516463
1431,-11.051348938766132
1432,-11.023176856992173
1433,-7.80887594552744
1434,-14.516512394439793
1435,-9.732039701156054
1436,-14.255617480905897
1437,-0.02049169799875017
1438,3.931430775363765
1439,-10.136144632800026
1440,-16.417808149200383
1441,-26.67326848199305
1442,-26.25150410188793
1443,-20.51920833032682
1444,-15.432931977478944
1445,-4.939147817032932
1446,-10.14362635623408
1447,-7.1197912697949945
1448,-10.278815406767386
1449,-10.68650771941585
1450,-17.659277170705444
1451,-18.786832107853414
1452,-14.538782889402441
1453,-9.96826472926891
1454,-7.911575725895986
1455,-2.8102397324125548
1456,-2.7988131039567747
1457,-4.399611056201707
1458,-13.156201252757228
1459,-11.042450556342985
1460,-16.349754906767586
1461,-21.796873089933328
1462,-14.821606189195606
1463,22.631427159979708
1464,22.887378399573848
1465,5.993693957089036
1466,4.767976785000158
1467,33.40840506301369
1468,34.54918702603375
1469,26.857958278131107
1470,25.627901976478896
1471,39.643243082588754
1472,29.768567464568093
1473,26.835865373995233
1474,26.883569566991326
1475,34.65241911331462
1476,36.38325151623441
1477,33.40450066711223
1478,32.82796971320853
1479,19.482363337145514
1480,19.08989700067265
1481,9.210119992175422
1482,7.183669760131309
1483,1.634156436612109
1484,4.996340570400051
1485,9.746642940989076
1486,23.750328743010655
1487,22.359948291872783
1488,16.59537506784305
1489,16.09228009428263
1490,14.131058156208255
1491,14.480758973358022
1492,12.544267337351002
1493,13.596951021313188
1494,13.33183742623767
1495,13.658540542791684
1496,23.244872355654877
1497,12.695998942051972
1498,3.7779371063178644
1499,-2.3716428475004747
1500,-11.0614814178765
1501,-19.544321601220467
1502,-21.67818099248148
1503,-48.40595043527922
1504,-58.3785492505457
1505,-60.99400680267097
1506,-54.253019760713514
1507,-61.81233617738695
1508,-66.41788909827224
1509,-62.899714579792374
1510,-48.53645799368073
1511,-50.084241143026304
1512,-48.57786302447644
1513,-56.32238681804773
1514,-58.653603941844295
1515,-55.07827749199778
1516,-54.26997440931261
1517,-38.33957513094872
1518,-26.265892415305537
1519,-18.56301562645558
1520,-22.933563463896746
1521,-30.34100792752222
1522,-41.923464591046645
1523,-16.255543797159575
1524,-14.69775575572514
1525,-21.25016748157661
1526,-32.104273381856714
1527,-26.443928342430176
1528,-29.099833431429538
1529,-29.5283809641572
1530,-23.973328364981818
1531,-19.05799907181214
1532,-29.96664076706177
1533,-28.140662348405762
1534,-19.49982002916156
1535,-1.3119973472120208
1536,-14.135132111482172
1537,-10.478205394036088
1538,-9.592166220530693
1539,-8.573925183398352
1540,-13.720398000651294
1541,-15.808354078957528
1542,-13.166080449875516
1543,-4.768810014941337
1544,-12.666940034300083
1545,-11.177613079843994
1546,-12.51806609296382
1547,-9.981571037241714
1548,-4.2377356684918155
1549,-2.6249693581035345
1550,-5.136857759288468
1551,-18.327510733278125
1552,-16.487909144311395
1553,-0.12415925007109507
1554,-6.41553619238433
1555,-0.16718448896475735
1556,-9.812670288986205
1557,-24.30383173694498
1558,-22.948787872632046
1559,10.143968346522342
1560,27.848545994337968
1561,23.90704302175797
1562,28.867787864553577
1563,53.28136602329951
1564,54.85858965155458
1565,42.54000641882712
1566,39.882631149571665
1567,62.43492514205276
1568,69.93656852495612
1569,73.29531763789005
1570,75.75901269341666
1571,84.8711535139046
1572,99.55359522059781
1573,112.93728468621812
1574,120.4661427099963
1575,100.80068909242452
1576,90.08658028080481
1577,75.92377589385245
1578,74.53481678649752
1579,69.82677260107414
1580,67.41629611628673
1581,59.3245434207123
1582,63.3543030103275
1583,60.68851454808893
1584,57.322787746260445
1585,56.43568753841001
1586,54.65178572574652
1587,48.27306558793748
1588,47.49169029077677
1589,53.522907583815424
1590,39.38208328665098
1591,32.55191503526875
1592,17.76058098773096
1593,26.82165005779747
1594,10.947807080022876
1595,12.95158803450009
1596,0.9246310417983494
1597,2.367399468897119
1598,4.421679107495535
1599,-9.114474595851824
1600,-15.085203798679437
1601,-32.47413578365656
1602,-20.17960634207413
1603,-9.4810930365377
1604,-7.206720374516365
1605,-20.031489232513437
1606,-16.77221877813254
1607,-18.83036467484427
1608,-15.276216921170565
1609,-17.169971119271786
1610,-15.755984606621432
1611,-14.374778719700032
1612,-19.484864031965145
1613,-18.815705666412924
1614,-15.358004583893887
1615,-10.807506430386972
1616,-14.260852576802868
1617,-17.235005091600918
1618,-22.20205622586061
1619,-9.480960251192535
1620,-10.25953830484088
1621,-14.446879384923001
1622,-18.67785801167708
1623,-18.46159049874022
1624,-17.351635985687338
1625,-16.764892830556832
1626,-11.290524607387525
1627,-5.068930331051206
1628,-3.3470674398168114
1629,-0.13401995042809745
1630,-3.332410109245899
1631,-4.616103035676666
1632,-8.321663503774879
1633,-4.275992708668262
1634,-0.3158085834743858
1635,-1.3471585180105095
1636,-5.852179682187206
1637,-6.490028135635249
1638,-2.010018960948436
1639,-2.5170069295735686
1640,-8.918386590137487
1641,-4.4892772312284706
1642,-7.425962020729372
1643,-19.706351837185274
1644,-17.5474708666899
1645,-16.380632048788463
1646,-13.28347607729193
1647,-3.193123133211948
1648,6.249989811009691
1649,4.346840497375574
1650,-14.68506972158415
1651,-1.8101262206400222
1652,9.778350909202892
1653,5.642246358528162
1654,-11.692920152974402
1655,8.438873524900103
1656,12.425787683817063
1657,4.251884386840928
1658,1.990366246561294
1659,28.183513274661337
1660,32.62535731515102
1661,21.169247630998782
1662,20.21351256610616
1663,32.46350904400077
1664,36.23676977353148
1665,35.93369137826775
1666,35.44674795843807
1667,38.397072200444185
1668,36.48024484381283
1669,44.22875820592732
1670,52.17874539060067
1671,37.930315267465616
1672,41.806328736738166
1673,41.209842917664375
1674,40.94385637769871
1675,28.296989911346017
1676,24.309422364976527
1677,22.88164269939041
1678,28.256112270510627
1679,21.554168460985053
1680,21.06251689382323
1681,22.778430169557296
1682,21.482469442561936
1683,12.637069520923873
1684,15.253179105595407
1685,18.50755768571095
1686,15.895310624262194
1687,0.9148322047553776
1688,-0.6257134359833358
1689,-0.7715166423843769
1690,0.048556217397781154
1691,-17.915673040632413
1692,-23.349417695741266
1693,-26.168589491455492
1694,-32.22429231605943
1695,-54.327428376268436
1696,-50.50261009111335
1697,-56.5652394138533
1698,-60.96693985951665
1699,-49.137583452718275
1700,-46.890092061579
1701,-47.84928189531297
1702,-54.68986600701405
1703,-61.076118018302544
1704,-44.32632269159368
1705,-20.326327132602167
1706,-13.545684339280577
1707,-24.69506102789613
1708,-41.06108368923317
1709,-44.62275115055469
1710,-39.22214906486512
1711,-23.801676894611305
1712,-20.497319441527466
1713,-16.218048817021703
1714,-27.69523748731247
1715,-14.414199687861718
1716,-21.662698049358617
1717,-32.84552242389815
1718,-40.489536109475715
1719,-43.4112671239958
1720,-48.1191355434124
1721,-51.572839873006245
1722,-47.45600776617769
1723,-26.441828286642405
1724,-19.647368919445185
1725,-21.276149124905416
1726,-37.55954335659179
1727,-36.374133831359934
1728,-33.37654419903951
1729,-23.639596024070023
1730,-11.428140456136113
1731,-16.02848244879123
1732,-26.26511656960377
1733,-19.472918943582094
1734,-19.867763840243633
1735,-27.8878050292722
1736,-27.682937550348115
1737,-16.565934529649
1738,8.66553920984824
1739,-1.6825191198026417
1740,-21.06545322541698
1741,-53.45071550336962
1742,-57.92136732017835
1743,-38.796658745263294
1744,-11.660413903476488
1745,-5.6598839448865235
1746,-13.233516879032798
1747,-21.951918665188607
1748,-11.493796580088492
1749,-10.84519871288095
1750,-7.317246326800706
1751,13.29191601459047
1752,19.613299896701903
1753,7.376518929238472
1754,-7.621365585967624
1755,12.408193138460263
1756,15.811757496089484
1757,28.83005594185653
1758,38.7031692207662
1759,64.29364098082873
1760,67.09815482340188
1761,69.5651976703296
1762,45.93431380118908
1763,54.15559050390016
1764,51.868894605672835
1765,58.73452764374031
1766,50.025493638608225
1767,18.111381448448952
1768,20.728392555250167
1769,24.353180445472532
1770,20.20861808427142
1771,8.243301403578549
1772,6.829115318754489
1773,-4.66033852215223
1774,6.155244834487135
1775,5.2233908921409125
1776,16.519950100968572
1777,21.009215140532376
1778,17.344046816279047
1779,11.960347350208927
1780,16.012197468803976
1781,-1.2743514175311716
1782,-17.51792563316892
1783,-28.0244122694614
1784,-0.2606090379990391
1785,9.295938454380156
1786,5.637186794555454
1787,-24.938507971739412
1788,-52.2544491697101
1789,-58.07966016730494
1790,-37.68214857704278
1791,-43.548489300782826
1792,-41.81181957667818
1793,-61.61079361964702
1794,-75.86915380671834
1795,-66.93048342166726
1796,-49.55052640882825
1797,-52.12072165409661
1798,-53.17363830293779
1799,-52.52761279573692
1800,-48.45425124729211
1801,-56.219653009235934
1802,-37.841041994120125
1803,-35.32916072581921
1804,-32.7349022115811
1805,-30.832330671656763
1806,-20.55846635756049
1807,-15.408780695583879
1808,-18.105471999675324
1809,-21.255432643314542
1810,-16.029968306712526
1811,15.014395530827784
1812,14.791349148814191
1813,-3.543681589206223
1814,-26.9136286733222
1815,-17.737900909750223
1816,-8.592803130346041
1817,-10.040646657060378
1818,-10.33355206864006
1819,-6.8388568271709005
1820,-15.44946957652985
1821,-11.858760228740039
1822,3.7551634887344676
1823,12.128747258960672
1824,10.685929750845062
1825,4.255323000088978
1826,2.148298517097359
1827,14.298678280868643
1828,15.588706962251734
1829,16.250468216224704
1830,7.662201001650345
1831,2.9975009162750155
1832,2.011804267818434
1833,0.2854563153277354
1834,1.2665461906584596
1835,-5.414276457189079
1836,-1.1883340961039863
1837,-12.698168519531908
1838,-14.493179342691537
1839,-4.8138539379646375
1840,1.0713810215679018
1841,-7.0796463591739816
1842,-4.303564648341421
1843,-22.175526668060048
1844,-18.72994908001697
1845,-15.8111700786116
1846,7.113671103352047
1847,18.142786385219395
1848,7.428692709613145
1849,10.850251066613467
1850,10.276285706415976
1851,20.685565500660474
1852,19.292776525764125
1853,19.473466799076007
1854,18.872133800300603
1855,29.004646717353978
1856,26.047593882085636
1857,24.18949341790801
1858,15.639197312271563
1859,22.81039924466326
1860,28.271737222051925
1861,27.26326780080457
1862,26.305012457251408
1863,23.7164780178653
1864,19.42357008290149
1865,15.266518311928209
1866,-8.633110494000693
1867,-21.412325181643634
1868,-15.982154636160626
1869,-3.049929901125921
1870,4.5171553283994115
1871,4.86320692243568
1872,7.50511672371546
1873,24.54645618251574
1874,31.985902426315207
1875,33.43000056686394
1876,44.02947577573205
1877,36.069698314102126
1878,28.644778564464772
1879,14.677368511761756
1880,23.10174170179215
1881,37.358050185015884
1882,32.90826470690311
1883,14.616410336150835
1884,2.989016501531296
1885,-4.24773764946525
1886,-7.263153412675191
1887,-33.226394030350846
1888,-44.843523537177546
1889,-44.755488856847975
1890,-41.8388270622619
1891,-28.238920490223247
1892,-27.114991134646996
1893,-28.317637633238032
1894,-32.41159098647782
1895,-17.067297217537433
1896,-22.682814233819446
1897,-21.995221583507234
1898,-26.88886929344773
1899,-24.205679499874645
1900,-24.944455702354684
1901,-19.06379377411353
1902,-11.987265821695427
1903,-0.9520048382436528
1904,-19.52512351541018
1905,-23.94478711715707
1906,-21.456936692104627
1907,-8.17830086647395
1908,-0.6307512010275076
1909,-4.2779217963225875
1910,-15.748789160348839
1911,-24.42071937500489
1912,-38.13323318644771
1913,-43.421221954212996
1914,-42.14599655862881
1915,-29.425709744258864
1916,-40.02054716632834
1917,-32.84338806522349
1918,-33.30012099960639
1919,-8.280260271174853
1920,-5.284257662739719
1921,-7.829033283415271
1922,-13.25497674864397
1923,-11.61659692736761
1924,-3.890929050395229
1925,-11.615605873039257
1926,-6.597740652731389
1927,-12.745468753208833
1928,-3.1928988119145245
1929,6.463168736359812
1930,1.1904043269252256
1931,-13.78372362054747
1932,-11.052761489025578
1933,-11.64742523375616
1934,-22.283341598388397
1935,-29.201566445706604
1936,-12.990703928627696
1937,-6.562416190746134
1938,-6.256740948908643
1939,-20.58556367078515
1940,-14.078290772185028
1941,-16.786681288690318
1942,-17.620885621470904
1943,-14.851358507483205
1944,3.472551405265712
1945,-8.870208771041625
1946,-17.686454918707106
1947,8.781973259948415
1948,9.91078053406926
1949,-15.301658291681349
1950,-29.553545110556968
1951,-1.513734046237957
1952,7.681769997572459
1953,3.5814501321319057
1954,6.050651878583253
1955,21.8808584223641
1956,26.147744556686717
1957,14.810651687658208
1958,4.50004176192607
1959,6.062363887599162
1960,29.485263370744377
1961,28.36354079550361
1962,24.487140582199885
1963,3.1381389717385773
1964,2.4037080177402217
1965,14.128178493795097
1966,12.883470765006528
1967,30.3929377250696
1968,34.08716670655582
1969,36.9468125006818
1970,17.019275684557506
1971,4.507638116008167
1972,0.1245943200209183
1973,10.437278537493995
1974,30.418082575965656
1975,28.03531982222141
1976,31.1489209377455
1977,22.52251946565285
1978,21.836217265445825
1979,-2.7031339197468824
1980,-2.942264796242547
1981,-8.321733909613762
1982,-11.71970733084462
1983,-37.04244600771435
1984,-50.374483988461066
1985,-44.57934016528057
1986,-40.07715096141828
1987,-18.98274268572917
1988,-23.78576361659305
1989,-22.938012928465362
1990,-22.203371210885457
1991,-15.864312974083376
1992,-23.805422901987768
1993,-25.624373947163136
1994,-18.290888763875117
1995,-26.9634284010367
1996,-32.917697871014916
1997,-32.886382226997306
1998,-30.822527338077002
1999,-25.39578532270768
2000,-30.008051738963573
2001,-29.678314221297043
2002,-31.435496958344785
2003,19.073683704742308
2004,12.490000160290691
2005,1.8554802884128492
2006,-31.149348959934343
2007,-13.846864166776506
2008,-22.96681925092853
2009,-17.04447664955959
2010,-15.011788325423062
2011,-1.838017193171872
2012,-10.480218535167886
2013,-12.369789759601495
2014,-15.120963329025379
2015,-15.542621185707077
2016,-9.376857134753436
2017,7.099945818048695
2018,-3.635042876799872
2019,3.845817545580573
2020,7.307128549735879
2021,-7.236221397140568
2022,-14.996199554728022
2023,-27.42420337710852
2024,-21.810231393514165
2025,-18.315037300768445
2026,-21.10767198872103
2027,-42.24920441750703
2028,-52.223835539284096
2029,-43.79409389487526
2030,-37.95857184154136
2031,-39.57925868525713
2032,-54.107021418362066
2033,-42.502420627558664
2034,-33.31646261433322
2035,-39.289237203602596
2036,-34.32362561838136
2037,-35.506507947601364
2038,-18.221582463777338
2039,-1.0086776374602024
2040,4.992934201434146
2041,5.13602597537713
2042,6.23653079352119
2043,35.67336101139921
2044,41.360328497276555
2045,35.78329013269877
2046,25.486265486851266
2047,34.975009898125094
2048,43.53322577957475
2049,44.45216324265802
2050,43.338493695967244
2051,49.321094139049904
2052,62.27776403553196
2053,58.94975516132115
2054,50.08046577890991
2055,24.440224806976374
2056,31.244920799416064
2057,42.623236438975056
2058,44.67692225036606
2059,14.21125325715397
2060,9.798822354916098
2061,20.579384790677096
2062,37.20277704431189
2063,31.23178655813706
2064,25.034167403215463
2065,35.88652606341128
2066,38.293951171422805
2067,34.29117419311214
2068,35.26276787200928
2069,43.22351512636797
2070,45.56879609208411
2071,22.69715675182009
2072,27.098400499444935
2073,26.447370472487634
2074,44.35234885418292
2075,20.30471635372409
2076,2.7134462644133563
2077,-14.03252373821153
2078,-12.14306508822299
2079,-19.088895733733324
2080,-4.600400121963702
2081,-12.77244067433324
2082,-5.1280839821318125
2083,-14.602111902552885
2084,-27.787535284280615
2085,-49.36032217432866
2086,-44.87794800828227
2087,-35.522566237713804
2088,-13.158109107282215
2089,-18.378211899571298
2090,-30.278025975882016
2091,-31.805893558415896
2092,-31.419675257054244
2093,-28.16946076726881
2094,-32.02654300551375
2095,-19.82479994389378
2096,-20.317096548272914
2097,-23.793062763525498
2098,-18.618721990962385
2099,21.989964452643193
2100,17.976082962076987
2101,-11.501920745604707
2102,-38.657097595821114
2103,-21.962675987271446
2104,-22.1663950283153
2105,-18.25738010332342
2106,-21.867323913630266
2107,-20.68458528783725
2108,-26.637754881123925
2109,-6.058930110368635
2110,20.42193767483002
2111,-2.766335626807873
2112,-18.791708824353677
2113,-21.861769499075038
2114,-6.578152000795271
2115,-2.9835277893782006
2116,2.3742679186145494
2117,-14.107962275025812
2118,-18.421965808833562
2119,-23.135536449072497
2120,-20.17656442123029
2121,-22.645697526997786
2122,-23.144596306682466
2123,-15.549197247888841
2124,-20.496246569484455
2125,-27.484676280591017
2126,-34.377163808866996
2127,-29.104847371493292
2128,-7.545370487884327
2129,-3.4940796788264947
2130,0.40042472355133896
2131,-29.66905740314455
2132,-12.232560658397588
2133,-9.310662593102293
2134,4.888922376129429
2135,5.993479589020907
2136,0.9054959718669622
2137,5.358735364056045
2138,1.5880431824022239
2139,36.469352214571146
2140,37.50791594138356
2141,43.54669239036356
2142,24.7754755511299
2143,43.41659303404208
2144,35.36368963140467
2145,31.530692474593707
2146,25.444585187655036
2147,25.623721010498073
2148,21.83784836373833
2149,-6.653490911940182
2150,-3.141533434741959
2151,-12.902811311006715
2152,-4.0815312613822385
2153,-6.655102956636725
2154,2.8458962136767667
2155,0.9480765100363797
2156,-13.559686175221849
2157,-5.524375937671742
2158,9.05142239921723
2159,24.38318912616161
2160,21.45171526043761
2161,25.220143074545902
2162,16.45679761772506
2163,10.05177989136898
2164,2.4131072196458803
2165,25.145055254908115
2166,33.01028962336487
2167,14.144778965258922
2168,3.3721534305656746
2169,14.328776015395192
2170,31.89956032816002
2171,21.019463651516304
2172,10.291240658234386
2173,2.2669166658141933
2174,-4.028920071894497
2175,-29.587179256637157
2176,-34.9643816122106
2177,-49.76665809039001
2178,-50.63461349776385
2179,-51.93174296192356
2180,-67.72305395144241
2181,-71.80451987517856
2182,-70.21187042189052
2183,-67.8111601782241
2184,-63.94118190930783
2185,-66.43863004004155
2186,-57.30167856795899
2187,-46.85245302138692
2188,-42.836242322973405
2189,-47.96566776049558
2190,-47.317412874978956
2191,-55.31595947391043
2192,-61.78252873542059
2193,-57.508518840517105
2194,-47.88219936374828
2195,-7.1523509610776586
2196,-4.122039057959583
2197,-15.929989283359944
2198,-48.50492941396179
2199,-51.80537688390035
2200,-51.36532093375999
2201,-42.953075373731025
2202,-15.058063871715255
2203,-7.975676198896004
2204,-5.629921521169173
2205,-20.603663103444525
2206,-15.075672189823571
2207,2.006543715052935
2208,-12.57680577954418
2209,-25.958454956857203
2210,1.9415975924388746
2211,17.27555162786102
2212,40.21525608097214
2213,30.744426431559802
2214,23.5719685323741
2215,17.50090258658065
2216,10.919041856103078
2217,0.5712047490659842
2218,2.3425081705228052
2219,16.70559956177678
2220,21.267654226207497
2221,-7.71474859042457
2222,-27.585257708357716
2223,-38.35706901039611
2224,-47.4617112681268
2225,-44.44714023998784
2226,-62.02561844265431
2227,-60.49384311249663
2228,-46.194034934610364
2229,-36.80555031599872
2230,-12.060882086211713
2231,21.668945168844488
2232,27.249849156460698
2233,11.762909988232337
2234,5.069527067907359
2235,29.189579118223293
2236,39.93323171155177
2237,43.88363849449783
2238,42.01270033407266
2239,52.105704920647966
2240,49.96600551900055
2241,50.39838462127072
2242,41.227942524802145
2243,42.59403868295087
2244,23.311963498891743
2245,19.7083055532552
2246,20.084914240723748
2247,22.275928113571524
2248,8.410099345324447
2249,18.184234010535704
2250,26.973898645278382
2251,7.297785392069883
2252,-7.350604874174351
2253,6.200531122831293
2254,31.256370123130182
2255,29.021722678896907
2256,18.825083625140252
2257,13.512800622672245
2258,18.628768521955266
2259,19.584620293633122
2260,17.63243249425011
2261,29.599836366036243
2262,22.684299652879986
2263,11.70703806888418
2264,20.825208008685152
2265,24.93132867714202
2266,28.958265097397728
2267,14.121631188240926
2268,2.672746264143015
2269,10.173637321677504
2270,9.99673689154561
2271,-1.8965166046088555
2272,3.400437220123642
2273,0.8850740209716079
2274,-7.562973250000887
2275,-10.387187183264828
2276,-6.655614918072857
2277,1.7023967311320547
2278,-9.853685281710753
2279,-21.24897291978146
2280,-18.154983203541484
2281,-12.756393555145898
2282,-4.4637837622042795
2283,-7.339097050624218
2284,-6.460021722172883
2285,3.240410640704937
2286,5.049723543288792
2287,-2.0902005448701217
2288,-13.823953296068389
2289,-7.958058346688311
2290,4.383731427391702
2291,39.7870031255315
2292,23.458541530023098
2293,3.1602834341323884
2294,-8.951488249351236
2295,9.854827429221203
2296,3.055254519449349
2297,-3.973527942677279
2298,-0.6528775660516573
2299,11.470074209744666
2300,17.0453620540562
2301,2.3831036081439834
2302,3.2971991347771166
2303,-0.5512772926435545
2304,5.637083823517948
2305,9.891340418710492
2306,10.080039052058801
2307,12.121369209156704
2308,12.070671901619242
2309,16.126641128316038
2310,8.662547474108372
2311,-0.9337338396466919
2312,2.4398931064016267
2313,1.5090470275105474
2314,0.31118208222972044
2315,7.800208594703925
2316,6.587040194940251
2317,-16.650458095661683
2318,-6.42518029236151
2319,11.28477061470857
2320,11.834847307470021
2321,16.648262169835874
2322,-4.223265279950262
2323,13.548769675550275
2324,21.981434727690967
2325,11.173946416718515
2326,19.6017856419641
2327,31.94980562621693
2328,42.402531488496564
2329,45.66904106754755
2330,48.34523755360728
2331,67.59405453038904
2332,64.00761184970777
2333,53.405259252324996
2334,38.091922030885016
2335,40.72167882121687
2336,39.39199542375175
2337,43.05944036448284
2338,40.37905222678643
2339,39.91189777342113
2340,25.858283863040825
2341,40.268675176201
2342,56.65170440177316
2343,36.814603272816655
2344,26.080933519309312
2345,32.44815675030047
2346,35.01323281995262
2347,25.45589771621671
2348,19.53472001041102
2349,21.588185867228376
2350,22.021922094699264
2351,31.897198975673334
2352,32.22062630328112
2353,23.124028041059162
2354,23.477983238804583
2355,33.10227402249798
2356,44.24129942519066
2357,62.7464086765808
2358,59.613244207247405
2359,47.28692060758516
2360,53.09698055664444
2361,46.22388348278315
2362,52.756747687455515
2363,40.37488022161986
2364,37.2516202164704
2365,20.19250225324035
2366,10.654665445911434
2367,-3.4563718075231904
2368,0.18837347403323434
2369,-7.0042368232987755
2370,-24.49678817846719
2371,-10.51570677500311
2372,-22.458560120167903
2373,-20.589841306982436
2374,-15.475996688316371
2375,-12.775906133112763
2376,-12.91757677065926
2377,-19.773993663753238
2378,-19.069410814379275
2379,-22.118534608474377
2380,-18.684473867685952
2381,-12.854968922815843
2382,-8.038322737059858
2383,-11.765807864035942
2384,-7.799834064978718
2385,-3.3413338046420975
2386,-4.922503092213198
2387,-5.551591546174187
2388,-4.491503833581071
2389,0.402504950018546
2390,-9.561497407940003
2391,-6.465577168925506
2392,-8.624029638732424
2393,-10.025291605861298
2394,-14.112221927449042
2395,-5.239301302010617
2396,-5.846086847790062
2397,-5.331538331301331
2398,-7.607670451468479
2399,-13.749576684290652
2400,-27.65642339144504
2401,-4.814129096176295
2402,-15.85777839214817
2403,-13.733971912273567
2404,-12.193075832345919
2405,-27.08699227916008
2406,-22.596771634969564
2407,-26.797960303949466
2408,-45.99180005182903
2409,-51.70015872877268
2410,-40.14382415172706
2411,-39.31176864318537
2412,-33.3943475580629
2413,-58.748641001418605
2414,-39.38448272712612
2415,-46.209712098914075
2416,-57.34091955495645
2417,-69.05204636412296
2418,-56.17033897842705
2419,-68.46669938616338
2420,-69.70520175865644
2421,-72.4174306441964
2422,-61.853713729652306
2423,-38.69318542107055
2424,-41.43566512371984
2425,-55.88167569867403
2426,-67.39677374263877
2427,-45.074236601608625
2428,-48.31714520874173
2429,-39.30835843812876
2430,-26.40133708304885
2431,-7.38632175105905
2432,-5.080446010988105
2433,4.633704962827927
2434,7.163486991511554
2435,-1.3089679404021481
2436,-1.073940344203045
2437,17.356160466605616
2438,33.759013128026766
2439,15.278690253936162
2440,-4.9603827187411085
2441,-7.21387600460978
2442,-4.611751112796789
2443,-0.7542187499521873
2444,-0.4648247106157868
2445,6.6833152911023745
2446,1.8831330761439204
2447,3.0904173716881758
2448,-4.26280505331124
2449,-20.560762968420647
2450,-7.974952512457406
2451,-10.542992405070926
2452,11.02085757852526
2453,6.928843014279089
2454,-1.3295083346576249
2455,1.0400911002970261
2456,1.9005617733976479
2457,-11.74437874908633
2458,-13.155665900039217
2459,7.636657632102967
2460,12.464608015494164
2461,-11.377513038192248
2462,-21.095621640802122
2463,-34.65781650783567
2464,-23.824225858445892
2465,12.933107924130837
2466,19.91787870621735
2467,12.127503179657104
2468,6.216999793713299
2469,16.365852828000044
2470,1.2105507203403505
2471,3.2346190914970308
2472,-1.9602534533238085
2473,3.1226461162209844
2474,12.137696591544433
2475,8.48619043739324
2476,-9.285171302011008
2477,-3.316105000621434
2478,3.236730692750939
2479,19.432312699218826
2480,27.55580640123948
2481,16.54709484182122
2482,8.03302628198606
2483,27.084278531570703
2484,26.05672828409959
2485,3.862614271101272
2486,-20.51830053902504
2487,-8.49172379600266
2488,1.2231929433832676
2489,11.672435685312472
2490,-1.2969943407345426
2491,2.6520340627108965
2492,-13.236154605115416
2493,-8.343576420041927
2494,2.670779371625372
2495,12.215630687976656
2496,6.657150660733137
2497,13.833598954023714
2498,4.728483501125211
2499,7.0696781467783865
2500,2.2590301936438095
2501,14.701473915384696
2502,11.261512821260652
2503,3.8455246967350547
2504,8.130759940991794
2505,13.190269218523696
2506,18.344399197221477
2507,13.051547364204467
2508,15.149365465244685
2509,11.48881917679735
2510,16.422011878956326
2511,22.143877722507256
2512,11.111414620063613
2513,-2.8228082625032584
2514,-5.2113657192655864
2515,6.314614973193116
2516,11.996500265290152
2517,16.14767976383989
2518,11.118854493948291
2519,32.620571523396805
2520,31.867150652958244
2521,25.409025732986564
2522,14.900394784662822
2523,25.839712131336753
2524,23.433422360080513
2525,10.657919888676147
2526,6.581477766985259
2527,16.030362260259892
2528,21.409337206336318
2529,10.433675393621229
2530,-4.553254429185756
2531,-2.865271867525095
2532,-2.7090588378898275
2533,3.685666823182956
2534,-4.456357594285791
2535,-17.32512916600287
2536,-35.312181916044395
2537,-35.92043293590986
2538,-48.71047142689896
2539,-56.1957541010872
2540,-47.301771523989686
2541,-30.52992277468351
2542,-32.3485604461919
2543,-24.984624154796318
2544,-8.005091560505985
2545,-0.4096408307028554
2546,-21.86518717095775
2547,-24.42673896670859
2548,-4.298744160321306
2549,21.80008118202936
2550,26.632178919658813
2551,26.921694923490122
2552,41.52674244534575
2553,50.81233137711678
2554,53.30223221946579
2555,48.23537246441495
2556,40.89759959428835
2557,19.619396136065205
2558,3.3706495702397774
2559,-17.68982084340094
2560,-27.64154175322874
2561,-47.8521860959106
2562,-59.54292548345795
2563,-61.345603976059635
2564,-56.618017111166154
2565,-52.92655815968686
2566,-49.79727593628269
2567,-46.97220900806053
2568,-45.079876763770585
2569,-43.672654291486566
2570,-39.869495788598016
2571,-21.68049364523041
2572,-20.332872472639746
2573,-29.366906182977726
2574,-31.606340741770918
2575,-13.246867677980934
2576,-7.685493506872522
2577,-17.200500847577878
2578,-25.02704452034795
2579,-13.877923512373929
2580,-16.036494644403195
2581,-13.927530229438293
2582,-18.931983006507483
2583,-6.806803284687103
2584,-15.441482231757927
2585,-5.357688491064717
2586,5.06100981638221
2587,15.223566501504322
2588,11.128521065237962
2589,21.78843536226431
2590,12.952255199873392
2591,21.267805324949506
2592,11.496909887129362
2593,21.500195033649646
2594,13.012320443689589
2595,8.405286165119705
2596,17.26150828182388
2597,21.367560121608804
2598,13.570379028086265
2599,6.200662316373773
2600,3.2024366573508516
2601,5.962520009538132
2602,0.6102944293790458
2603,-4.57563398002938
2604,-4.772812883800327
2605,-11.96301033077605
2606,-16.520510824834325
2607,-4.1530679725207875
2608,-6.9585493792368
2609,-10.372596681452492
2610,-21.11122746366415
2611,-12.743626957095756
2612,-16.233430280802793
2613,-24.0318272375996
2614,-20.47804483446268
2615,-9.564805828797311
2616,-3.7596107227032505
2617,-4.774825453468701
2618,-25.882885316273068
2619,-7.349020150518498
2620,-6.418580935045668
2621,-21.404874407559873
2622,-28.861557703434812
2623,-21.343940718401782
2624,-33.99461674450929
2625,-40.96603348935274
2626,-54.74276642200108
2627,-26.07828560813482
2628,-39.208242312036134
2629,-35.58044493142353
2630,-27.89074280243807
2631,-21.41738958269528
2632,-20.134003175742436
2633,-18.172470468332648
2634,-30.45864297869369
2635,-39.083278002454485
2636,-21.029443240997445
2637,-4.977386321810663
2638,-11.655185722635828
2639,-12.175650759562977
2640,-6.487936867709486
2641,-15.974386739592141
2642,-14.835775246585392
2643,-25.904526740972386
2644,-19.629271445962473
2645,-13.108151155177467
2646,0.2655095335305475
2647,-15.679325197466724
2648,-9.349398784627638
2649,-12.040329497467454
2650,-8.874694653150485
2651,-27.088455630993145
2652,-46.07405927258029
2653,-65.97495213554177
2654,-74.13241250760194
2655,-89.89634803090638
2656,-90.25241969026715
2657,-129.14425775347314
2658,-114.3699011313366
2659,-102.34763756413858
2660,-72.12267669130995
2661,-78.35082782351964
2662,-63.38563922025754
2663,-49.2045909971972
2664,-39.8481310955204
2665,-35.05565610754137
2666,-27.693295552141294
2667,-23.996739580687994
2668,-23.357207923415267
2669,-18.101657647843858
2670,-14.927585477228142
2671,-5.087195885230344
2672,-6.406822646016494
2673,-8.488067067007293
2674,-7.9581664639522245
2675,13.889887552254805
2676,7.3603278560723595
2677,-12.468932100282444
2678,-22.398809768279847
2679,-5.419733987458336
2680,5.029625518204476
2681,-2.41720954699543
2682,-6.97782172918992
2683,-1.9749622120310661
2684,5.884529471389392
2685,14.54070171574859
2686,-3.3020025108490287
2687,-4.336207826598439
2688,-0.6911399849174984
2689,-3.5506240944149283
2690,-4.822198889312318
2691,11.87969667635106
2692,13.662441319142047
2693,10.187862801188729
2694,-9.840259535186462
2695,-3.4424235973096486
2696,0.9568978459010609
2697,10.108686200917504
2698,13.169302247799294
2699,19.6356649015828
2700,20.906779376096324
2701,-5.083612519774647
2702,-3.3217119793858103
2703,-5.138597552652087
2704,-2.474609941682772
2705,-32.80734615250903
2706,-30.32209072204121
2707,-14.82906850922626
2708,-5.274405032125685
2709,-18.134682799933103
2710,-5.303621227871787
2711,5.700114415929683
2712,-2.304140902814133
2713,10.157316586143537
2714,7.181773484721994
2715,32.91685831785935
2716,17.169745941667458
2717,14.260595012976836
2718,19.620790677170305
2719,36.01886796772318
2720,25.812236204040104
2721,4.212952734503958
2722,-8.06905220121557
2723,7.068921673276094
2724,15.894621519844378
2725,36.186866515294184
2726,39.22890414574675
2727,15.163825512609009
2728,17.893998039853642
2729,16.86530406408488
2730,8.295382919370326
2731,-14.263225057032948
2732,-9.858483652792621
2733,-6.6351484856065
2734,-7.176538341108575
2735,-8.291075247169196
2736,-4.845837356166605
2737,-9.942315409621294
2738,-9.512556579672143
2739,-3.4529541689255154
2740,19.242842047278003
2741,23.01973675229769
2742,28.314861987500564
2743,8.798350202136632
2744,26.933091571060217
2745,31.391864712034177
2746,24.92401481184588
2747,9.256660616211448
2748,-5.679388958403628
2749,-11.623453742450387
2750,-20.455758734820996
2751,-47.58643762770063
2752,-53.447751671667476
2753,-55.86767529748175
2754,-66.16101369531773
2755,-51.63626766396392
2756,-46.19579301311914
2757,-40.577640387570746
2758,-38.012094001913376
2759,-32.72213415596924
2760,-33.5098683571462
2761,-29.627332828622528
2762,-33.1935131101183
2763,-39.13888330572683
2764,-33.72822362123008
2765,-35.88543417713847
2766,-28.487483596412368
2767,-20.887086880091474
2768,-15.878687618933142
2769,-22.565130090051113
2770,-23.76765195304226
2771,-15.560756470106838
2772,-8.56771979110664
2773,-7.9023682890825455
2774,-15.773783912895453
2775,-16.79400978581564
2776,-18.021250931139242
2777,-16.749528448591413
2778,-16.30037249651904
2779,-4.044605956051214
2780,-8.669513531274134
2781,-10.992375896582615
2782,-22.289151759621063
2783,-13.73676587383558
2784,-15.856172760233633
2785,-17.45138360853265
2786,-15.489597175578226
2787,-15.54843713177911
2788,-22.984154891285613
2789,-26.928349934675822
2790,-29.543045168241832
2791,-33.72930331435955
2792,-27.117335264140046
2793,-21.98842779195339
2794,-21.46092929573114
2795,-18.88147402395269
2796,-19.634212406264666
2797,-20.60162457420249
2798,-27.627573908071312
2799,-23.238384161067074
2800,-23.837863135755214
2801,-20.560496835823386
2802,-27.228595374153883
2803,-13.57087307216382
2804,-15.46623168126213
2805,-22.172375208050383
2806,-33.87776036323693
2807,-20.699999692165825
2808,-5.752862125069562
2809,-4.827136935072197
2810,-8.081819106989236
2811,4.1333855858825785
2812,4.856660422300379
2813,-5.822821184372671
2814,-24.960296636223276
2815,-13.578146543520859
2816,-18.82598337298859
2817,-13.077242843993702
2818,-6.720572438285046
2819,17.84530323008876
2820,5.673260175412835
2821,-0.023569866266157646
2822,12.360114143836526
2823,14.352296821407762
2824,19.61377733458481
2825,15.592592548804518
2826,10.122912353737703
2827,-2.801712270287986
2828,3.1556160438209844
2829,3.8562045079381875
2830,-0.8907655869924369
2831,-12.802074202411951
2832,-14.304771300375712
2833,-3.77150631713085
2834,6.750045441697026
2835,-2.765732299190418
2836,-10.928134988154383
2837,-13.750714731704662
2838,-13.946594973629331
2839,-41.35129016300388
2840,-32.1050925486185
2841,-18.735292692792825
2842,-9.6824406753625
2843,-15.364745278573444
2844,-27.101316245493955
2845,-41.62104349110851
2846,-52.4697545644332
2847,-70.88649857393118
2848,-59.094022976130546
2849,-53.014497793799066
2850,-62.44048858479458
2851,-52.64632372021475
2852,-51.3684315353465
2853,-54.112758795431546
2854,-49.95128120157128
2855,-56.50049785066011
2856,-48.52562049973247
2857,-46.51230782853102
2858,-29.16395453236558
2859,-36.32386377117221
2860,-24.248555666548164
2861,-30.523917313429514
2862,-14.30867630585275
2863,-10.008100550550552
2864,-6.765323481192723
2865,-15.559639624492462
2866,-20.8188355035457
2867,-0.6774255454749465
2868,7.301802870215354
2869,2.31510244551923
2870,-14.214609771676109
2871,-21.33565712942518
2872,-24.510889417420564
2873,-16.27722050923571
2874,-9.281838743618543
2875,7.007423507187113
2876,-12.786296036988269
2877,15.306026000105888
2878,57.9401220378419
2879,13.712333785734216
2880,6.624758623197344
2881,8.876012758207416
2882,4.666980458972425
2883,2.8093114188405153
2884,10.124528568981255
2885,36.68588574211127
2886,47.44015538476502
2887,42.66126947483781
2888,28.14522898406608
2889,9.413170067948826
2890,4.106113795275704
2891,6.0752214320079005
2892,24.344645299336065
2893,25.625053849855448
2894,32.04537028670356
2895,40.390423415563035
2896,28.66174561451176
2897,-8.387712242877164
2898,-0.9425719104401864
2899,10.780763000884285
2900,16.881547565581712
2901,18.000880119374557
2902,25.027868345273276
2903,36.749200245253945
2904,39.625637162081574
2905,41.72836876532605
2906,34.777613253172404
2907,41.04963421812133
2908,29.26496675219201
2909,26.389099161226426
2910,22.926858882694944
2911,42.15126227584348
2912,43.18895010663603
2913,41.55237965899592
2914,31.39178997239999
2915,38.99609871067938
2916,20.56028482108988
2917,12.057928012774788
2918,4.305123675617118
2919,-17.38584665487469
2920,-22.5553068265528
2921,-21.025564968735274
2922,-18.748665885843742
2923,-18.432520363801174
2924,-1.5828167212309978
2925,11.24093395661798
2926,4.812500678799651
2927,11.356335012010703
2928,12.719357731268019
2929,13.295339423947183
2930,3.3307337584716947
2931,-11.584457819216347
2932,-2.3676215613347225
2933,4.2760385051206455
2934,5.240424151430879
2935,-26.900371662078207
2936,-7.4061259451733505
2937,-1.5691297607888757
2938,-0.39895530031667903
2939,-18.683933871870934
2940,-21.26629792494184
2941,-25.733412462263587
2942,-27.594614818149026
2943,-46.079426422127064
2944,-40.96433923772526
2945,-47.64943056218437
2946,-74.75158261984768
2947,-74.50917637349569
2948,-75.32750094562412
2949,-74.46469074341452
2950,-65.96807873168304
2951,-54.451058570473
2952,-58.91429008549371
2953,-62.13420839995171
2954,-48.73422930997051
2955,-35.84581776755226
2956,-25.22080048241739
2957,-39.19103126312007
2958,-46.54789555753473
2959,-55.922082159372934
2960,-52.593505014662895
2961,-46.37554756647813
2962,-44.29531917148762
2963,-13.248628352932947
2964,-5.937306888996069
2965,-10.590258176775968
2966,-26.31838917073197
2967,-19.239388650266207
2968,-8.910697851435586
2969,-8.792608236624076
2970,-8.017557557199765
2971,-8.57781798828691
2972,-17.026819151650557
2973,8.883389276460889
2974,49.38626998661894
2975,-4.143554204718313
2976,-9.295986166663557
2977,4.293670452387644
2978,3.8438315602518998
2979,-7.002312171147313
2980,-4.292735968672332
2981,9.250930894480945
2982,17.724920167343384
2983,11.69925422821116
2984,7.533306940844554
2985,6.739905450612312
2986,-2.4013943718313726
2987,-2.26884086679145
2988,0.7438826246040406
2989,5.313801400211432
2990,-7.440741630907571
2991,-2.8389558422906305
2992,0.6342550686004529
2993,4.886377782563528
2994,-19.78269368183655
2995,-5.4515743490453765
2996,2.602784461677274
2997,4.121679479879177
2998,-7.795940447595985
2999,5.403497417729696
3000,16.343831696365257
3001,28.506550959889793
3002,17.860330663629085
3003,42.11382220549699
3004,47.08827332088559
3005,42.54813734067061
3006,59.59575766729476
3007,82.87095552512147
3008,80.00372291592299
3009,38.13889620153677
3010,22.53597705925975
3011,17.804321780284667
3012,3.9637614162307244
3013,13.529141987172622
3014,-5.499784307896295
3015,-15.673864465580369
3016,-23.591545962697285
3017,-29.8139553553326
3018,-28.328180375947102
3019,-26.693874099592218
3020,-25.867966228786937
3021,-15.279697128853396
3022,-6.053759588657723
3023,-2.9033413266687518
3024,-13.625529062766088
3025,-0.5862085346793293
3026,1.064706129913347
3027,-12.238051614139682
3028,3.6858030685079513
3029,13.555046504574037
3030,15.899903983413097
3031,12.282248159872466
3032,29.570850002792184
3033,32.46012844117266
3034,40.77303302104255
3035,40.247293953018925
3036,27.37934803785788
3037,9.65523123646392
3038,-15.164524958649164
3039,-10.6916366452317
3040,0.09898224007072542
3041,-19.22083090887229
3042,-56.85264371678936
3043,-66.6667478036471
3044,-60.397065685965515
3045,-57.13922692382715
3046,-35.118389906745165
3047,-22.385700940242632
3048,-15.55653602180232
3049,-16.684024788193913
3050,-6.507394936136425
3051,-10.936576146493461
3052,-13.499379549194497
3053,-17.92067986451509
3054,-7.565609690134021
3055,5.1152722222830675
3056,2.9635695312386474
3057,-1.8956209014706076
3058,-13.58157158281077
3059,-3.3157238941107465
3060,-4.4885289625784
3061,-11.23097194633458
3062,-31.559362360473205
3063,-24.179589928232442
3064,-13.089802694857323
3065,-10.326427350973798
3066,-10.949796668391738
3067,3.758881856797913
3068,-3.3559535054058784
3069,9.888284658182485
3070,39.16459152346168
3071,-1.1723083843803863
3072,4.486819684038323
3073,15.153762499538175
3074,7.508134074858731
3075,-11.154331897481445
3076,-15.34364359211175
3077,-18.6530393469662
3078,-22.241512373376697
3079,-25.02427919043485
3080,-23.00280100069089
3081,-28.251432718941867
3082,-29.144889753572084
3083,-29.74916215419515
3084,-32.592190287959085
3085,-28.231593193574614
3086,-44.79756072489465
3087,-47.6046853018688
3088,-47.813245265264115
3089,-45.91914707240268
3090,-40.149628054028526
3091,-32.221445953135
3092,-44.16007028655622
3093,-56.62048235139952
3094,-70.72359398818594
3095,-36.257233184831335
3096,-36.318240337611456
3097,-39.24982852153485
3098,-39.46966387250811
3099,-16.321464051198408
3100,-13.206440783871304
3101,-17.067274148294533
3102,-16.01918325464209
3103,6.626805641364669
3104,-0.12676147940082672
3105,2.389261750213066
3106,2.684209019327838
3107,8.117651671625794
3108,5.873050812003186
3109,4.30204045253501
3110,7.608046767494756
3111,-11.8222514133866
3112,-25.746978006852036
3113,-33.355716891191946
3114,-32.347540377199095
3115,-20.662372187573578
3116,-27.71572620753916
3117,-17.0445723092795
3118,-22.98976316704376
3119,-23.921255636843195
3120,-17.843764154423322
3121,-24.095176992044426
3122,-18.11579055766921
3123,-22.24794612652386
3124,-15.994787415461705
3125,3.858572849902714
3126,-9.12643201930479
3127,-23.070310579093235
3128,-10.544003579384185
3129,-6.853551217161499
3130,-8.95933718167338
3131,-8.095804623830201
3132,-3.2108501029966448
3133,-14.291320181483353
3134,-22.07116762278586
3135,-52.65386299774218
3136,-53.979379183526135
3137,-57.67862005236401
3138,-66.37110535402971
3139,-62.74999967538464
3140,-54.510837320755584
3141,-52.576556305180944
3142,-45.722086050225826
3143,-31.74021954661693
3144,-30.86899877861963
3145,-31.617180221540526
3146,-36.61007396721941
3147,-33.19311246217674
3148,-36.71215619096412
3149,-31.935098370881885
3150,-34.717188104132646
3151,-31.13479632147865
3152,-30.24110189391381
3153,-38.28597482361331
3154,-32.26742207170482
3155,10.533506103636029
3156,14.38870864992171
3157,-1.9678248357079724
3158,-24.96192429478481
3159,-28.392299110552965
3160,-25.044412173595855
3161,-22.36488035539953
3162,-24.65918591888153
3163,-18.413225970388535
3164,-24.688235915521513
3165,-24.478790954991066
3166,-8.34191857384911
3167,-0.5958760025659302
3168,5.435274176462045
3169,-4.1391340052581
3170,-1.4253222976598607
3171,-5.948232249274611
3172,5.782519939671374
3173,-7.181759582226448
3174,-12.502465336523699
3175,-19.803465265046718
3176,-11.352834994057382
3177,-3.78643594726244
3178,7.314939400909147
3179,9.643106520916419
3180,4.064694804970529
3181,-16.1787312675162
3182,-11.069521064950791
3183,1.6669705212093788
3184,-6.629379857730299
3185,-8.168131135145302
3186,-15.94891052334546
3187,-30.775189030889962
3188,-34.19620758370907
3189,-18.804963869445615
3190,14.99699910230224
3191,23.210955491916977
3192,24.655330993334147
3193,17.278229432442558
3194,16.84002383928153
3195,23.521885345775715
3196,10.205424857551733
3197,3.459359275143939
3198,-2.1453122759969148
3199,10.027658474469547
3200,3.2719246195828475
3201,-7.720996571246388
3202,-16.867836133598615
3203,-6.116431255050102
3204,-1.6868616994059522
3205,0.046228228130402726
3206,13.647934231822191
3207,2.718599762251486
3208,-8.92509243024152
3209,-4.860328891498952
3210,-2.8232761843812426
3211,-9.739203503230549
3212,-0.38013729546252506
3213,2.980699222898245
3214,8.267811561894526
3215,8.725450961850349
3216,0.96352759617087
3217,-14.451977134889155
3218,1.0433058643476372
3219,6.75832873085848
3220,19.445984232120637
3221,29.965101439268054
3222,16.00338364791135
3223,4.212630952287867
3224,4.156517983779082
3225,10.629524670852959
3226,8.12261365194982
3227,-0.5529701921567138
3228,1.053204156496669
3229,-1.0836164176409895
3230,-2.56285654579937
3231,-17.276617779440485
3232,-29.53563715883685
3233,-23.99185739349825
3234,-21.99464886980168
3235,-10.715994732217716
3236,-21.006415215119823
3237,-23.269897653703246
3238,-43.51036498749885
3239,-58.46263519357899
3240,-54.75597145940205
3241,-52.06899041361217
3242,-39.2290587984684
3243,-23.26676837718913
3244,-25.46156352792034
3245,-40.47515619151276
3246,-51.50474455464542
3247,-37.09399121223157
3248,-28.08057687241433
3249,-34.86772155758803
3250,-20.3526297845317
3251,2.1436498314815964
3252,-16.011506234193675
3253,-30.64917493703173
3254,-38.13663131872785
3255,-30.986838984070566
3256,-24.396877018991624
3257,-21.217120357281367
3258,-18.961774399626556
3259,-17.98059134861365
3260,-10.065224662261137
3261,-12.46374137219636
3262,-7.736917212840019
3263,-17.807520649798498
3264,-31.1098972704417
3265,-24.919798723779245
3266,-22.38327524383876
3267,-17.82115754007811
3268,-17.346816887910116
3269,-9.568974254536819
3270,4.652883546167622
3271,-1.2444051083460295
3272,-5.791696350634794
3273,-14.585389328160858
3274,-2.4493707782131366
3275,-2.791217973707539
3276,11.474615077993128
3277,-0.6143070755212747
3278,-9.752759184140466
3279,-26.220719529202377
3280,-15.2175320850613
3281,-6.031129163368497
3282,2.905261034422516
3283,-31.802487000989338
3284,-40.50670179003266
3285,-42.41237396615022
3286,-17.286172482734223
3287,-23.737412867656886
3288,-38.96208881099676
3289,-48.53521386917083
3290,-41.370565453234775
3291,-0.550019366139928
3292,-1.1619160747167925
3293,-8.912542950041079
3294,-3.6380069319248705
3295,-1.6283614732462937
3296,-17.036223310628692
3297,-25.162286600083213
3298,-9.551524564434182
3299,17.304693851410413
3300,16.84000751849576
3301,15.128743101050965
3302,24.196194908477572
3303,20.054874616537298
3304,19.915599142810443
3305,12.819882114961622
3306,6.782590265838117
3307,-14.218828531721215
3308,-8.702432889591705
3309,-12.274687553943522
3310,2.8523394623769036
3311,8.184378088609876
3312,11.012068244459996
3313,8.340482869130184
3314,18.36515457641594
3315,19.19134663383847
3316,15.386538730546995
3317,1.6292106007357248
3318,5.092551518473677
3319,10.161221973651116
3320,5.989083137664544
3321,0.9153585087374765
3322,-15.290232781793101
3323,10.74940471461872
3324,16.08489030140771
3325,3.1383352750060283
3326,-21.262524855742214
3327,-21.817140427133147
3328,-18.36087575821403
3329,-22.088967980449574
3330,-32.61401252776135
3331,-38.70908286741644
3332,-42.3317662905454
3333,-31.128650252510255
3334,-33.05202028460013
3335,-34.74031416072305
3336,-28.192855429029414
3337,-20.09214519012196
3338,-20.946099173492577
3339,-32.4879788538115
3340,-37.2858207178099
3341,-34.60242630205538
3342,-28.047624860124998
3343,-26.953990446990257
3344,-34.906243245950904
3345,-33.50455519845757
3346,-19.445659104786454
3347,11.668154294255665
3348,2.034526468006625
3349,-18.119592142822647
3350,-48.28622553930375
3351,-23.585293779303527
3352,-10.133801844797063
3353,-14.477389455170567
3354,-3.6181491893052
3355,16.1653894098918
3356,20.73158859285369
3357,15.949314637429765
3358,7.376802966830027
3359,-14.936591221201635
3360,-19.691918746004998
3361,-37.849087368438234
3362,-24.862718391427958
3363,2.772544308615366
3364,18.062497126931632
3365,-0.20547478290679067
3366,-12.505170519523102
3367,-27.08660170028924
3368,-35.32417982300234
3369,-29.475889268600444
3370,-18.25419085268172
3371,-23.450299474716385
3372,-51.83047867381239
3373,-68.11350930053831
3374,-50.748272212227185
3375,-52.23103156537344
3376,-87.68372443350954
3377,-88.53986437303847
3378,-57.225273385556974
3379,-17.323165460053016
3380,-22.10768826316146
3381,-31.187002648534726
3382,-35.752317794478785
3383,-15.170403561491145
3384,-3.197775520302187
3385,0.8736217809210558
3386,-7.490701835673281
3387,6.186112413786702
3388,7.005941723840721
3389,7.042258555462752
3390,3.9768485384940675
3391,14.850527392169184
3392,8.26497238745911
3393,13.594643475781723
3394,14.820427050565414
3395,13.522015577436008
3396,2.677980887691348
3397,6.2703583405804295
3398,0.12447330403276169
3399,-26.348329363188494
3400,-28.39664348243417
3401,-37.236127754371864
3402,-46.866850043187014
3403,-49.0592276989193
3404,-49.728565657529884
3405,-29.90905911614374
3406,-29.535404446352803
3407,-27.899727562746552
3408,-48.6632078559697
3409,-39.447976049653974
3410,-37.01849864126997
3411,-21.47689551167542
3412,-21.75180197461128
3413,-14.76923964224147
3414,-7.307562660524692
3415,-2.580899354357925
3416,3.4195950557753036
3417,6.1888167061721475
3418,19.64967192181912
3419,23.482377064245085
3420,17.279927730541758
3421,9.72797328064523
3422,-0.21059822631639236
3423,-11.810774874962814
3424,-14.042272690138699
3425,-29.75141830572934
3426,-38.89656183555627
3427,-50.782117968002154
3428,-45.22590605870286
3429,-42.576793587764286
3430,-38.392418919400455
3431,-39.64373461611312
3432,-44.20713165406981
3433,-45.78379752112032
3434,-38.096520147504364
3435,-29.330249930103395
3436,-26.012627533742677
3437,-27.58746134019059
3438,-24.164880362541272
3439,-28.944008360722545
3440,-30.862054102324077
3441,-27.89853349576965
3442,-17.254603286741183
3443,7.680623317072644
3444,-0.545170805198893
3445,-18.687556233023283
3446,-35.981455480778834
3447,-26.928033323636758
3448,-24.192350079490044
3449,-28.050751555725274
3450,-28.707939812617784
3451,-16.594597228010425
3452,-17.274032519165328
3453,-9.498370564531083
3454,-1.5649299270624795
3455,-28.241726561848008
3456,-30.879756155492498
3457,-32.16422914115056
3458,-14.54902475026567
3459,-6.620708243841587
3460,-15.738526471713183
3461,-32.44730059061857
3462,-16.509249255887536
3463,-14.390755336165132
3464,-22.528756037194217
3465,-33.92011990512525
3466,-39.923822692950566
3467,-15.991748730488023
3468,-8.598338873625078
3469,-24.674489280619877
3470,-51.23516666231334
3471,-39.82349850676215
3472,-37.96582561778857
3473,-36.36312113406214
3474,-34.228097752772555
3475,-38.98705359994831
3476,-38.90478025422358
3477,-45.041229269508975
3478,-32.279577909378204
3479,-15.671147950894355
3480,-10.725260538134282
3481,-8.106131069441066
3482,-16.801715659644774
3483,-0.8020628964821555
3484,-12.854737959695466
3485,-4.2832786154295235
3486,-3.085336200788177
3487,13.295570511760985
3488,-1.8131188879655156
3489,1.4437600030189799
3490,-5.223083386968739
3491,4.113274403448898
3492,9.426560907396706
3493,11.437299825855106
3494,9.009618358339182
3495,-8.20629360914442
3496,-0.5032163193550758
3497,6.620249496433772
3498,-2.8291777541594314
3499,-17.65276622314507
3500,-15.175225719794003
3501,-5.384368830643137
3502,-11.447271845264925
3503,-7.329617985301926
3504,-11.486290578943741
3505,-4.94608679436881
3506,-2.16555615120582
3507,-12.02914272001605
3508,-3.547576427698047
3509,-7.3443741374182245
3510,-2.1765674716588563
3511,-17.443459995925334
3512,-12.175004988858543
3513,-14.970561654669492
3514,-10.39322825126916
3515,-13.761447201380282
3516,-8.640404466111779
3517,-12.275552862923849
3518,-20.34041281987503
3519,-34.22382536841029
3520,-30.021588019552734
3521,-38.82675095173916
3522,-35.25673069740547
3523,-40.01824824810505
3524,-38.95113906220324
3525,-49.81790245340479
3526,-46.20792456717535
3527,-35.31013848279835
3528,-31.104748583241044
3529,-30.17782970295846
3530,-30.32051314173796
3531,-25.587386502094237
3532,-27.329731653465902
3533,-31.133457419673906
3534,-32.41103373844723
3535,-32.12038887943169
3536,-33.023741826995035
3537,-33.67727923314419
3538,-30.92447431391079
3539,12.751362313810105
3540,6.459985077017635
3541,-12.085582444042483
3542,-35.411359988582134
3543,-23.344755548186146
3544,-9.484114863340142
3545,-15.050199488580052
3546,-8.484395624755326
3547,-10.104538997996006
3548,-9.157496530707053
3549,-4.557061408880301
3550,10.996299354320385
3551,29.38260783878374
3552,18.54067754089408
3553,17.831795377210483
3554,15.536624642589032
3555,11.374915623835207
3556,1.5894958758950253
3557,-8.53203732049916
3558,5.828684230499377
3559,23.515609260851363
3560,33.31440796394179
3561,28.637256748494707
3562,6.215071821265909
3563,17.110596956986228
3564,13.220801183344065
3565,0.04828490598549706
3566,-10.557162804470355
3567,-28.104715772279594
3568,-31.932669540970455
3569,-2.4311603263889054
3570,21.41438827453682
3571,43.85659096100591
3572,30.2052937754832
3573,7.233885811512749
3574,3.903144519320904
3575,38.803376054163834
3576,52.327480285391346
3577,33.08385644697444
3578,3.3619660339435598
3579,29.283277828657532
3580,52.41372766787049
3581,68.89981324306603
3582,70.94810165190717
3583,76.92255763443316
3584,57.41107176698175
3585,48.52690726350836
3586,44.73970143513132
3587,54.315979636491534
3588,56.40126264613997
3589,55.94958780901584
3590,37.9700448177191
3591,18.834838198659128
3592,25.250445733011503
3593,36.31480206255097
3594,33.46675656571867
3595,30.172549216914973
3596,29.998770152773403
3597,30.29218823265265
3598,33.31003153519893
3599,37.04064071372875
3600,35.49005773531786
3601,42.14526332053174
3602,56.4748359182841
3603,54.40984678785796
3604,59.980047970612674
3605,62.491937712581006
3606,53.89617522571544
3607,37.20971031878115
3608,41.94558689300378
3609,47.269471727542665
3610,42.73123558764142
3611,29.143110240434297
3612,24.68302598696546
3613,29.058086038716922
3614,21.57377225109515
3615,3.4681326593993447
3616,0.4530081424554453
3617,-5.0752529555265085
3618,-5.662385801487321
3619,-17.012887199349034
3620,-22.677643112079277
3621,-28.397044513751137
3622,-17.474481837814192
3623,-12.71559047805501
3624,-23.317792759608597
3625,-31.15656501534041
3626,-31.13017396260928
3627,-27.581704364924743
3628,-34.30793284255634
3629,-37.6071948928641
3630,-34.67534655122273
3631,-27.522900802704942
3632,-30.193956472578538
3633,-33.40442128310919
3634,-40.266645815914345
3635,-27.33952857672583
3636,-24.63507936582477
3637,-22.94671429193841
3638,-28.025342987663354
3639,-24.414269812823857
3640,-17.43170665488007
3641,-14.499388720228506
3642,-11.81037604339961
3643,-1.5110765770519379
3644,-6.284281755714229
3645,-14.030413295981528
3646,-23.750782564888762
3647,-3.5533490225621023
3648,2.091353600722428
3649,5.73752508114309
3650,-13.501588893382849
3651,-9.066658705138511
3652,-10.56873384675379
3653,-10.362366655043136
3654,-10.059279442460141
3655,-10.300594524238928
3656,-1.3406143934502666
3657,-1.2616663881375985
3658,-11.128002419607835
3659,-4.853155417794383
3660,-3.7386705365652944
3661,-20.28943597297378
3662,-30.848548745393018
3663,-21.8236498547399
3664,-7.838978795472489
3665,6.184855655168491
3666,-11.29350258860038
3667,-0.5902086440030558
3668,2.2005593455659636
3669,-6.86922575202242
3670,-16.55699410496887
3671,-0.1766526906121868
3672,17.899401397851122
3673,20.402184279036945
3674,14.002218844246883
3675,25.713484908473717
3676,22.736863366513816
3677,18.24296824651192
3678,15.224094502517133
3679,26.874797989964037
3680,17.347470657815478
3681,8.669125033534044
3682,8.351274488992232
3683,20.521889792854196
3684,22.778786146045732
3685,15.102564458337227
3686,17.40258459339104
3687,2.0528866593583786
3688,0.4588522675055202
3689,5.958722720539143
3690,-18.935778823296335
3691,-0.3526887770174767
3692,-8.211780573660459
3693,-0.5975460986448695
3694,29.66756105993487
3695,10.189573853707103
3696,-25.890662979670605
3697,-2.621714663736171
3698,7.62289584680984
3699,15.35817352291933
3700,-1.03652866338318
3701,19.505995669620077
3702,-8.761739994179766
3703,-19.440751335876516
3704,-11.336250238438542
3705,-16.304992249738778
3706,-25.717127747611162
3707,-40.69041714047964
3708,-36.35315391933213
3709,-32.89718266017732
3710,-34.259442409918364
3711,-43.50692593145409
3712,-50.10826134379282
3713,-53.37749149710747
3714,-55.578293533497785
3715,-51.542921668176064
3716,-52.995650171582724
3717,-59.97606255422053
3718,-57.113579366987835
3719,-39.55645565944417
3720,-36.148769790810746
3721,-39.918058293090155
3722,-34.904373498063904
3723,-37.83445403228929
3724,-36.16816898563819
3725,-36.60081927930396
3726,-34.293797551948145
3727,-32.6396057636238
3728,-30.252899001562817
3729,-23.904622990414826
3730,-18.440861463125376
3731,-10.76766821983448
3732,-14.989308127962648
3733,-28.497434614510883
3734,-43.7183170609333
3735,-29.871273817703607
3736,-29.65601730943376
3737,-31.798882999508972
3738,-35.669967509674024
3739,-24.821338959675597
3740,-26.31528293637386
3741,-25.5445613696029
3742,-29.672331947720362
3743,-39.901933184406005
3744,-47.09544630755465
3745,-32.173542054814334
3746,-50.6641327858174
3747,-50.506751568934774
3748,-36.07920839249944
3749,-47.442446402876456
3750,-29.665805665286587
3751,-30.63512445603619
3752,-45.41393103500731
3753,-43.76608079056764
3754,-43.58276245035178
3755,-41.78725649536929
3756,-38.83667481723862
3757,-47.804106136276545
3758,-42.874774566044636
3759,-38.3434019979815
3760,-38.713574903653964
3761,-30.67331895539768
3762,-38.174550149874804
3763,-63.703183185958665
3764,-46.30127445836365
3765,-49.810351028684096
3766,-36.923846187008934
3767,-19.83810284388323
3768,6.626747950373385
3769,-7.401851199185554
3770,-19.05056543167657
3771,2.2852416061862186
3772,3.9967344956026523
3773,1.6033012697847653
3774,0.48919621149016734
3775,8.127106965818385
3776,19.136642679463833
3777,36.79744690454258
3778,35.16297167763638
3779,26.490118662169863
3780,42.238576247979296
3781,53.8858172421952
3782,49.86981091701517
3783,23.114505925958156
3784,26.537455012971634
3785,26.891478919045824
3786,20.62103377478485
3787,8.058431475200905
3788,14.679324798133962
3789,30.262226011347025
3790,41.43615870313465
3791,55.999785058043216
3792,50.19334153252092
3793,34.75751587219489
3794,36.58651478319459
3795,30.467500358015116
3796,28.179999924863807
3797,26.91791173049478
3798,32.254201173689125
3799,45.65414598305968
3800,34.01173669350278
3801,15.661048032337433
3802,9.82651095010057
3803,26.839264767343295
3804,32.80553540926586
3805,23.19643711603895
3806,7.570353627841413
3807,7.506287167938808
3808,-31.813155034931302
3809,-33.58992225207416
3810,-32.259237282265445
3811,-47.207769881622866
3812,-40.53799783354664
3813,-18.16966498997972
3814,-31.94850050777161
3815,-38.731565967112985
3816,-24.80587790152926
3817,-35.62137449673945
3818,-25.437655815786872
3819,-30.106092901711317
3820,-33.14665267866587
3821,-27.946381642577787
3822,-23.198729882173378
3823,-7.40559532736005
3824,-13.568711309800097
3825,-11.386892613621615
3826,-12.272341902197088
3827,7.109039105069741
3828,12.034280747812204
3829,-2.9670348461484366
3830,-10.401186456374948
3831,-10.0937934714192
3832,-5.02777867696993
3833,0.9748088212355697
3834,-13.14030925062583
3835,-4.198863919520221
3836,-19.57718122492062
3837,-18.08975838089091
3838,-7.214798077051025
3839,-3.3349185429572543
3840,5.951080554690961
3841,4.903370490825367
3842,5.716157671113493
3843,11.924706442897673
3844,11.580584627012513
3845,7.766524884122418
3846,7.694204939217798
3847,7.183217110146877
3848,5.48627128216885
3849,7.306959615413412
3850,4.329085378141606
3851,1.9775541978026894
3852,-0.40759554014074695
3853,-8.535009180909398
3854,-7.164513285029116
3855,-1.4537757883491054
3856,-11.663085773203505
3857,-13.823082583118236
3858,-12.3188348335689
3859,-11.54401860985071
3860,-12.565655005492161
3861,-16.19872551646118
3862,-15.80237661517954
3863,4.254008047978964
3864,8.253443284277743
3865,-0.9353754526811784
3866,-3.056133268754486
3867,-1.5444766051853804
3868,0.7074193802450139
3869,-3.7279144983406383
3870,-9.989125036437386
3871,-3.493059107910341
3872,-4.9237562547033065
3873,-0.2763081134118295
3874,-0.6138042327646076
3875,18.996529224293496
3876,27.330512381610035
3877,27.4503132134504
3878,16.063088261650606
3879,-8.007961512121895
3880,-11.377312196805846
3881,-5.465992893445744
3882,-1.0411931864226034
3883,-11.599250504915851
3884,-15.08546986106861
3885,-9.194266347330618
3886,-8.104547007816102
3887,-12.229321541033478
3888,-17.869804884468586
3889,-16.64959972522758
3890,-17.23453048103017
3891,-16.380887268528838
3892,-20.940036037621823
3893,-15.984232612814893
3894,-5.9377050985238355
3895,-14.975165598211419
3896,-16.882982236175025
3897,-15.135749754870943
3898,-18.09796218801526
3899,-29.318724838323156
3900,-25.68540054321607
3901,-37.44922898608211
3902,-38.680728286917734
3903,-58.54629353927463
3904,-67.74033253185759
3905,-83.73047280990171
3906,-90.50366216837726
3907,-75.48659598815337
3908,-71.65134406843362
3909,-67.49153652524367
3910,-61.948024909739694
3911,-54.39811208771778
3912,-47.158656032018
3913,-35.84021681337032
3914,-37.32011299322809
3915,-37.14108984225965
3916,-40.98115508672809
3917,-21.709117478158937
3918,-20.931316739101824
3919,-31.790434754700758
3920,-31.372958438495576
3921,-30.40128567931021
3922,-39.645659490144624
3923,-21.40982547683224
3924,-11.886462229935447
3925,-16.402965524860164
3926,-28.108752870229168
3927,-14.494132801874905
3928,-20.702498889663183
3929,-17.768907073765284
3930,-31.284849566443903
3931,-14.428061231075851
3932,-10.937265872710817
3933,-17.72779297697469
3934,-16.993525055421806
3935,-12.42611633525518
3936,-3.5077439277528626
3937,-9.390484261093881
3938,-15.688005135931085
3939,-30.406359573860705
3940,-30.23153947355656
3941,-18.876385047621575
3942,-12.69583809726786
3943,-6.874869872259836
3944,-14.124847617707331
3945,-13.024123925960083
3946,-10.626093364221958
3947,-13.561704758516719
3948,-15.326278866061234
3949,-17.559366621680017
3950,-7.1478447754599514
3951,0.9418281767128391
3952,-1.4424310513494234
3953,-11.404722305695579
3954,-18.10290139668968
3955,-28.76983289653284
3956,-34.48613132192829
3957,-18.466478863804433
3958,2.674583891495338
3959,9.017438389305298
3960,13.953378144498132
3961,8.285762954683221
3962,9.64067607837005
3963,25.894616507966283
3964,20.27873174807892
3965,19.158738764856174
3966,15.145736097813689
3967,38.952187559646646
3968,30.734315590870423
3969,37.13873576055987
3970,28.878732813972547
3971,34.749306115370544
3972,42.47944076850048
3973,53.17887296546222
3974,51.60424581484891
3975,25.20259777154508
3976,28.23331234174323
3977,28.660244756796416
3978,23.02853464311213
3979,41.76049386100196
3980,34.558213811551255
3981,14.489382655862613
3982,11.472305101602672
3983,27.71846410169401
3984,15.394197592021285
3985,26.2433814989459
3986,42.681816170443525
3987,30.810462668277964
3988,7.575897456822624
3989,30.808756639491563
3990,16.578324296741478
3991,-6.832302201182195
3992,31.142106167473926
3993,-1.5614933632116177
3994,35.55046188181767
3995,7.1430599491352496
3996,-7.514333737438335
3997,-10.76689321443294
3998,4.392793543763503
3999,-19.543655104979216
4000,-18.494879343428174
4001,-33.712748680793474
4002,-25.145047322334072
4003,-28.92277000566233
4004,-38.92201433012812
4005,-46.26103956545998
4006,-32.57069741199089
4007,-23.876318100540608
4008,-30.255050204629278
4009,-25.452052402964007
4010,-23.103760314386854
4011,-20.41779758024815
4012,-21.94105261714948
4013,-25.44478342375858
4014,-23.569602988061163
4015,-16.83304120710029
4016,-18.427314642568017
4017,-22.65955029617832
4018,-21.793587042976366
4019,-14.679951093149974
4020,-16.953221331376305
4021,-12.155200964686223
4022,-14.410252328129324
4023,-18.29348311240045
4024,-15.762053762902212
4025,-16.73692846783257
4026,-9.530424073998432
4027,-2.2633794431764755
4028,-4.296965987739881
4029,-6.880542146631413
4030,-6.036914132439719
4031,-23.147629816344303
4032,-20.80711741050953
4033,-22.617252620362304
4034,-10.319647008286037
4035,-10.227000544038543
4036,-23.95439656693817
4037,-32.50987289000166
4038,-28.53899833182798
4039,-17.88807480958423
4040,-15.209178340527448
4041,-23.793215089164793
4042,-31.86546198493551
4043,-23.636602470626595
4044,-21.772471084562053
4045,-27.95961180354794
4046,-35.01658060698852
4047,-35.360200910247485
4048,-38.00908015723088
4049,-38.89797922148061
4050,-34.838402253829415
4051,-21.411629829497453
4052,-22.488783782208966
4053,-33.20809728580002
4054,-38.446516436773265
4055,-16.104622611715588
4056,4.145978115552964
4057,14.726088963214835
4058,8.18324833625789
4059,10.335718591742875
4060,9.684184720132464
4061,11.869326679652858
4062,6.559146888907492
4063,10.748432015440628
4064,11.878632815321438
4065,27.742206607760735
4066,27.655082299217796
4067,26.228235891300557
4068,13.823629266050858
4069,11.616023899240702
4070,15.301357889690536
4071,-12.166612771600366
4072,-18.377055024420454
4073,-9.27659741487022
4074,-8.46624480533799
4075,-40.00338250198561
4076,-23.37120976765812
4077,-9.588132730144824
4078,-18.136907565518644
4079,-17.888897484274043
4080,-9.433469994463866
4081,-13.328662778552474
4082,-7.246295549964959
4083,-12.798425933156633
4084,22.59638613258332
4085,6.5325443126245375
4086,12.712980540966015
4087,-6.354999605200629
4088,21.6712540164594
4089,13.6835458390495
4090,9.62100005967524
4091,3.0459573495944454
4092,1.4137559206678674
4093,10.50780340939609
4094,7.976435208760435
4095,-6.187819068271434
4096,-31.581684320239074
4097,-43.13793599989802
4098,-38.1040153319334
4099,-34.13798913603139
4100,-46.02508885532495
4101,-52.7584843202755
4102,-48.418429989263416
4103,-44.83490792783566
4104,-51.91156245508641
4105,-44.965035310518616
4106,-51.58306996253934
4107,-72.13676405753172
4108,-65.28508618647531
4109,-54.86051675440724
4110,-33.934141617253474
4111,-24.03839575114044
4112,-30.294194675739174
4113,-34.004466095996676
4114,-36.814335535328226
4115,-28.0908092164191
4116,-29.23430570261456
4117,-35.95565014455437
4118,-30.180436568263584
4119,-20.19715640089675
4120,-12.622636914064064
4121,-17.12555644791576
4122,-27.047729532418206
4123,-19.484479780027154
4124,-29.239716438600475
4125,-22.252353645438486
4126,-2.7752944217091624
4127,-28.664795673278785
4128,-33.56032333959344
4129,-35.99463944448077
4130,-29.47011794627529
4131,-19.43355176311152
4132,-28.62315813542426
4133,-33.183326497053145
4134,-31.421781832270252
4135,-24.435022354840715
4136,-24.15283895908532
4137,-35.33398634811003
4138,-35.93979659274355
4139,-27.41850902883017
4140,-25.290913288235924
4141,-28.61257832785027
4142,-25.687997896068833
4143,-21.70734388804649
4144,-26.982734261537527
4145,-38.87422596507295
4146,-34.31248249100986
4147,-26.43802345025564
4148,-22.644572119385497
4149,-26.433331366443564
4150,-28.14315181605927
4151,-19.570408632487872
4152,-18.06148710860626
4153,-17.57792887659028
4154,-18.93991419013847
4155,-2.528022919248613
4156,-8.600574613866865
4157,-17.254419806649206
4158,-20.956982755230353
4159,-15.953984547220696
4160,-25.96626358759468
4161,-29.846887051404305
4162,-32.544425331604
4163,-27.813439906274038
4164,-34.15929894001336
4165,-35.01140249080562
4166,-39.94144092156246
4167,-60.6213395156003
4168,-61.25789274462316
4169,-41.03182604074418
4170,-42.927684495548746
4171,-80.31799458777077
4172,-76.68426004027911
4173,-46.06096251676308
4174,-35.938860888062194
4175,-29.241043986122353
4176,-24.98708084127293
4177,-16.508184130171063
4178,-1.418856205657974
4179,-25.514408845526685
4180,12.732714838305085
4181,11.890206129076901
4182,22.022416503909213
4183,-7.5308644641804925
4184,16.205475593781273
4185,23.695860900875545
4186,33.13315689358771
4187,8.736900036769384
4188,9.433380055236626
4189,19.829676916623896
4190,22.41554242135072
4191,-4.755793975071455
4192,-35.71032917290226
4193,-58.27741113583794
4194,-65.20341021830576
4195,-69.1231915397185
4196,-79.24129859613187
4197,-82.69773435138147
4198,-77.35180076880663
4199,-63.27690610033187
4200,-63.39609635584961
4201,-53.17942836595759
4202,-51.68000658867868
4203,-61.59269172013331
4204,-53.337582921767854
4205,-57.14661337777347
4206,-45.43909656569259
4207,-49.16952861627104
4208,-47.950186190253845
4209,-48.622506133517646
4210,-41.96332008620405
4211,-32.09643380363396
4212,-24.62475118228836
4213,-18.158503915600175
4214,-18.97298688685414
4215,-29.49765953659166
4216,-29.97549828906556
4217,-33.93418124737816
4218,-44.19620859450844
4219,-32.87188177090559
4220,-33.63989098535748
4221,-23.324301969811078
4222,0.23075422170727222
4223,-14.72220521783007
4224,-19.35654926534338
4225,-21.806414343666663
4226,-16.76725228447845
4227,-21.00742576672504
4228,-21.182089952046187
4229,-19.011068837789526
4230,-23.866759621042394
4231,-16.181550336702553
4232,-22.499927798717135
4233,-22.271036741843584
4234,-32.78505402195462
4235,-30.72308274245108
4236,-22.42208278380679
4237,-27.139215092882065
4238,-30.03488825381805
4239,-25.0978360927348
4240,-21.77676703738941
4241,-25.897654188721408
4242,-26.53589738673249
4243,-18.75402836082984
4244,-15.071634393914596
4245,-22.98767803513042
4246,-24.86036710363695
4247,-4.269035267246181
4248,12.325126139154207
4249,14.344578216386282
4250,10.88351889646313
4251,24.69763655757609
4252,27.587594306702442
4253,21.287480728038247
4254,17.777350353258925
4255,30.52188396794365
4256,31.00463563183773
4257,34.4536171176146
4258,35.122036700241935
4259,38.036068021326
4260,42.68633588818989
4261,42.61832912828959
4262,34.228285193482066
4263,14.647264516819035
4264,12.293478953709695
4265,14.313865809697035
4266,-0.04858279204276528
4267,-14.436445048609908
4268,5.160408714509273
4269,13.42212515025193
4270,2.129472456447573
4271,9.159612503950257
4272,4.221047668977064
4273,1.475612099073885
4274,17.871447712833913
4275,0.4963622264348544
4276,23.552398090458468
4277,20.6011437998296
4278,44.158148385764235
4279,25.856904658784273
4280,43.7471288313631
4281,30.82307276741095
4282,31.09890728363574
4283,-1.015886694656544
4284,-13.468621887377576
4285,-8.377229093579597
4286,-5.762258201355433
4287,-20.450533825425115
4288,-31.04437365723945
4289,-36.69349578611218
4290,-47.1377499042533
4291,-44.77934501697292
4292,-47.00350860384581
4293,-38.00094809190152
4294,-40.31721606787694
4295,-29.493823689442667
4296,-46.72125886867643
4297,-37.51559159777305
4298,-37.5591274956971
4299,-40.664804085394536
4300,-35.12266033538481
4301,-39.37481939576031
4302,-23.793211087636845
4303,-23.809415002577953
4304,-18.402616716799503
4305,-20.814211218750575
4306,-20.649836148229628
4307,-13.162681023659477
4308,-7.990473315180342
4309,-4.677417132251662
4310,-8.33211166167428
4311,-17.01203613721135
4312,-12.058644684725333
4313,-6.031344165335081
4314,-5.370998853278206
4315,7.107709531779676
4316,0.5807432936761074
4317,8.024499288785762
4318,35.45075490971692
4319,4.623562539115895
4320,-2.1971434196325816
4321,-7.74533583672822
4322,-3.5503179488922427
4323,-0.314784552036258
4324,-3.860465608955053
4325,-5.655950678264649
4326,0.8382842951325529
4327,7.427032226682414
4328,2.6555830457113814
4329,0.7944995644561459
4330,-0.5293342603035001
4331,-8.220628607586509
4332,-11.07697472393436
4333,-11.661089351139953
4334,-6.015561837786112
4335,0.60209144785793
4336,-3.028170136954742
4337,-18.497958146082315
4338,-23.6812904951743
4339,-8.353165056973996
4340,-2.1827774684092986
4341,-10.668889999553404
4342,-19.96292107768581
4343,4.852490418217727
4344,2.617368455914445
4345,-9.127703027889549
4346,-18.04102245831883
4347,-0.23726765042603404
4348,2.9775639813054653
4349,4.323775971091962
4350,-5.87892618440647
4351,9.684579783615732
4352,12.80872478630883
4353,10.493541043844232
4354,0.8322512771286483
4355,5.050836943748791
4356,3.3649614227334013
4357,14.888886940469362
4358,12.664752847723847
4359,-3.7839693733510984
4360,-9.977177491043154
4361,-13.877245008191313
4362,-9.620708955061662
4363,-19.831729901419177
4364,-15.05393922443795
4365,-22.208690860670114
4366,-26.38807405014364
4367,-28.880664832157503
4368,-15.663707632123032
4369,-13.266731793931353
4370,-5.367401270600862
4371,-5.615904091579171
4372,-0.07500824469995848
4373,11.472618411815475
4374,19.13287791945514
4375,5.6777602652532835
4376,2.505689263672508
4377,6.05489952518721
4378,4.6716219490257345
4379,-3.726791036860817
4380,-9.615107789604107
4381,-10.306021193803414
4382,-13.420052852133178
4383,-32.805042112014135
4384,-44.32359290505612
4385,-53.99568644650124
4386,-71.54460928348327
4387,-78.55138483147792
4388,-70.49849620118161
4389,-78.50843822395379
4390,-59.4885941056686
4391,-52.10207798373625
4392,-39.40537951621303
4393,-51.6855713230193
4394,-47.74801532526635
4395,-47.7375224589119
4396,-53.412180641916805
4397,-62.85349736589383
4398,-56.62960903661342
4399,-40.755774987994734
4400,-38.49556902626794
4401,-37.39023714744096
4402,-29.099387229359515
4403,-11.68675058126782
4404,-6.625043709079751
4405,-18.244189105950444
4406,-27.57499862367978
4407,-24.219140807719295
4408,-16.565649821170435
4409,-15.74525263344793
4410,-20.23724926457879
4411,-20.21849167081798
4412,-28.258727688864848
4413,-27.5979861134286
4414,-21.515325428277787
4415,-31.3196199504431
4416,-38.024994711052386
4417,-32.79677232932801
4418,-22.960288105896584
4419,-18.228656390261296
4420,-22.49858478399678
4421,-22.017081752115832
4422,-19.01544957224475
4423,-19.718973476024853
4424,-26.607745333691337
4425,-37.76617835921117
4426,-32.109572996485426
4427,-29.902176787170166
4428,-33.21060713047538
4429,-41.83736577371414
4430,-48.68838966656392
4431,-42.331843845265
4432,-28.44478221795764
4433,-24.36642243253856
4434,-46.65088924857797
4435,-42.95830901557699
4436,-36.838477323844046
4437,-37.570413296063236
4438,-41.31324743393043
4439,-11.589444499143863
4440,-7.237556718152174
4441,-16.76864397191684
4442,-34.74001760532107
4443,-26.720608975186938
4444,-18.036105508070197
4445,-7.0529339663446855
4446,-11.348472659149852
4447,2.1855687451662362
4448,11.361996451209976
4449,17.016030823437305
4450,4.055332816248054
4451,1.4009862037827077
4452,2.472060729464914
4453,12.974907639479227
4454,16.627191377499685
4455,-18.41052864990147
4456,-25.118766279127275
4457,-27.208576157735994
4458,-24.838934580118693
4459,-34.37288242422166
4460,-45.55102779908027
4461,-50.91800924158282
4462,-27.665474748288613
4463,-18.56147795104462
4464,-15.21502104127708
4465,-12.954723892156235
4466,-2.517389335883564
4467,-8.40509429287778
4468,-1.6305268782220423
4469,-10.801042196118264
4470,-8.002654761654814
4471,-9.330126859368011
4472,1.3829327734584496
4473,26.723163876579022
4474,34.21772900546223
4475,15.851531890803457
4476,4.050891045995215
4477,-2.106291379973513
4478,15.853480086486897
4479,-16.93896963339063
4480,-40.19384365555197
4481,-58.46385694823823
4482,-52.69946721655728
4483,-31.310632431744562
4484,-25.34773151687325
4485,-32.33751359521155
4486,-39.04644764350503
4487,-31.92922991743608
4488,-28.51017094897971
4489,-30.216776276434036
4490,-25.302621324091195
4491,-24.03687699578847
4492,-44.10366510571609
4493,-63.35899449809716
4494,-35.55188430457804
4495,-16.332718002688257
4496,-23.107796093823953
4497,-36.45983039355027
4498,-26.379860636720384
4499,-9.261075978419061
4500,-19.430996932459667
4501,-24.372505332183895
4502,-42.158805297847664
4503,-32.93800511051866
4504,-38.57735700199869
4505,-27.277377097213115
4506,-26.982264409409122
4507,-3.5433662171864455
4508,-3.1467984878321715
4509,-11.442929288851612
4510,-16.956162375812337
4511,-10.413066020716556
4512,-14.938013404847382
4513,-15.127891102505473
4514,-7.933004652442136
4515,-8.890347444954102
4516,-15.31451895784042
4517,-21.209893809805806
4518,-8.786793755740177
4519,-2.5351874318790735
4520,-0.7574844780247858
4521,-11.153123067659031
4522,-13.992750691838829
4523,-19.776800730639238
4524,-30.791204745825876
4525,-48.821010538746194
4526,-46.7793031445709
4527,-32.14841776441875
4528,-22.79072868743006
4529,-25.601739952690338
4530,-31.122728423188533
4531,-32.70240914694365
4532,-33.586448475279454
4533,-17.30435628200435
4534,-11.239802416017326
4535,11.835281077375086
4536,25.029565554327874
4537,21.129686747764325
4538,6.664361672935648
4539,13.344546907077401
4540,20.52365162278626
4541,12.260137994074384
4542,6.75819547641693
4543,12.924490412565405
4544,3.9675825232636726
4545,6.261760352653681
4546,1.7227620398727197
4547,10.164520752109198
4548,2.5719047134234785
4549,7.279647359266008
4550,22.425786983924255
4551,9.519286952592168
4552,2.5065352072947604
4553,1.6212809533243586
4554,-5.61316947124071
4555,-14.511295646401088
4556,0.8570255278783421
4557,4.845985490496311
4558,8.125221172218922
4559,-0.6538409588446896
4560,-5.3654455282428515
4561,0.2745885743028609
4562,13.008331703395683
4563,9.509661700659777
4564,5.60015131639544
4565,8.003269938247982
4566,18.163859554311173
4567,12.56254397768842
4568,18.053666261255415
4569,20.906297370653732
4570,28.233394048270412
4571,25.46863368860744
4572,24.83836454428024
4573,29.013516920627808
4574,22.917109099209597
4575,0.4633093842191016
4576,-11.709346072890227
4577,-21.45626808138367
4578,-22.913687451585574
4579,-24.217775156996304
4580,-30.999624367565495
4581,-29.824719500409678
4582,-24.94408592030674
4583,-23.35280886502332
4584,-26.142770383905344
4585,-33.158845475588095
4586,-33.06041575757516
4587,-23.92666575046207
4588,-33.314052862369216
4589,-30.170147321603686
4590,-30.45682514136508
4591,-25.453853526882714
4592,-27.790417748137944
4593,-35.66897279977607
4594,-32.97225802004073
4595,-23.784276439275615
4596,-36.21291036461686
4597,-41.639792048105434
4598,-42.98804824261025
4599,-34.78788440464631
4600,-37.66873069737178
4601,-39.94829441478614
4602,-35.85259102547331
4603,-35.979333897646946
4604,-32.63059626558027
4605,-42.10773934814362
4606,-36.316384588443135
4607,-25.00751856568626
4608,-24.919183860066816
4609,-20.476415411573207
4610,-23.210388111790472
4611,-24.014884117506263
4612,-26.231559455046344
4613,-27.954989598005433
4614,-21.535597058029943
4615,-22.667621217848534
4616,-22.40194042077428
4617,-26.937101860014877
4618,-34.46955063368705
4619,-41.038725951386354
4620,-43.06343404829525
4621,-46.46854984579335
4622,-39.21359238265033
4623,-28.11865397819887
4624,-23.03775494352687
4625,-27.182806696254296
4626,-30.711753908347198
4627,-38.084402632613184
4628,-36.04772543094432
4629,-33.8114782610591
4630,-20.23170978546903
4631,-20.28077387369082
4632,-27.0463313520753
4633,-26.082207140863545
4634,-31.139089968498652
4635,-21.810654315401926
4636,-38.183721151741544
4637,-39.80033786816599
4638,-46.555265053450135
4639,-33.36355707820318
4640,-43.67550800389461
4641,-24.30429373564366
4642,-14.37742593805843
4643,-25.273358284243493
4644,-38.54294590260641
4645,-21.74337930732755
4646,-0.8499261726445511
4647,-9.559408521231823
4648,-17.208933915978598
4649,-35.423810067897186
4650,-35.70623220227338
4651,-43.73634294047582
4652,-13.682938036192866
4653,-17.53338353278434
4654,-18.958526533924214
4655,-12.419539636393054
4656,-5.704224781954238
4657,-11.30072226638272
4658,-7.347594614213577
4659,-10.82102872254432
4660,-22.8148283832773
4661,-38.201262611795244
4662,-26.73514397127877
4663,-39.36568891885597
4664,-43.57317728684766
4665,-23.85150001729867
4666,-0.4718850112127839
4667,-13.643402197561812
4668,-27.280748619189353
4669,-20.38739104077905
4670,-12.106127235366898
4671,-28.67318818108975
4672,-42.197743915632536
4673,-42.48353551477995
4674,-47.693679938662136
4675,-40.04177498522563
4676,-32.633361338748784
4677,-34.841100539483506
4678,-36.32177219274041
4679,-25.76313806284478
4680,-31.973801560766454
4681,-36.77262988518647
4682,-39.2644544718163
4683,-29.28417112297838
4684,-21.297862122500717
4685,-18.73503453635054
4686,-32.4135786018948
4687,-23.66586766699997
4688,-33.44935241275972
4689,-36.84598615346779
4690,-44.27943573048698
4691,-20.448080487281622
4692,-15.698891656602363
4693,-32.0064952203121
4694,-35.67779354677534
4695,-47.009256326388424
4696,-50.08130492253861
4697,-59.32953081170717
4698,-31.15891059988172
4699,-53.381739535379126
4700,-55.145209036709815
4701,-57.920212579574766
4702,-33.16865286591421
4703,-36.929908810835144
4704,-39.48943896072501
4705,-26.36063879306837
4706,-3.9529994329850524
4707,-0.17672032919351466
4708,-14.541287503417447
4709,-14.95372331705779
4710,-20.507927149945612
4711,-30.87486087395965
4712,-37.35655479627232
4713,-25.02857655018659
4714,-15.612461974919203
4715,2.41644385790093
4716,-3.449224357626065
4717,-8.709454766097306
4718,-14.632619516205235
4719,-6.947703773181171
4720,0.7135087215980747
4721,-5.823099643835956
4722,-6.812452783750199
4723,-13.561620833073501
4724,-12.576320869252609
4725,-23.303941675080804
4726,-26.066297552792886
4727,-13.290687701862641
4728,-18.339575109259062
4729,-20.726047787458345
4730,-23.925805948589858
4731,9.422893679039646
4732,42.658865796648996
4733,48.99403758576071
4734,28.78370321046461
4735,10.824964668941604
4736,7.042091593874048
4737,19.94858670062807
4738,32.26037842822278
4739,42.128882692450446
4740,34.8826786901283
4741,30.75074828816659
4742,24.598287816502904
4743,5.044531265672845
4744,6.480561290562434
4745,-3.6626649275044656
4746,3.4153989094140798
4747,-13.812192188251462
4748,-21.9454461607823
4749,-27.616848053180153
4750,1.276262572565031
4751,10.80168228960244
4752,34.70383221808507
4753,41.075899318846865
4754,42.91168288143476
4755,15.3343932501827
4756,4.685226423321183
4757,-4.073071997374484
4758,23.779562745361545
4759,14.222878074770577
4760,17.107221023940284
4761,20.582720389593206
4762,18.98375327532183
4763,-9.732093550083963
4764,3.6306421441118317
4765,18.003108488288873
4766,16.29789481888143
4767,-9.578968819327994
4768,-1.0615847737033732
4769,-2.9515365796258948
4770,-17.636564682713978
4771,-13.033600316680921
4772,-23.379004263772917
4773,-20.195002330184995
4774,-21.93829885358659
4775,-27.907753508984438
4776,-50.75541036744245
4777,-45.45985032828973
4778,-45.12006989184603
4779,-50.19618619715577
4780,-48.11582893638327
4781,-42.28080005948733
4782,-38.87079423003938
4783,-26.84137205736148
4784,-29.170803937829998
4785,-41.62897232508614
4786,-59.75403374460943
4787,-30.974313846849267
4788,-24.0334080663101
4789,-30.209989950172936
4790,-53.99355551009489
4791,-32.20690696489322
4792,-21.866752098325097
4793,-12.248566262529668
4794,-13.614432547056314
4795,-2.7792841395664425
4796,-5.790588025448638
4797,-2.253036164392512
4798,-4.690110486449129
4799,-33.64135029238348
4800,-37.38678698961304
4801,-36.20044694275451
4802,-32.34984783586974
4803,-22.829056113545786
4804,-12.148587479594479
4805,-19.995321529796396
4806,-35.97643872128836
4807,-29.012225319513067
4808,-20.063627127105054
4809,-24.801854181234194
4810,-30.39919543773208
4811,-14.199705159097856
4812,-7.295526735104897
4813,-13.659428179309327
4814,-30.71251025295801
4815,-30.34004454871737
4816,-27.08948802567866
4817,-19.904770849522063
4818,-27.831814655579162
4819,-11.524966049428155
4820,-16.199736924731848
4821,-27.096102912272084
4822,-36.51426912011202
4823,4.014399334144613
4824,22.571255682381818
4825,23.130698719079234
4826,0.9242849827317201
4827,5.82319773047702
4828,11.789910983920194
4829,9.392668212644011
4830,-3.0917912550059015
4831,0.8366544129485476
4832,-9.739034368849612
4833,-16.82101617793199
4834,-16.890229004362876
4835,-4.303095771462623
4836,-22.502696129002896
4837,-33.75149433537753
4838,-35.02767791547696
4839,-42.59042758500816
4840,-46.57570262963485
4841,-52.690559650535576
4842,-52.29994095762508
4843,-58.57074304622585
4844,-70.26029785922594
4845,-68.20642208894623
4846,-45.16293486211395
4847,-24.185378891641395
4848,-41.84150116097834
4849,-48.22546042568457
4850,-44.41933324136449
4851,-13.919800245311603
4852,-14.524606723800002
4853,4.183845329167681
4854,18.798665265578094
4855,19.37408066771897
4856,1.6647564301416935
4857,1.295169395894817
4858,30.455493678168096
4859,17.98361537083906
4860,24.823416046200236
4861,14.855275668078605
4862,16.502290489835104
4863,-12.451078865028233
4864,-22.234505146170687
4865,-43.91162582543784
4866,-65.03506949356286
4867,-68.33407354964555
4868,-87.94159317173636
4869,-88.18467697518354
4870,-83.09001064575101
4871,-77.8924299442831
4872,-84.83317466271737
4873,-83.51196212185667
4874,-83.06958900811082
4875,-78.39136927265233
4876,-72.36323761382985
4877,-69.98838856477337
4878,-76.59560850926007
4879,-67.06589519929275
4880,-60.41149448094848
4881,-45.9597442551665
4882,-53.25584835944417
4883,-32.51057304664617
4884,-23.95516204596667
4885,-21.46039579736863
4886,-33.927407156080776
4887,-36.94215861189609
4888,-39.178962042169346
4889,-48.90038459889217
4890,-38.123333385054636
4891,-26.314241623994636
4892,-26.55760769638346
4893,-28.422953641257298
4894,-20.29192361075042
4895,-17.479566597027688
4896,-9.831620763238593
4897,0.5856972044051361
4898,0.7565854458259196
4899,7.08423372456177
4900,3.3272910611264166
4901,0.27995405092828207
4902,-11.552039188074946
4903,-20.547049500370047
4904,-14.26971296641359
4905,-18.997820603997905
4906,-19.724046246342578
4907,-12.479658505275044
4908,-9.760918863246733
4909,-4.584081158466347
4910,1.173779329966436
4911,19.91039285305517
4912,10.883627934916987
4913,-21.59319790137666
4914,-25.203416707117658
4915,-21.537828745701237
4916,-15.058063523637689
4917,-12.81369237989458
4918,-8.112284370873798
4919,12.381468483166628
4920,7.312068320612951
4921,9.576260549770439
4922,20.358953746575395
4923,44.385503466698765
4924,29.11323493678961
4925,8.662551753987657
4926,3.3321513250899955
4927,25.551791853786867
4928,12.351147714561577
4929,-0.9079749821170395
4930,-25.149899953704352
4931,-27.065914923952963
4932,-21.107535504250738
4933,-10.060247208475634
4934,-17.84829059750712
4935,-29.029477014324332
4936,-27.790747735277282
4937,-25.911834513843505
4938,-22.191509556405013
4939,-29.022450761043313
4940,-31.740112492206304
4941,-29.22708844716514
4942,-16.767261472288833
4943,-2.858493613699011
4944,10.88456279688802
4945,7.434261427967783
4946,5.906122162689371
4947,-6.192164570420832
4948,-0.3332469922889061
4949,13.492209358519858
4950,34.33477274249907
4951,17.772126604676075
4952,15.646387848461288
4953,11.958731024838002
4954,19.246170298930835
4955,4.350053361631595
4956,14.910241043233057
4957,20.513986596902456
4958,10.424737612035372
4959,-22.405009703797962
4960,-40.54151167881318
4961,-64.63113996685246
4962,-91.29514136024835
4963,-108.47760736568343
4964,-119.46545923465824
4965,-110.20422134246128
4966,-88.51628679251324
4967,-84.34615153346094
4968,-85.72875954513914
4969,-73.79133475232247
4970,-73.81917937479231
4971,-82.20302262897599
4972,-83.40311418012305
4973,-67.56230693901799
4974,-58.85399245044922
4975,-52.73102369640073
4976,-57.86556475396264
4977,-54.724824075565515
4978,-49.60127128208534
4979,-26.447962933715107
4980,-15.868167423024008
4981,-16.380086347059407
4982,-24.865584062976357
4983,-27.630600668300115
4984,-20.91254254649085
4985,-17.97425253289877
4986,-5.988758396807906
4987,-5.179288547163026
4988,-13.604243870016713
4989,-16.06203093876888
4990,-7.939764139423172
4991,0.18797493780557772
4992,-2.1865762411838006
4993,-8.236903518879775
4994,-8.534390112391112
4995,-1.969517813531752
4996,11.122458420815008
4997,7.804904517151499
4998,9.042055532231615
4999,11.718211564880633
5000,17.988392586390702
5001,17.426590046989773
5002,10.003664620088571
5003,12.94251014507772
5004,15.875921512185286
5005,13.704428700914619
5006,10.802124969524769
5007,14.951587540228417
5008,23.08532473642245
5009,30.718927743444596
5010,25.78198250118041
5011,31.951373426403038
5012,23.815269389113112
5013,7.35021351594564
5014,-0.3877681544487501
5015,20.48138731643924
5016,31.012208569916126
5017,17.31432813645894
5018,2.5541053227097024
5019,21.419856018214077
5020,31.292057503044603
5021,25.761062673945204
5022,22.33605981071402
5023,31.933815988316212
5024,32.912184663618916
5025,27.21893132791979
5026,24.01530840051575
5027,32.47125085028567
5028,29.326028530997903
5029,46.46734920646695
5030,45.30888716315171
5031,35.2225881171354
5032,3.787215658081905
5033,-0.07132869733270297
5034,-1.4126249704924447
5035,-8.367353991359092
5036,-0.716850129029865
5037,3.0984986296529655
5038,2.8046924402040077
5039,-5.074361931023489
5040,-14.515273888061028
5041,-3.1127091996105065
5042,0.5971278490599587
5043,-5.783134499363133
5044,-17.875142060368194
5045,-9.273773790913697
5046,-12.307176061367091
5047,-25.211511919550194
5048,-23.934723730673714
5049,-30.33685607523302
5050,-39.083061084202114
5051,-63.417247584639256
5052,-52.55181283989211
5053,-55.69485494632994
5054,-55.87290158099026
5055,-80.78021859310884
5056,-93.18845133886235
5057,-110.36242249744886
5058,-120.25409743553293
5059,-99.18171378086461
5060,-87.52843076493474
5061,-69.39845479542197
5062,-61.997428738080146
5063,-76.34979617466092
5064,-87.06444313450766
5065,-94.75034956904838
5066,-67.36906930504063
5067,-59.046937773935625
5068,-85.46911266106225
5069,-84.63822580697196
5070,-65.0834558644015
5071,-40.14403567762731
5072,-44.31232235531716
5073,-34.08928506760447
5074,-42.770421695170405
5075,-15.189425342058929
5076,-14.17548962588275
5077,-22.82738989156356
5078,-45.50028815685157
5079,-35.82892806480169
5080,-25.420484114092854
5081,-22.64610064300606
5082,0.08198484039289156
5083,2.0166074426692404
5084,0.5688497077751862
5085,-16.13697674614225
5086,-6.443410756942807
5087,-14.035001555434977
5088,-13.847925575708022
5089,-8.311732347457738
5090,0.6200285906218141
5091,-8.518883972971953
5092,-24.80455813909835
5093,-30.194899234178894
5094,-20.152458063419022
5095,1.8729994073637783
5096,5.253630929201108
5097,8.920351742263847
5098,-10.644498319361428
5099,-3.0629763412430577
5100,0.09310839044701424
5101,5.181928048125371
5102,-16.704366886008277
5103,-5.015126259958535
5104,-1.9963609031062077
5105,0.04201036875166153
5106,-24.22801334236674
5107,-3.1254507385876593
5108,5.633019178009448
5109,8.019753473274562
5110,12.364189594625401
5111,51.721820355824576
5112,57.43213512705685
5113,41.73922860285765
5114,31.529759163810894
5115,62.23962965211044
5116,71.6064710452878
5117,57.18998282749433
5118,-4.130734931757274
5119,-18.63831230926012
5120,-27.381752852430555
5121,-25.986187833001043
5122,-39.49318600820611
5123,-16.114541269457707
5124,-4.947467473921705
5125,-1.5433464229828644
5126,-8.806259476943499
5127,-18.862930643180736
5128,-11.981046326151162
5129,5.988519183152675
5130,20.276102526380043
5131,-2.711704716526654
5132,-12.097025029017981
5133,-6.3046191884824445
5134,0.7357881010685219
5135,4.989389072079092
5136,10.012615766183131
5137,22.30308106713207
5138,25.09266217699431
5139,27.939986056381656
5140,23.44665096702016
5141,11.42304413386097
5142,0.9121791478140153
5143,-17.178746133614073
5144,-11.35481215143368
5145,6.855078786406594
5146,17.10373098526101
5147,27.82295954169966
5148,38.44795276704728
5149,50.7123862616546
5150,57.9376877226092
5151,21.630071207717265
5152,-1.109177895005871
5153,-19.671943367577686
5154,-24.0194153702131
5155,-33.592102484104075
5156,-39.5158554362154
5157,-40.48903661715063
5158,-28.84641533744293
5159,-27.11424027534189
5160,-36.733255119344605
5161,-33.52703110049477
5162,-20.67790151619913
5163,-4.568826047526642
5164,-8.142031928869553
5165,-17.562900108738116
5166,-17.523244694365243
5167,-21.12086630839541
5168,-22.918523185132774
5169,-15.330509445969074
5170,3.9312245500068883
5171,22.733700185820197
5172,1.6385404612583727
5173,-8.93866131618427
5174,-12.54277933756362
5175,2.625634787694821
5176,-3.5791956834780336
5177,5.750186969865808
5178,3.3332676320401333
5179,4.227230697381657
5180,-16.350111168832623
5181,-6.293862242865398
5182,0.47160274839777117
5183,-0.7161294580221096
5184,-9.564996600043386
5185,-13.69877290088725
5186,-17.13410183622271
5187,-9.846744523287441
5188,-4.7135114698144776
5189,-0.09848643920042832
5190,3.295547331607821
5191,1.35695810588863
5192,-3.6343366524695213
5193,-7.45854427190843
5194,-9.65103755434108
5195,-16.198310602522994
5196,-15.320145790324247
5197,-15.029617151770012
5198,-28.924048337107603
5199,-18.046289367016698
5200,-13.661868279151633
5201,-15.891878256393852
5202,-25.73157418713069
5203,-19.432838561606573
5204,-19.842597030354554
5205,-25.27177094165505
5206,-24.919322718559002
5207,-7.226739604426861
5208,-3.0497614025391115
5209,-14.983732870531192
5210,-38.71477632755265
5211,-33.62213929413083
5212,-27.38795984528015
5213,-35.385783282407644
5214,-48.228868543765245
5215,-19.02526148257502
5216,-6.8766223033569815
5217,-9.764224259075945
5218,-34.50320641087734
5219,-32.46925955979022
5220,-44.05183256996817
5221,-49.07147086173747
5222,-57.49068186722441
5223,-84.88082402072926
5224,-106.87633003896757
5225,-101.41506748967764
5226,-78.65200671540633
5227,-88.42710779936971
5228,-63.953544714595346
5229,-60.281245959863945
5230,-53.48708835140717
5231,-81.19811068272423
5232,-58.78622543277982
5233,-53.45017044819367
5234,-56.76212089866676
5235,-66.94686963653088
5236,-57.5230691050139
5237,-21.267492554124416
5238,-3.7628141623812184
5239,-3.571882549898106
5240,-26.888733791844203
5241,-27.811322047790014
5242,-15.566026200796756
5243,16.07424364219972
5244,29.69232263251041
5245,33.17875234441942
5246,11.429369107931365
5247,-8.136258044594953
5248,-14.911728247279527
5249,-16.420532912712773
5250,-25.456690314950023
5251,-27.195501664578522
5252,-43.73983932213789
5253,-64.02197920212322
5254,-65.68196027577326
5255,-37.94524126510558
5256,-33.047098679814354
5257,-27.87401120918534
5258,-24.723747327809605
5259,-33.095357150620494
5260,-44.453276250726795
5261,-56.34748941122536
5262,-50.37549952810014
5263,-40.77588118150254
5264,-41.59804440568155
5265,-38.265674818949805
5266,-43.362003846508856
5267,-18.620127819721276
5268,-19.902924036379247
5269,-21.974897612085712
5270,-38.65246530152261
5271,-31.593077957197117
5272,-37.473535800820336
5273,-43.296849248093274
5274,-38.56618345970201
5275,-36.75157970751648
5276,-28.849642198955458
5277,-31.977115459330953
5278,-24.35780021673282
5279,-0.4992028885888473
5280,-7.396926672973272
5281,-4.270223612876599
5282,6.431490228353688
5283,8.69184968094364
5284,13.269492929966866
5285,9.100936136994157
5286,1.9673267278046396
5287,-8.17187793693003
5288,-0.4407923074950588
5289,-1.6955284346425685
5290,-3.4689234440084817
5291,-8.146897201860774
5292,4.312533199092378
5293,2.9478463785736224
5294,-5.483092492289664
5295,-16.818377218415243
5296,-18.976435864692526
5297,-11.56433251815941
5298,-16.932255514884055
5299,-19.575749084054472
5300,-13.805443159421394
5301,1.2366109306816
5302,4.163355483963706
5303,-0.4222384811012745
5304,0.17059914829549427
5305,-6.5751611506835985
5306,-16.27892416547364
5307,-4.977281473332077
5308,-9.79307931164987
5309,-2.09009100159809
5310,-1.2616051514023283
5311,1.0544645212298676
5312,-7.343341752712924
5313,-0.8807664111086311
5314,-2.0373565994930587
5315,-1.9446582347356056
5316,-16.188376684771036
5317,-33.71230253773282
5318,-42.95770600259649
5319,-52.816259427772415
5320,-60.80638662333211
5321,-61.43915007516227
5322,-55.8784190827348
5323,-55.66885480229547
5324,-61.54065230677486
5325,-60.56511649715446
5326,-49.75234139944314
5327,-31.04192900663965
5328,-28.12927994533159
5329,-13.197049262470912
5330,-10.815790936391139
5331,-1.4951513280320157
5332,-3.0684825483207234
5333,4.78864037173242
5334,17.898612526575512
5335,5.242378042589074
5336,4.340933866956242
5337,17.297423599486784
5338,31.50383204697006
5339,13.06444606011027
5340,23.991266208399274
5341,35.89916080746967
5342,20.58902224249737
5343,-1.0298735644805603
5344,-1.8167483975187722
5345,-5.671178358343859
5346,-26.656109605293345
5347,-29.182840158491956
5348,-46.466109433492875
5349,-57.77034397797985
5350,-58.732143567843565
5351,-55.22986911670504
5352,-51.449425147106304
5353,-46.57737754265745
5354,-44.0454879470855
5355,-27.390324561492903
5356,-26.820539906577054
5357,-35.25452574997236
5358,-39.18258610929509
5359,-29.168069177823252
5360,-24.702946646757464
5361,-17.004248846035306
5362,-13.958623342964366
5363,-6.3238566539465
5364,-9.802232117785756
5365,-12.327420485026174
5366,-10.983389964475911
5367,-16.38155429582838
5368,-23.284761949022
5369,-30.719914324532226
5370,-28.700787955154567
5371,-25.608094893421324
5372,-18.457049211363497
5373,-16.603453892264568
5374,-9.867976804819577
5375,-24.28657018266551
5376,-35.792152340519095
5377,-34.722653663026364
5378,-28.35661517150788
5379,-31.746103840701107
5380,-31.093574249889098
5381,-22.77948441038067
5382,-19.742175041298122
5383,-29.19351153514143
5384,-31.66217935481308
5385,-30.972368187734734
5386,-35.01316260876658
5387,-30.70456895624343
5388,-36.643252181595834
5389,-32.535185895807864
5390,-28.9813067945862
5391,-14.531350437385907
5392,-13.625818906414775
5393,-28.939670886780487
5394,-39.17023240440311
5395,-31.556600043592564
5396,-29.81985003106905
5397,-40.827063788336204
5398,-48.32287068985579
5399,-19.620598932694737
5400,-7.389123502106816
5401,-14.127532578630468
5402,-28.852921087132632
5403,-8.667568689588332
5404,-3.9014125076608366
5405,2.0151602601713705
5406,-15.336315444663452
5407,6.700506842330796
5408,7.535134225146393
5409,15.410420224047883
5410,9.948168710347218
5411,8.509818447372794
5412,13.180584160151739
5413,13.081104332662875
5414,16.01138007048604
5415,-10.42134676640762
5416,-8.242652366856131
5417,-5.411250301174899
5418,-7.497585474329124
5419,-26.168021623807252
5420,-32.48735167639768
5421,-28.669963752316736
5422,-35.130707089772216
5423,-25.297495003184242
5424,-20.299396691375666
5425,-24.950687046977652
5426,-25.917630543736056
5427,-38.092103549637045
5428,-26.080058163698535
5429,-29.08041993109833
5430,-27.471965599385154
5431,-29.886831298702003
5432,-21.289804582434027
5433,-21.86725667808683
5434,-26.447556167056643
5435,-27.565620919374997
5436,-20.30562273854719
5437,-15.868732896007774
5438,-24.474143232651617
5439,-53.023905010917076
5440,-66.61196512821908
5441,-62.37409480596543
5442,-69.97898861683575
5443,-65.72715567596802
5444,-74.84204595257623
5445,-68.76173343339906
5446,-63.249474792261026
5447,-54.0412722975566
5448,-40.167655898776516
5449,-41.880295743941915
5450,-42.67039618873268
5451,-42.882548124036234
5452,-36.21829104020007
5453,-33.477725277026124
5454,-26.504003660167275
5455,-18.32552977985541
5456,-21.558429362313387
5457,-11.856350764903834
5458,-11.919530614829693
5459,-1.507107970814161
5460,-3.7194476703353416
5461,-8.33013151918092
5462,-17.75846737919812
5463,-23.16385373064654
5464,-26.8008595940147
5465,-24.92386649415744
5466,-22.049448439592258
5467,-24.151600430559906
5468,-23.33648970592284
5469,-11.075270104073152
5470,0.3905752603116355
5471,-7.961163131563051
5472,-10.951380457753412
5473,-9.199044874939414
5474,-9.384108929764277
5475,-12.695655941148114
5476,-10.724666114072132
5477,-2.652500868852343
5478,-1.5663658598597863
5479,-9.44426921006799
5480,-20.573791679140005
5481,-25.074577664374733
5482,-24.283277832748457
5483,-24.35365573180776
5484,-28.038734856112637
5485,-31.917784854412854
5486,-23.023719515562146
5487,-8.308278661840372
5488,-3.205740169709628
5489,-18.58189275369355
5490,-27.1908996391418
5491,-7.103261596548304
5492,2.057888098620978
5493,-12.553193567124207
5494,-20.960570023281104
5495,3.7769708969945697
5496,7.5898502755143085
5497,-3.9827798357292323
5498,-20.670189278624324
5499,2.7049086244604297
5500,12.079955006971986
5501,11.717140357389454
5502,-1.6749412309181508
5503,13.545567774998318
5504,15.531922873873526
5505,12.885737883273151
5506,-1.3382901585800653
5507,5.2329008479792805
5508,12.381369645944872
5509,17.885473815465005
5510,21.474538238597475
5511,-0.0070510459042765206
5512,-3.9162800282953896
5513,-6.873432016858782
5514,-7.702086915206717
5515,-22.558006452540173
5516,-22.305968417738928
5517,-24.480685799050878
5518,-22.036242259407675
5519,-20.056491126829687
5520,-20.092180765555813
5521,-21.62102397433225
5522,-13.450017212781123
5523,-27.22967726794955
5524,-17.422422575639427
5525,-13.522640999415
5526,-17.65591604573306
5527,-26.437789144355886
5528,-21.157056353606972
5529,-17.437811879201373
5530,-12.365785861395263
5531,-21.155646109858356
5532,-9.086896450194264
5533,-3.019371602559943
5534,-1.1339618887394067
5535,-23.482840136772023
5536,-23.241414170446756
5537,-27.065181915093756
5538,-33.56189246247429
5539,-37.15160465586327
5540,-49.97970962641099
5541,-55.31886394478621
5542,-46.27725427166384
5543,-37.438938909673226
5544,-31.01219537623407
5545,-43.00999469512979
5546,-44.00035054183016
5547,-44.33533349395828
5548,-41.6858602631533
5549,-42.22284798445983
5550,-37.122224499472765
5551,-35.50014628245873
5552,-39.61402256966625
5553,-26.891118864254278
5554,-27.509389466458483
5555,-21.73973754010198
5556,-26.02959790555128
5557,-33.709818361460165
5558,-32.196084965959116
5559,-28.217962011887312
5560,-27.136281861436164
5561,-30.19291923168412
5562,-26.971484405227915
5563,-29.022542234818847
5564,-30.5185941492982
5565,-23.54696737747719
5566,-7.097474338379531
5567,-7.545492747464724
5568,-10.053034566720871
5569,-9.243934400201372
5570,-3.8531115945894214
5571,-3.8101832191205034
5572,-8.068008288701765
5573,-7.535238024807388
5574,-7.062322243570623
5575,-13.007366005462057
5576,-13.221476478598884
5577,-17.72773870638211
5578,-16.395821523113323
5579,-20.026821764266746
5580,-18.83075060180116
5581,-21.274399858364067
5582,-22.233917027901786
5583,-18.176401442476294
5584,-13.43061817498732
5585,-17.805825505667645
5586,-25.009889124494425
5587,-9.684415834925066
5588,-9.669311594592703
5589,-14.41094255353298
5590,-24.049911032438846
5591,-3.0259670050286047
5592,1.6267151522144445
5593,-1.7260343143236128
5594,-13.47012523989235
5595,5.244252566995044
5596,7.481149492737302
5597,7.959459267710628
5598,-3.0718837319787724
5599,10.054258526153447
5600,13.22793298576913
5601,13.66896940623677
5602,10.907802768884252
5603,11.01784277664629
5604,8.936307476227938
5605,4.678589040308935
5606,3.148024732210615
5607,-18.058474751154822
5608,-17.651289574445347
5609,-20.057200898728585
5610,-12.314908466008749
5611,-28.430833289239825
5612,-33.61254202549013
5613,-30.831285932644487
5614,-32.234800493737666
5615,-32.7328519878169
5616,-30.98506102619103
5617,-35.56827192663536
5618,-25.696284435490437
5619,-36.98677435707063
5620,-18.157781845980058
5621,-9.856014526180761
5622,-8.067282701093664
5623,-14.902748820285712
5624,-3.904079526911275
5625,1.061172734791839
5626,5.654802460612373
5627,-1.1819132637895535
5628,7.46059911120399
5629,7.590857997219572
5630,10.478115863060665
5631,-8.90285422283981
5632,-11.14791198603493
5633,-20.81420938002626
5634,-37.41275670414316
5635,-41.13151139899064
5636,-49.32493640452163
5637,-47.27580976013676
5638,-44.98957612919566
5639,-47.54410312869591
5640,-47.91069282499534
5641,-53.981210411069995
5642,-51.20259884805084
5643,-54.04729431632904
5644,-54.23856765673954
5645,-55.4889651231528
5646,-51.45392766136475
5647,-46.142633388384574
5648,-47.91567052617935
5649,-38.51269304649132
5650,-49.51636540913858
5651,-41.58199610564688
5652,-38.46361062289702
5653,-37.69537406554383
5654,-44.54800835366265
5655,-44.44968343568028
5656,-41.74991496914036
5657,-40.61347027104874
5658,-36.46904105085302
5659,-35.04921641308425
5660,-32.26197067557021
5661,-33.830356847587524
5662,-32.442584885384974
5663,-32.61054566927508
5664,-36.14082894334426
5665,-39.20986343207561
5666,-39.29703395899814
5667,-40.36087382918822
5668,-29.790901562204798
5669,-21.822197278395468
5670,-15.860138496216198
5671,-28.67985492485604
5672,-37.39297234427997
5673,-37.77839710176704
5674,-36.291369871847536
5675,-39.21182065160711
5676,-36.26582825185865
5677,-33.93016920252133
5678,-34.6666220090673
5679,-40.329328490535346
5680,-45.48903471326176
5681,-48.605269139574716
5682,-49.69838367788881
5683,-36.22768453646411
5684,-31.45402792929021
5685,-35.483766426714354
5686,-35.764820820761784
5687,-15.418494351786176
5688,-10.813897328406608
5689,-16.193023829230395
5690,-20.707656706276378
5691,0.8262891475086604
5692,0.4481606226205912
5693,2.448287627734473
5694,-2.6750845050219283
5695,10.829289486911392
5696,4.433990135112168
5697,1.9412034175600468
5698,-2.9706525082060296
5699,-5.116930799388356
5700,-16.493681159535544
5701,-21.74845156498488
5702,-25.827312145771618
5703,-36.89051393613197
5704,-35.4553660429671
5705,-32.445256999311695
5706,-24.48309799827671
5707,-38.976288064130415
5708,-44.812104691854984
5709,-43.85350019732897
5710,-39.032513648009456
5711,-39.84600870205158
5712,-37.849851378546376
5713,-42.59790345334683
5714,-33.06508445232505
5715,-33.29180189288342
5716,-18.89755798446514
5717,-15.387267375222951
5718,-9.360744202863419
5719,-12.597508635434426
5720,-6.444450293018779
5721,-3.197129676944513
5722,6.115102452827188
5723,4.700189375771231
5724,5.188683215525771
5725,8.53079135986252
5726,12.872740259344539
5727,-3.3964332595367495
5728,-17.220864591491523
5729,-47.18038588869912
5730,-64.90442094921015
5731,-75.69420698287439
5732,-81.83103418556396
5733,-84.01788017374949
5734,-81.23162852157577
5735,-74.03255516574254
5736,-63.67357509434626
5737,-58.16206108207814
5738,-61.72905738642049
5739,-47.447249684522816
5740,-33.19577487114047
5741,-28.305208038570623
5742,-19.273134670751556
5743,-14.071441299210907
5744,-12.613795142308678
5745,-20.101457530664252
5746,-17.21630925123259
5747,-2.6830482192028313
5748,-2.4452676223393865
5749,-10.197328391654583
5750,-23.41344971835547
5751,-19.14965396045312
5752,-24.575377939185724
5753,-10.988559443440888
5754,-0.18999293639959092
5755,10.002482613282965
5756,-3.607947094064528
5757,-7.877912612285183
5758,1.0465446840352826
5759,4.207467497116497
5760,-3.0035641852552573
5761,-2.31693803160978
5762,-3.0204403280811363
5763,-4.342393819820046
5764,-5.0851196087117785
5765,-10.252973837074677
5766,-9.48927565051477
5767,-11.923013069609105
5768,-13.364938823573503
5769,-18.60308818146043
5770,-20.722507829072548
5771,-20.996590265021197
5772,-16.302725887222934
5773,-19.722091441934552
5774,-23.045829917409307
5775,-12.154079896482983
5776,-6.395634691654436
5777,-8.544582219470954
5778,-21.642771820183043
5779,-16.34883357171792
5780,-11.101728281158287
5781,-20.534456850894955
5782,-24.25994388205983
5783,-8.38741798472288
5784,6.0517946583441855
5785,7.8463920456851355
5786,5.914521518499036
5787,14.117367771903865
5788,13.351182679058148
5789,10.481144423064379
5790,7.23812180612147
5791,19.63689234243561
5792,33.121609388108425
5793,30.692839845259186
5794,30.43378161444076
5795,31.804965698182784
5796,34.333953830367776
5797,22.726021308722515
5798,30.110029246941465
5799,16.04257857260651
5800,7.1368769455490195
5801,-3.876462586550545
5802,1.311906614180586
5803,-15.058329000289483
5804,-11.16987072142043
5805,-7.635942561666489
5806,-7.71018655028805
5807,-13.965236969312322
5808,-12.313754750491206
5809,-3.7034357851932285
5810,6.4442075788888005
5811,-2.8164664561546573
5812,-9.724637077650598
5813,-9.340969123988586
5814,-18.37497312928521
5815,-28.963972502011103
5816,-14.108431796934639
5817,-7.744410914012548
5818,-11.781968629609906
5819,-21.448938095710695
5820,4.030047298904897
5821,16.99979556666441
5822,6.759214875908505
5823,-21.29456045650717
5824,-27.90084947193246
5825,-30.828614471499876
5826,-34.097638690985846
5827,-47.75036701480081
5828,-62.119026491691436
5829,-61.027003674148226
5830,-62.92814096763953
5831,-70.72166628738992
5832,-65.51428441000337
5833,-55.199588848260476
5834,-56.26955460691937
5835,-51.06257219566525
5836,-47.47951881368534
5837,-49.53623004206492
5838,-46.726761177763684
5839,-44.11847302590275
5840,-32.360077167234614
5841,-17.2380529499315
5842,-14.753272401913591
5843,-0.9460087623451301
5844,-0.44571797127822776
5845,-8.125205857883188
5846,-12.083342477653972
5847,-8.000844301000846
5848,-7.671037175157231
5849,-19.186289991993355
5850,-20.527518790782118
5851,-20.91997487374909
5852,-34.78081616555284
5853,-33.063325665763365
5854,-15.110375259290187
5855,-5.452441494108818
5856,-6.060565717894512
5857,-6.407939790072184
5858,-8.829497051486804
5859,-16.49253812891454
5860,-18.834376079906185
5861,-14.643197734276022
5862,-3.3155648236879713
5863,-6.616121897031263
5864,-9.388281065611807
5865,-8.832344302121925
5866,-8.247828516190793
5867,-13.68876677544258
5868,-2.316621235489798
5869,3.33549021215007
5870,1.401111400132443
5871,-6.625378192399133
5872,-8.702827231821551
5873,-13.155772404269335
5874,-9.66285544870042
5875,-5.753747526906288
5876,-1.8353717541327441
5877,-10.697701293091392
5878,-10.010672271823573
5879,1.0239291890452904
5880,1.8822280372457243
5881,-2.162107053201467
5882,-3.5288844176965455
5883,19.673532748168988
5884,10.416882771983104
5885,4.2169327542439206
5886,-1.6723031036050813
5887,10.274215271235725
5888,10.57130879889447
5889,-3.123809808140102
5890,-23.214415784490377
5891,-15.767335929165334
5892,-9.179190434316602
5893,-9.659900046205642
5894,-14.432359575934832
5895,-35.23066030222508
5896,-45.18934351955119
5897,-54.524692516733865
5898,-56.76252373676215
5899,-77.4794618548521
5900,-84.95613750162971
5901,-66.22850058463979
5902,-53.13774150328601
5903,-59.86347754852018
5904,-74.45581974411802
5905,-72.14469041313136
5906,-70.96869639406027
5907,-61.795816955587384
5908,-61.15006100184979
5909,-51.48238310534566
5910,-51.75041943592112
5911,-45.27255971260494
5912,-29.405859078949767
5913,-19.447412342159375
5914,-17.73214797121009
5915,-32.68205149385705
5916,-13.866183466894881
5917,-7.731855585002762
5918,10.23368241354774
5919,-5.966906346677057
5920,-31.01363955005322
5921,-57.10786776601296
5922,-78.25791266135363
5923,-84.83552215211517
5924,-95.38334862585347
5925,-95.27853364795212
5926,-99.30373883926029
5927,-108.79873540116868
5928,-80.08430422724453
5929,-67.98758431577441
5930,-65.9890864695521
5931,-59.030570014025514
5932,-48.99486848542965
5933,-44.70273144807298
5934,-30.843165560583614
5935,-16.248279073307124
5936,-14.991551554882939
5937,-16.42349074764961
5938,-16.370855355813582
5939,1.077823637813374
5940,-0.15929006425903225
5941,3.6495719981214805
5942,4.034793132667126
5943,12.494333386051146
5944,-1.3118439685125907
5945,-17.800338423247467
5946,-19.214511605380835
5947,-5.990542938146049
5948,-7.949579649297462
5949,-4.095249334139922
5950,4.231403065530046
5951,13.998368432288423
5952,5.433397005885659
5953,1.9381711723790929
5954,2.9428633461995943
5955,17.54765460850806
5956,19.394001208879622
5957,8.095940951948826
5958,4.950340677769198
5959,1.0485948364496593
5960,13.239330251083565
5961,8.830007943790626
5962,1.4601702678820274
5963,-5.136238328835567
5964,3.2986913536167535
5965,12.933600652994322
5966,14.126762701602125
5967,7.556967702660593
5968,0.6895573691935581
5969,5.406234975757066
5970,15.340443830315856
5971,13.727602185468662
5972,10.042962036366639
5973,1.2997313394174839
5974,2.044817521586758
5975,6.864107140581645
5976,-4.828063284510385
5977,-9.173735995020415
5978,-7.581414614977568
5979,0.21058585901985083
5980,-8.65000156089102
5981,-9.665043767251738
5982,-0.4606045126660163
5983,4.082141337726263
5984,-11.594602621006082
5985,-19.50523486739103
5986,-34.64108952973961
5987,-27.96870846189146
5988,-34.98520885046154
5989,-34.16110343932022
5990,-42.85653398804161
5991,-65.97172759451638
5992,-60.216513695395186
5993,-55.61771817955435
5994,-68.63001015273403
5995,-83.24923367094165
5996,-85.36352030735168
5997,-75.9899284861677
5998,-73.98563641943544
5999,-75.05251814461369
6000,-58.01687558504503
6001,-40.96319197398722
6002,-30.910282699831697
6003,-36.21068401878973
6004,-43.09673426682321
6005,-41.107722782149274
6006,-42.12354956476742
6007,-32.94103034088663
6008,-21.613158143546052
6009,-25.46063572895069
6010,-19.097959817579685
6011,-13.130688970147908
6012,5.078519024105098
6013,5.25609665379087
6014,7.940781763716096
6015,-5.040654266320139
6016,-7.750206257042073
6017,-20.803876880013128
6018,-38.048084894537546
6019,-43.9592468985832
6020,-64.12835382097252
6021,-67.98666408641266
6022,-59.88577330647162
6023,-54.88499187815545
6024,-45.407737158823515
6025,-41.008119337643585
6026,-34.261896743064135
6027,-24.43938919632049
6028,-23.97890635933365
6029,-11.999252156512874
6030,-18.309924317746315
6031,-1.054777590610108
6032,-6.388074609699167
6033,-1.6461887667845971
6034,-12.26629244335603
6035,-1.4072422932424402
6036,-4.714606727633232
6037,4.489533538918884
6038,8.313821749292792
6039,12.14886757032206
6040,8.472588521895936
6041,6.475019179730786
6042,4.892565117629793
6043,14.092574717566698
6044,13.220450367951692
6045,12.472751672675805
6046,12.282815790519813
6047,-0.233310855665259
6048,-8.398997675624976
6049,-6.9039376548582325
6050,-5.790757083151512
6051,-6.977699938547538
6052,-10.833359367103405
6053,-12.741416918996627
6054,-7.829536963901994
6055,-10.916250302877543
6056,-7.354708309464954
6057,-14.369220135816889
6058,-25.70494196307523
6059,-27.295092778056365
6060,-21.497357818276647
6061,-20.186808886808286
6062,-22.512045100625933
6063,-22.870535511158515
6064,-15.073188825032695
6065,-16.112046000503902
6066,-22.51827532166228
6067,-10.302720702353419
6068,-1.7080977859544433
6069,-6.4609079546910735
6070,-17.007057934810867
6071,1.4954751405888658
6072,5.611409160937825
6073,1.1952745246044572
6074,-10.39500253851699
6075,10.353088844394726
6076,6.491773579697245
6077,0.04580855147732876
6078,-10.685805831899394
6079,9.53381450130312
6080,9.066088585180019
6081,8.717573809442321
6082,-0.6909160723265799
6083,11.575440450818483
6084,7.252664302704169
6085,-2.1391502980185706
6086,0.6665448981617814
6087,-12.450307379942025
6088,-13.203070879220242
6089,-16.164522965236365
6090,-16.444668920915497
6091,-27.602784154472047
6092,-27.048082292210054
6093,-22.062457742743234
6094,-18.52099044029383
6095,-18.663461730737396
6096,-15.957095203376213
6097,-12.96585571853521
6098,-8.506541488465956
6099,-9.83446840621722
6100,-6.749247891267551
6101,-2.504882869986922
6102,0.7579999176500039
6103,-14.14964160500562
6104,-18.895139573920396
6105,-14.279287473309573
6106,-11.190208526034546
6107,-18.8431059797186
6108,-24.395717286212815
6109,-13.04719663468289
6110,-9.801848601462993
6111,-20.662310219321775
6112,-20.915444899703807
6113,-33.51567062908533
6114,-44.44434472585693
6115,-36.91261963343983
6116,-38.563091266012506
6117,-36.14400986983286
6118,-30.576705225628146
6119,-38.82944757872371
6120,-37.46271203584913
6121,-32.11074601561119
6122,-28.628747069839697
6123,-24.22615691742888
6124,-26.00291980921341
6125,-30.76095486900013
6126,-36.53441211930024
6127,-29.54431035129673
6128,-24.23554096480148
6129,-20.43339517857381
6130,-25.732283208333314
6131,-16.351665213401425
6132,-14.184877789149802
6133,-18.48872437962033
6134,-31.668618760070935
6135,-21.644272998150043
6136,-18.332423740306197
6137,-12.091197421332495
6138,-12.376548027123945
6139,-6.978126882536493
6140,-19.456167113267846
6141,-11.62094690349037
6142,7.957802203262808
6143,-7.10694517465614
6144,-9.593259478288012
6145,-15.348697506569117
6146,-19.017121408547602
6147,-15.96037614457078
6148,-14.127946344185439
6149,-16.62639167754623
6150,-17.859120032165045
6151,-26.490176865020572
6152,-29.776661755227906
6153,-33.198404249881094
6154,-36.12737667001443
6155,-35.11201883972162
6156,-29.822668588344776
6157,-31.73001652357552
6158,-36.21498285181604
6159,-32.909267374770174
6160,-28.009437856880886
6161,-30.068451971103833
6162,-32.21851638127732
6163,-25.279105938726467
6164,-22.220994571157227
6165,-26.514093368064145
6166,-35.24046064014589
6167,-18.749676090776873
6168,-18.718371550987356
6169,-25.65717094360535
6170,-36.05748870363321
6171,-4.802976522550118
6172,-3.1654837003651366
6173,-1.6734753136813296
6174,-17.91448592223852
6175,-3.6748551224734243
6176,-9.610920598540567
6177,-4.51690551932527
6178,-12.563899890739073
6179,-3.714648392444836
6180,3.3935141808663403
6181,9.530724811086095
6182,20.4244592712002
6183,0.5766064213940538
6184,-4.383716571659299
6185,-8.589955996002338
6186,6.033689927466362
6187,4.63173397516281
6188,2.778863949292635
6189,1.1861821162622235
6190,7.688334939955219
6191,9.977757697442264
6192,6.127618684820739
6193,0.4261093525746418
6194,4.993637468183813
6195,0.43571600810992805
6196,4.80810690488503
6197,5.682365833560233
6198,4.350419054145114
6199,-7.172388659568789
6200,-7.340148002654992
6201,-6.7691188520921415
6202,3.440348795429081
6203,-6.200765452021642
6204,-15.305534726268547
6205,-10.178823799584222
6206,-10.564066806781568
6207,-22.71354805042443
6208,-19.515246898600587
6209,-23.560993063850894
6210,-40.21547879395865
6211,-39.3037690581813
6212,-44.11623609093138
6213,-35.720994758710134
6214,-25.692756148279784
6215,-26.190109098316192
6216,-23.376998388273854
6217,-24.394957956362568
6218,-26.442798950053323
6219,-23.646065527196086
6220,-24.14260065582893
6221,-29.538907519527285
6222,-29.412761831231748
6223,-21.50456220451833
6224,-19.84647659476503
6225,-19.39250329141249
6226,-22.15219073864342
6227,-13.782746242620924
6228,-16.806644967043603
6229,-20.564351550857616
6230,-25.532740833970017
6231,-16.239434450897647
6232,-20.184722799690064
6233,-16.42621401787079
6234,-15.173544676273025
6235,-4.960364594775754
6236,-10.597788025006068
6237,-4.129898499839626
6238,6.300583320122861
6239,9.578290574922775
6240,4.837781685154837
6241,1.191427593367635
6242,2.8983855067128417
6243,5.126731673220604
6244,2.0305771684343767
6245,-2.1124862351705644
6246,-4.98647664051839
6247,-7.487186227324337
6248,-3.223869011266622
6249,-2.070781532088283
6250,-4.721550678890985
6251,-8.127168124144347
6252,-7.508515087491091
6253,-11.225553279110798
6254,-13.451539807747864
6255,-7.500393003597139
6256,-8.907606869417322
6257,-15.392306934355162
6258,-13.411830379709585
6259,2.1245153203959575
6260,2.3392393609662605
6261,-5.7094202040173485
6262,-17.268434962735327
6263,2.3732555277577703
6264,3.7541939930617545
6265,-2.71468365060651
6266,-19.6377417642614
6267,6.371053643995779
6268,7.20305220538971
6269,10.453256327426558
6270,-6.8543821001285465
6271,4.2183764434518025
6272,-0.5168595124629576
6273,0.39982916589059414
6274,-5.988252710948842
6275,-1.5304511220652017
6276,-6.1084647983997655
6277,-6.6050110862011735
6278,-4.048316294545899
6279,-13.896668608788715
6280,-14.232596419831438
6281,-15.639379177400642
6282,-9.40421062750589
6283,-17.635015446640686
6284,-14.51764214039627
6285,-17.11410488611977
6286,-10.628512397511479
6287,-13.728354838966489
6288,-16.68808142169997
6289,-12.799953474768479
6290,-5.389973556561763
6291,-7.145359322604335
6292,-8.53950691070024
6293,-8.289630570481606
6294,-0.18282693363072156
6295,-4.930604413964204
6296,-4.380580436395206
6297,0.9051138909229621
6298,6.185625034158107
6299,-1.2386400940990185
6300,-5.7819349910862385
6301,2.7584372951348044
6302,-2.4935029754336355
6303,-19.072360100512796
6304,-13.377611688665283
6305,-14.658527607650441
6306,-24.767615103554746
6307,-26.667101482538236
6308,-40.597076933598935
6309,-44.21873169366915
6310,-40.42567507026492
6311,-42.131540588362526
6312,-40.0748320856805
6313,-36.169930870151546
6314,-33.02298931296758
6315,-27.17950255039066
6316,-27.902640325185367
6317,-32.73761483717994
6318,-32.04149166658994
6319,-25.337600433431817
6320,-23.56580199823611
6321,-25.468852989013726
6322,-28.16049619750609
6323,-16.74454297879565
6324,-12.05846961113626
6325,-13.495121133891914
6326,-15.650628174549254
6327,-11.338201857453633
6328,-17.478976610554803
6329,-13.6560730679086
6330,-13.430412833870427
6331,-5.547911850449459
6332,-10.154025546766867
6333,-2.0366288895928406
6334,7.860595185431855
6335,-1.8761146725033768
6336,-0.8540584190485561
6337,1.6429424949947702
6338,0.7528789846165296
6339,-2.9657908005505504
6340,-4.380720328786637
6341,-2.607736452151997
6342,-2.704082552669277
6343,-7.095415352002711
6344,-10.270584527714796
6345,-6.315434401388252
6346,-13.759746040882767
6347,-22.134039912640787
6348,-22.317303917821874
6349,-25.28364566214293
6350,-26.233396450120523
6351,-23.026693630457757
6352,-20.722537898240162
6353,-18.48769040844779
6354,-27.97008540132792
6355,-10.065582618502617
6356,-5.783096316380494
6357,-15.507140437986067
6358,-28.356804232187613
6359,-8.467589214467857
6360,-7.593797889359131
6361,-13.298938982493631
6362,-32.15388288082112
6363,-15.468634685337008
6364,-6.247477902101338
6365,-1.220355725176688
6366,-13.695709030418158
6367,-12.593855475826544
6368,-18.314316014901962
6369,-22.259633436697683
6370,-30.650611286846
6371,-32.35086895843611
6372,-39.22124572156062
6373,-36.40403189487543
6374,-33.68672502949747
6375,-46.930813240286966
6376,-46.698071067821274
6377,-46.64636662817264
6378,-41.89094858941763
6379,-37.162936093461674
6380,-27.936052004187736
6381,-17.914770659957362
6382,-12.586692003322703
6383,-11.219903601077327
6384,-15.683108618909806
6385,-12.03076931859831
6386,-15.129072142245853
6387,-20.008904923636692
6388,-20.157796981294723
6389,-9.03202630963159
6390,-9.652565399328807
6391,-23.77637102974255
6392,-16.35963297343794
6393,-19.11678137032716
6394,-10.811316223956183
6395,-11.537869509503771
6396,3.4121280390812885
6397,1.6784738365540122
6398,-3.1368702115382305
6399,-12.241203183347352
6400,-10.039341352603543
6401,-9.139419953218493
6402,-22.431466818566633
6403,-47.098786779608226
6404,-62.82333022076478
6405,-66.30779029214054
6406,-62.28910014827478
6407,-67.04567115421993
6408,-72.24678433973769
6409,-64.28120195297409
6410,-61.92080682136053
6411,-53.128759495634505
6412,-47.69084007293355
6413,-39.936367429781704
6414,-31.54273588326867
6415,-28.659183096115036
6416,-26.55858295125767
6417,-26.186606670804927
6418,-27.331613315906388
6419,-12.752704667579849
6420,-10.89087160015552
6421,-2.903278294743359
6422,-5.439917305650027
6423,-4.121678667049601
6424,-8.050337963781836
6425,-11.592642835478934
6426,-6.750060498937735
6427,4.795690377021579
6428,1.3583844965980134
6429,-9.521977628832154
6430,-16.689713409866634
6431,-7.514326325463244
6432,-15.757389231778419
6433,-17.32348204838867
6434,-6.571751284549023
6435,1.4794353876520745
6436,-6.78698387448577
6437,-8.462179952504272
6438,-8.394969182071321
6439,-4.366177664902317
6440,-11.157066960264068
6441,-20.099837171123134
6442,-12.867549487956204
6443,-18.257428472234764
6444,-19.82663397401744
6445,-25.70670263920867
6446,-21.434561840074466
6447,-23.108886571492377
6448,-27.024127609095274
6449,-26.493645004977452
6450,-35.33788920879937
6451,-25.063525876382798
6452,-25.96762636353826
6453,-19.16704253131313
6454,-21.464223729583424
6455,-0.9740561677943234
6456,-10.59749887368853
6457,-15.334205265343122
6458,-21.329175712397195
6459,-2.022235646589408
6460,-6.129486696468163
6461,-22.541274269856373
6462,-31.69537162408959
6463,-31.35962172010062
6464,-41.5735014969286
6465,-54.13972591901626
6466,-75.00485396303992
6467,-85.24723761121264
6468,-103.07817368222526
6469,-100.35474540718035
6470,-101.51942183807954
6471,-124.81695726938598
6472,-140.56861769631251
6473,-130.88083181366414
6474,-129.5968483456034
6475,-136.03046785852013
6476,-123.6748958114779
6477,-106.18545547574033
6478,-88.55549499545603
6479,-96.30739093606346
6480,-95.9228546770722
6481,-89.83932418206413
6482,-84.16506744370875
6483,-79.21968397001703
6484,-80.04178305198454
6485,-82.94869244397401
6486,-109.12036969265951
6487,-83.35064959759995
6488,-79.65878163287806
6489,-75.95447647487896
6490,-74.7030117195444
6491,-40.64581957063424
6492,-8.572096864039132
6493,1.7025594922018072
6494,-0.4223848730864219
6495,-15.867849312026934
6496,4.3491390808910495
6497,11.504168924635273
6498,-29.237084741329184
6499,-51.582592198689404
6500,-69.70973876941216
6501,-70.68564471199056
6502,-80.58081273363351
6503,-73.63313567040842
6504,-65.5859484631838
6505,-59.69951172140088
6506,-50.61163877278233
6507,-39.3072055810132
6508,-39.16242583420854
6509,-38.55830830784013
6510,-29.293799083270166
6511,-14.668593184676666
6512,-8.714504312022086
6513,-10.398238838156345
6514,-6.538353054735069
6515,20.329158284689832
6516,20.60022254222826
6517,16.72719619789398
6518,-4.697398309392511
6519,-1.1950722602123491
6520,-3.723285482261552
6521,-0.45592576974836874
6522,-2.180365271791878
6523,8.759668376900848
6524,3.8119696575855
6525,6.649495308138988
6526,37.25768232299863
6527,32.35189936153108
6528,25.249011453828537
6529,21.272786382265913
6530,15.531628106380715
6531,16.853561915441723
6532,16.737190961133585
6533,18.28290339844491
6534,11.382762694231666
6535,2.135718988534535
6536,-0.062263682867467196
6537,-0.6706107642397114
6538,-0.7949743341129363
6539,-16.298324695020135
6540,-17.078402597781682
6541,-19.33486290797014
6542,-20.914543574116628
6543,-10.995620293668829
6544,-14.019342018937103
6545,-14.646465577820813
6546,-8.87514244766394
6547,-6.866307361086818
6548,-13.499760769270686
6549,-18.84775772082667
6550,-9.957841851630882
6551,-4.043751592669437
6552,-4.437526319593914
6553,-10.776173424855145
6554,-22.96611025255551
6555,-17.21624874613976
6556,-29.670285740218695
6557,-30.201545334928333
6558,-39.44591750220451
6559,-36.69295487165958
6560,-48.001525534677555
6561,-53.23849487733632
6562,-65.11359084231144
6563,-63.4483402554624
6564,-85.64911428185141
6565,-87.86766338371896
6566,-91.45851259787057
6567,-112.69465183144109
6568,-107.37703906493664
6569,-93.37560084141694
6570,-79.16455960545426
6571,-93.64912493058256
6572,-92.44083888765891
6573,-81.53792370245691
6574,-76.66303753586135
6575,-80.11735673225282
6576,-80.36925039956942
6577,-65.67760524791392
6578,-49.999621879896
6579,-66.14554657641446
6580,-89.82549122234428
6581,-95.03538722576309
6582,-102.97339918925388
6583,-60.882526273767134
6584,-41.75376684322797
6585,-27.65262427920775
6586,-19.063327028923517
6587,9.076366084572498
6588,22.95285447889713
6589,18.51277840843982
6590,31.96874591987516
6591,23.83186986201003
6592,23.580970887132317
6593,13.765247025033382
6594,-19.27264017196682
6595,-43.027988713973656
6596,-66.1618425348986
6597,-77.09965381079888
6598,-76.57944535068953
6599,-86.11449216028413
6600,-80.44906614887262
6601,-70.13517622910942
6602,-63.32086443377089
6603,-46.47709663390866
6604,-49.06742959015038
6605,-38.66777212623272
6606,-34.03051845612352
6607,-35.481894623129804
6608,-40.46522606056631
6609,-28.63659343213162
6610,-24.53439158757415
6611,-3.2943430066428547
6612,-2.1500438249357146
6613,-12.175021345110899
6614,-29.39304436926033
6615,-22.46952831115243
6616,-23.404942375866256
6617,-20.205085452976306
6618,-22.61549800471812
6619,-4.202380506133423
6620,-13.048276162297569
6621,-13.929259771289097
6622,6.70483243723173
6623,2.80371226856024
6624,5.392238382734284
6625,0.6268426910088962
6626,-4.207422264675593
6627,2.994540262181097
6628,5.982588421212689
6629,4.692550044324214
6630,1.224667759151636
6631,-3.487209355371114
6632,3.800939312468948
6633,1.9495407793357842
6634,-1.9054848211167794
6635,-17.064489806051938
6636,-18.307605009734544
6637,-15.733834617161335
6638,-18.00660384479812
6639,-25.431697226349364
6640,-32.40722680224214
6641,-23.681523033795422
6642,-26.565610440892748
6643,-26.746024464821808
6644,-24.793292374360327
6645,-18.88266514080815
6646,-0.6504624083828574
6647,1.6634680364114232
6648,-9.918903440791631
6649,-13.74097450843896
6650,-8.475195596696231
6651,5.260704112356471
6652,9.472367815689147
6653,11.268799095731843
6654,7.129137331957303
6655,4.702597503033594
6656,-0.867483639960362
6657,0.34662344178125437
6658,-11.23150807370316
6659,-11.450289940329732
6660,-22.25178939107699
6661,-28.07292524217784
6662,-36.21158595424189
6663,-35.54303295421881
6664,-21.86058034167366
6665,-30.93335603223813
6666,-48.48811464413905
6667,-62.5768643902468
6668,-61.38600294364967
6669,-46.08692079360243
6670,-42.23435102549844
6671,-50.59926299351693
6672,-43.12499552177658
6673,-23.88246880574721
6674,-11.715647410969119
6675,-22.760969199982362
6676,-33.440415660030745
6677,-13.725974600561706
6678,-11.26217485598955
6679,-13.885247006898275
6680,-10.214878046399967
6681,-9.677314807923032
6682,4.2776809626001935
6683,8.991266887050067
6684,10.359487395307262
6685,-1.7504306241034513
6686,-6.348571386650583
6687,-11.809614312911556
6688,-20.71159384319089
6689,-34.3316648642514
6690,-43.67273275874175
6691,-32.103572314889234
6692,-37.47555561713871
6693,-37.7760077266059
6694,-40.479643047592575
6695,-24.285146378228568
6696,-15.566631304725085
6697,-12.339232456692535
6698,-11.179704118301622
6699,-18.812509013909867
6700,-18.672620789497948
6701,-15.836071281977546
6702,-14.773850162201562
6703,-8.894669766666503
6704,-8.7114048783994
6705,-10.877913059101694
6706,-7.415077702333882
6707,18.92249281956105
6708,18.2129489183205
6709,2.4769847107715677
6710,-7.709004671845811
6711,-3.6088834538742347
6712,-4.301423407100465
6713,-0.48899287658259283
6714,4.624649011471313
6715,18.47922705914923
6716,14.46251610921778
6717,5.355415167954881
6718,6.133630008120669
6719,-6.014640590093201
6720,-1.1352568091440176
6721,1.5633201195482158
6722,0.8786600656430537
6723,0.817252614093924
6724,3.122585790385365
6725,-0.5345447721523655
6726,-1.0675869346253464
6727,-12.115975750264468
6728,-10.032351105560608
6729,-8.720978584754292
6730,-9.766359783199036
6731,-16.24364593609554
6732,-20.65513446790664
6733,-24.999522922857558
6734,-27.869863481461046
6735,-23.354314911690857
6736,-14.777470416101146
6737,-9.37479501925116
6738,-8.449203137360932
6739,-6.425183894961613
6740,-13.072131907227948
6741,-19.73705543339762
6742,-19.25618205174957
6743,-0.5834593403904762
6744,-7.637731434647947
6745,-13.176689440944614
6746,-33.09223495474677
6747,-18.16234634732232
6748,-5.64325296549513
6749,-5.648357804939231
6750,-32.20109776503052
6751,-30.71107585479708
6752,-28.152369680299692
6753,-24.407943095138585
6754,-36.434300630812906
6755,-25.90721737532042
6756,-24.39237714736479
6757,-19.680495596013408
6758,-27.405998272623812
6759,-33.69068077404001
6760,-34.417057737802345
6761,-34.792432320404096
6762,-42.59517323097999
6763,-57.14248683219678
6764,-56.864258398724715
6765,-38.213022838376176
6766,-22.803775144356067
6767,-17.088400746752626
6768,-10.395821427611992
6769,-10.560891587467296
6770,-7.222901795378135
6771,-11.846963180889652
6772,-13.869193699010289
6773,-12.558179826897863
6774,10.783637538026191
6775,-2.2080880301299928
6776,9.886831638894542
6777,10.781850032606208
6778,13.968184278403847
6779,11.097402237857104
6780,15.35219438201566
6781,20.12720471198751
6782,19.741295798079285
6783,9.560706677435228
6784,15.034681444711161
6785,9.339340508040713
6786,2.034067941620826
6787,-10.531993877097662
6788,-20.56677925790872
6789,-30.7649132288051
6790,-26.423086317827668
6791,-24.472552797585585
6792,-24.914030415809854
6793,-21.286712780713167
6794,-23.332086496946253
6795,-26.21199607852091
6796,-27.008105702084293
6797,-27.992092302360135
6798,-21.44850961519282
6799,-10.247340510812187
6800,-15.804930664064862
6801,-19.460522615878453
6802,-27.9549132565609
6803,-14.973416401596957
6804,-8.366396916104328
6805,-9.782329330400565
6806,-20.19328028108402
6807,-24.058048170148325
6808,-18.472785158194668
6809,-20.70690282646929
6810,-19.761964499670384
6811,-13.3176217714881
6812,-13.933125652059864
6813,-6.230546183867496
6814,2.362605709958835
6815,-15.311956763912058
6816,-15.840463248360741
6817,-16.454111456081925
6818,-16.63042317696192
6819,-17.16895259725667
6820,-18.737743181850824
6821,-17.402615303601046
6822,-17.797284499229768
6823,-22.489976885540813
6824,-23.23773192613629
6825,-19.795971451638678
6826,-20.69719097274043
6827,-20.363677715737957
6828,-19.96046290187541
6829,-23.297239255060127
6830,-23.92830732657071
6831,-23.87977028516719
6832,-19.60216743160877
6833,-20.867127329323786
6834,-21.228545967706204
6835,-9.675167326185935
6836,-11.418693302672544
6837,-21.652500321140643
6838,-33.228530198150615
6839,-15.208289744512754
6840,-13.168025578577911
6841,-18.01627580449157
6842,-35.05963368138423
6843,-18.345616590889243
6844,-5.318548266644051
6845,3.137659442059011
6846,-14.454919756556443
6847,-7.626705069904752
6848,-7.045377486955125
6849,-0.9697903435383708
6850,-3.984046696716014
6851,0.32011358243574506
6852,-3.9813565324644387
6853,-8.423326435540808
6854,-7.337127924965749
6855,-19.176250763817983
6856,-12.533082259588234
6857,-11.135469637831328
6858,-3.226143962188239
6859,-16.834916809181777
6860,-16.333733138751597
6861,-7.955519080836666
6862,-7.419997656710109
6863,-8.731086330134772
6864,-7.492069010376056
6865,-7.599202530819937
6866,-5.28094791807338
6867,-10.69980745443683
6868,-8.149015621302276
6869,-0.43274100821491146
6870,3.8231220207219465
6871,-18.09508196397136
6872,-2.0713555134635797
6873,1.2626897146696692
6874,1.218404595948975
6875,-8.523183714039305
6876,-8.019485141987275
6877,-5.662932048287161
6878,-9.658332646631322
6879,-25.56841333189083
6880,-25.79933030750359
6881,-23.142975218190394
6882,-23.287344225112086
6883,-25.611877934805733
6884,-34.72726932753443
6885,-42.45207778473025
6886,-37.75432483683943
6887,-43.27891122231058
6888,-45.186025267580916
6889,-43.37656926294157
6890,-38.61868222824434
6891,-40.05849773675088
6892,-38.07179770959205
6893,-39.76890953168281
6894,-36.54797502234514
6895,-32.706127169338444
6896,-37.67504314433769
6897,-34.60797221115725
6898,-40.69892553142428
6899,-27.77870631719241
6900,-22.823568513631294
6901,-17.228570814588345
6902,-22.867484118219743
6903,-25.662318847228505
6904,-27.18570468273873
6905,-28.766105880248006
6906,-24.966262804173937
6907,-17.161904273137154
6908,-25.65910083363245
6909,-21.46968066554912
6910,-8.099230759669766
6911,-3.361735510898214
6912,-7.655593562907981
6913,-13.530506276259686
6914,-9.715788452478122
6915,-11.089342357110013
6916,-8.42460821349215
6917,-6.004892736209285
6918,-8.961549862744732
6919,-14.409707556199002
6920,-10.995197076971174
6921,-7.8016501751663085
6922,-13.428428051051064
6923,-13.834482570146875
6924,-13.634491037662357
6925,-15.722678206391535
6926,-17.36861378810302
6927,-12.93270574552983
6928,-19.462531808872995
6929,-23.026740138984536
6930,-24.996805851831454
6931,-14.169409564173648
6932,-14.272242693862225
6933,-17.547193227969345
6934,-20.558891659013128
6935,-0.8676521461560824
6936,-1.4236711810257319
6937,-6.191653069795457
6938,-24.36061389192799
6939,-8.729694406444949
6940,1.1924459713650748
6941,10.896992471151592
6942,-0.13604148198071186
6943,8.815683087440817
6944,4.563395280295168
6945,2.885370071049607
6946,-4.847626614188954
6947,-1.5653033966642198
6948,-12.640833235047538
6949,-15.401955003414187
6950,-13.296607254755386
6951,-25.675419334199134
6952,-21.6721897907219
6953,-21.17779438185765
6954,-12.84546581699071
6955,-20.00651859154356
6956,-20.401755500543906
6957,-11.62415400231918
6958,-7.293378085091426
6959,-4.66755653426015
6960,-3.1248315882969067
6961,-5.043731117193609
6962,-1.0751060159239572
6963,-1.4705282489315579
6964,5.726654478526157
6965,2.679818442632282
6966,6.537057073445865
6967,-8.608804872319666
6968,-1.7011112702811033
6969,-5.2841054744074825
6970,-3.5883722725043583
6971,-1.0574672211156937
6972,8.534836396881083
6973,12.526024072373396
6974,5.978192269122026
6975,-12.98652449444846
6976,-15.121767507548824
6977,-14.623544601374178
6978,-20.56485442728207
6979,-26.6119252520483
6980,-31.708588668843042
6981,-35.008225721194314
6982,-35.04157376729861
6983,-38.91355845585858
6984,-42.1005195215582
6985,-37.54465031616908
6986,-33.796146340789704
6987,-33.36961662026187
6988,-32.059382949583984
6989,-37.224208794379884
6990,-32.92024502318416
6991,-30.18867612643902
6992,-32.645458265142764
6993,-30.277562130050427
6994,-30.461055541826738
6995,-13.731869059513244
6996,-6.332423487069846
6997,-4.854745513497548
6998,-12.116778527452126
6999,-16.942807840498567
7000,-17.639676996592065
7001,-23.050411496701535
7002,-20.973057980025082
7003,-12.76531631142894
7004,-14.877921766912785
7005,-7.7710708471705985
7006,6.5083098288699475
7007,8.99930983736499
7008,7.060189861420355
7009,-3.961736786012665
7010,-10.137905251885115
7011,-8.188799212080497
7012,-7.939728234203685
7013,-6.803459297291155
7014,-4.367087874250856
7015,-9.893501145690415
7016,-8.182181794605448
7017,-5.304633635522812
7018,-12.582511075077328
7019,-17.645595686971177
7020,-6.8269400721081865
7021,-7.132622274822012
7022,-16.01524874484707
7023,-17.75953258874644
7024,-13.693488591162335
7025,-12.146151007063324
7026,-17.642415690787104
7027,-8.034784365129866
7028,-6.947782494522528
7029,-15.494594352801101
7030,-29.59543379518078
7031,-13.563967585150174
7032,-2.817927282707977
7033,-7.298276784524624
7034,-19.37278485929641
7035,-2.285852506938568
7036,3.747083352478228
7037,2.876758652432983
7038,-3.068769746867389
7039,-4.282293833324971
7040,-15.440461252488959
7041,-19.903734286179017
7042,-26.642088609636332
7043,-32.829572278768666
7044,-38.59219433355341
7045,-34.94594692096857
7046,-37.09455874009549
7047,-64.65175143773865
7048,-68.60068505914836
7049,-66.8977966187918
7050,-55.666216228076394
7051,-69.99807614686205
7052,-62.334220968305836
7053,-49.291144554629575
7054,-42.98075689996046
7055,-54.903563385456
7056,-65.3641945928155
7057,-60.46819437897792
7058,-45.500992306744386
7059,-43.19297294242717
7060,-37.152776974603974
7061,-36.23053874025971
7062,-36.86814651612702
7063,-30.456150971230826
7064,-7.234364393321627
7065,0.3418685291586172
7066,7.570140582165337
7067,8.642190855074368
7068,11.011719032889047
7069,13.9239702526745
7070,22.2073289818212
7071,12.131802266807036
7072,9.420033615085572
7073,-4.959302367858555
7074,-26.026536201106666
7075,-44.49009811677565
7076,-59.6127071369931
7077,-70.79840493114685
7078,-75.91938563507614
7079,-83.7998805360014
7080,-84.91346605836928
7081,-96.70732131537973
7082,-88.2184001293803
7083,-83.49912451432041
7084,-78.34509933683267
7085,-68.08306526067321
7086,-53.18309507991858
7087,-43.44760850288309
7088,-41.76961053996225
7089,-41.83252841145514
7090,-37.82034477202611
7091,-20.632922531397213
7092,-21.89113908599225
7093,-20.185364721416533
7094,-33.632573051517966
7095,-27.093698698075976
7096,-27.8905508693635
7097,-26.43173561849327
7098,-20.0827003551342
7099,-4.380828903919472
7100,-2.1438642937719337
7101,-4.4794320580118026
7102,-10.761740159702661
7103,-9.221215161954959
7104,-10.340142289672045
7105,-4.203241805449423
7106,-6.997998368156331
7107,-9.352707192324914
7108,-15.356475956757691
7109,-13.666709195833931
7110,-14.915702661044037
7111,-11.988873227761836
7112,-8.134611075556187
7113,-11.28725334832344
7114,-6.8728354956971245
7115,-12.68652515166572
7116,-19.893495265643864
7117,-25.8737231893803
7118,-18.202017103515843
7119,-13.261567238984014
7120,-23.550230113693203
7121,-38.147177201375314
7122,-31.897615427700288
7123,-25.144642929138783
7124,-25.156854074551504
7125,-28.143059688262767
7126,-28.24464499214922
7127,-17.42456933311437
7128,-15.326244604453514
7129,-23.923304162734503
7130,-36.34013297187287
7131,-15.990246669283792
7132,-8.03550033833794
7133,-8.57009355889538
7134,-20.372382225697706
7135,-10.424661187858987
7136,-13.059116716026779
7137,-24.593142752768472
7138,-41.59104553888898
7139,-48.15123295859409
7140,-62.628581120749445
7141,-80.69095293972678
7142,-82.27503913679077
7143,-86.32475018024446
7144,-87.57941161715424
7145,-86.19703034138458
7146,-65.77603834649342
7147,-70.38712793512653
7148,-58.82388958612179
7149,-70.6874771229379
7150,-50.325337925516884
7151,-39.42672074540534
7152,-31.409830266766654
7153,-22.092400645909528
7154,-18.04159602706185
7155,-27.677254005520318
7156,-18.649163871062356
7157,-1.9324764155661143
7158,6.749735563663862
7159,-6.322043597294908
7160,0.8800625580076371
7161,7.514905399985082
7162,20.792483046288346
7163,29.620055913697314
7164,21.403558920613627
7165,26.958719265359065
7166,16.671957679830747
7167,-12.585988895217454
7168,-5.188610516057807
7169,3.3992029348742534
7170,-6.909250668244638
7171,-20.992572730643182
7172,-38.69171873872548
7173,-61.541064900947354
7174,-50.630794075155926
7175,-43.16595250669573
7176,-36.09559624137725
7177,-34.80021612659519
7178,-40.391809733010376
7179,-43.848549597847246
7180,-55.30284780028189
7181,-53.38186262283305
7182,-48.43267725537124
7183,-36.50946310420063
7184,-29.854195892073285
7185,-27.356771685703286
7186,-22.83525999561266
7187,-0.025536334224952384
7188,-4.492184200638192
7189,-20.8062585403829
7190,-40.977791331558834
7191,-48.74014660211193
7192,-50.84461891043713
7193,-39.721048868638285
7194,-24.757334052028476
7195,-11.964681165834072
7196,-21.415324956374242
7197,-24.814198368455074
7198,-20.82874611298704
7199,-17.09468112318003
7200,-20.348242198412542
7201,-15.408042737933037
7202,-19.63597844942847
7203,-4.064913699465144
7204,-2.2878335565432124
7205,-4.4672339487215496
7206,-12.375912286510108
7207,-14.26976964518937
7208,-3.880596708258423
7209,-6.924752519689207
7210,-13.380271936666958
7211,-14.841210842283907
7212,-1.9159708897138543
7213,5.527024889448519
7214,-14.35819073943312
7215,-9.02442355067405
7216,-9.20400400101068
7217,-18.804497676281933
7218,-14.626110875248436
7219,-26.39686158146028
7220,-17.297449471675883
7221,-20.18781040443678
7222,-9.184015709085507
7223,0.39752447126018353
7224,-0.96350779487544
7225,-6.098938161509906
7226,-14.797570286010838
7227,2.3272618884183274
7228,4.1286750018621845
7229,-11.427005235619127
7230,-28.916961174636945
7231,-34.0447905229689
7232,-32.45265267164931
7233,-34.0463525914328
7234,-46.862415749852104
7235,-37.13065387681027
7236,-33.19050031006113
7237,-21.846377830555205
7238,-20.56887787574768
7239,-46.80705804165052
7240,-52.55882192649449
7241,-32.0208084300051
7242,-40.66109644347483
7243,-56.95124402790225
7244,-43.905732095821406
7245,-41.61746980179839
7246,-38.64579456822804
7247,-31.08478163618561
7248,-35.59722496950276
7249,-43.154632921177566
7250,-14.553381913053968
7251,13.384560904793382
7252,-8.5543459157767
7253,-39.730113348301415
7254,3.7115449273367815
7255,-23.90008365008081
7256,-9.882978250011014
7257,-14.063393976384567
7258,7.548566873886692
7259,13.987555807567325
7260,15.744557451720361
7261,16.731126489940145
7262,18.319398235201383
7263,27.059211321692715
7264,48.76214439137465
7265,48.50780152636037
7266,37.809641633462036
7267,34.56545975295796
7268,19.00810523412668
7269,-12.074476860291526
7270,-17.64235008529468
7271,-23.81528906707522
7272,-24.33269917151336
7273,-24.739105685140466
7274,-40.50900250158982
7275,-35.37438910025698
7276,-34.677096635616564
7277,-19.342100259957206
7278,-7.208061892459128
7279,1.9515909435399905
7280,-7.098324922383263
7281,-4.607091054487377
7282,-7.221618412732319
7283,13.885350438752148
7284,15.430547750175442
7285,11.38370121292747
7286,-6.812958950530337
7287,0.6110476538395346
7288,4.530454061451849
7289,11.53426821117943
7290,9.303798808317367
7291,7.721613865792463
7292,5.815243589734891
7293,5.404323667173102
7294,27.239714341842017
7295,15.795065160881954
7296,21.199252409513967
7297,19.561135281552474
7298,19.443550668566978
7299,22.187493785905566
7300,22.685090948031423
7301,19.602951196298484
7302,15.929201989909991
7303,16.719166785053368
7304,18.203545149554905
7305,15.530017004545122
7306,12.744486564382747
7307,4.690136861251652
7308,12.034304386363765
7309,7.928274213698181
7310,3.2851603410884636
7311,-1.4508019348909542
7312,1.3979464111337236
7313,2.374729929780308
7314,0.014503443027514606
7315,3.999863898945385
7316,1.1878213008670784
7317,2.189735211246095
7318,5.868441219951414
7319,5.146973931635564
7320,-19.415861013711627
7321,-37.47322660796536
7322,-44.06975676812465
7323,-35.735433409314005
7324,-46.61498013668035
7325,-47.02613997098707
7326,-58.448758030555474
7327,-65.10626161125924
7328,-80.3934940631828
7329,-74.50477033876555
7330,-66.60017023469632
7331,-53.437361020936784
7332,-51.5980678477084
7333,-46.58891428279296
7334,-49.078814068386386
7335,-63.79336009465323
7336,-54.936356938401225
7337,-58.62755016318392
7338,-60.65624412467805
7339,-76.07975699057478
7340,-66.70391302602168
7341,-47.393481521967615
7342,-45.701926200236656
7343,-41.46055359746461
7344,-36.29364802638091
7345,-25.42411922609071
7346,-27.468112494965766
7347,-26.956543749356236
7348,-28.799250566564588
7349,-32.29211108975688
7350,-33.46597980948338
7351,-31.065076804867303
7352,-19.737472494515423
7353,-14.016903127368884
7354,-10.933070444347656
7355,-16.468540552233044
7356,-5.150632185033949
7357,-0.30682403293952376
7358,5.0901993270269585
7359,-12.319568900240888
7360,-15.33949999291898
7361,-26.50084878759956
7362,-31.03027426839339
7363,-36.47527994434098
7364,-49.65519514787566
7365,-58.30962932479123
7366,-61.89389905331525
7367,-67.9812723142874
7368,-59.860857486450065
7369,-56.502803405296554
7370,-46.16462828261478
7371,-42.42147546598889
7372,-49.60383384750426
7373,-49.233431656783125
7374,-46.31449825992004
7375,-39.194454464010754
7376,-36.91747157158377
7377,-37.465750027936586
7378,-36.967509098918036
7379,-18.16254868937768
7380,-16.119094664619077
7381,-22.431169783778394
7382,-30.9141154648296
7383,-25.136999324666633
7384,-17.63660956612768
7385,-11.356966191298405
7386,-12.930548727605874
7387,-4.840833438224841
7388,-1.242065564828259
7389,-1.9885866703492283
7390,0.0868657683938423
7391,-19.447733421835785
7392,-20.03051710132585
7393,-19.954406175646177
7394,-12.641622613081559
7395,-6.7821834460000545
7396,-7.48559110166368
7397,-6.194674704636093
7398,-8.077486267163316
7399,-12.628123657227192
7400,-11.579690123770902
7401,-9.812963989035595
7402,-9.875558560437199
7403,-10.066830502761867
7404,-9.264080919782863
7405,-14.736972503502308
7406,-15.031388349682835
7407,-7.6729049783116
7408,-4.994114472671718
7409,-6.5818950856363685
7410,-10.423963285834212
7411,-4.6841190635187
7412,-6.695267525047775
7413,-17.359637657762995
7414,-34.0499959880346
7415,-22.031338292222074
7416,-18.020765448595455
7417,-28.299713612437785
7418,-29.827918809977547
7419,-3.0481222792053373
7420,3.4068743522674865
7421,-3.4293132166191143
7422,-14.116879785802247
7423,-12.04642577221545
7424,-24.053611123465735
7425,-21.799030144796227
7426,-21.306007800490526
7427,-22.31531729408821
7428,-22.339550002461387
7429,-16.541282708657583
7430,-17.74390693281564
7431,-34.81422527065565
7432,-31.37944593453478
7433,-28.39548309267446
7434,-29.481811508704318
7435,-37.20845881662383
7436,-32.601778627764546
7437,-30.026880981037053
7438,-23.437426562183433
7439,-18.11299645329305
7440,-24.57506607145055
7441,-18.968974642093627
7442,-15.869742956085844
7443,-19.899187067340456
7444,-16.012396518382566
7445,-15.807012794065379
7446,-21.842752089183087
7447,-19.334868596275776
7448,-13.081394063009377
7449,-5.425647312489723
7450,-2.5867364020836234
7451,-9.506309933887692
7452,-5.7985091186652795
7453,-3.2211393546147775
7454,-14.178158511903675
7455,-23.240915284677136
7456,-17.632467407855763
7457,-13.174581298041069
7458,-25.342031450459622
7459,-35.81475184164587
7460,-42.439720761896595
7461,-47.95240756034549
7462,-46.18779407800129
7463,-46.79455001437054
7464,-43.28900025697876
7465,-47.33117805856864
7466,-42.08169115193996
7467,-42.029648046388246
7468,-36.67103913384739
7469,-32.68918132602411
7470,-25.218737870517913
7471,-17.370559639285396
7472,-27.648264131384025
7473,-22.584917455682067
7474,-28.18410532824319
7475,-15.454710464003888
7476,-15.574013748766909
7477,-14.993235781442941
7478,-22.341529460448307
7479,-23.74360525817268
7480,-22.085006132520093
7481,-17.726195023319306
7482,-16.746392052807963
7483,-8.045614892192738
7484,-8.997137665957105
7485,-6.996160974762894
7486,-8.086516154993411
7487,-18.595507425517063
7488,-20.628316532760884
7489,-20.6722458109408
7490,-15.729919823327968
7491,-18.89510491512187
7492,-18.419825580080165
7493,-11.360195398277376
7494,-9.204710716317756
7495,-17.681909844483556
7496,-21.67929749336261
7497,-24.717431797165403
7498,-29.772402007498414
7499,-36.58386613853306
7500,-33.48754512287038
7501,-36.19717514448708
7502,-35.766886435978016
7503,-29.619399876855034
7504,-27.800667090674473
7505,-29.133149816677026
7506,-28.359363251831248
7507,-15.696341145218348
7508,-13.912675008782763
7509,-25.314981365033695
7510,-43.64993859289547
7511,-27.321939890627263
7512,-22.58807710189565
7513,-37.509635326078424
7514,-53.18645828909676
7515,-31.154036970539373
7516,-28.18089344460477
7517,-34.28577429036087
7518,-47.24172211911301
7519,-47.33436956299123
7520,-59.15772001978836
7521,-62.99462354582742
7522,-67.45875864508098
7523,-74.5095249018884
7524,-78.28109737550855
7525,-70.01347801304436
7526,-67.70585667234221
7527,-82.67181188502656
7528,-78.48492669751766
7529,-70.79867457971233
7530,-71.99679758758447
7531,-71.64642462592104
7532,-64.5288216843071
7533,-63.49315848727991
7534,-67.67032005284807
7535,-63.458864298635675
7536,-66.42958870196743
7537,-45.276183463691794
7538,-42.59306829534229
7539,-37.05422190821116
7540,-34.32028648168466
7541,-28.161235373819288
7542,-23.44608313086814
7543,-30.500545855935606
7544,-23.26816251175851
7545,-18.648803831073486
7546,-10.647762318517586
7547,-20.8370246245359
7548,-14.108427515784484
7549,-12.074132016296772
7550,-10.505730515669427
7551,-20.123293540597267
7552,-16.533163643624157
7553,-12.74696842275204
7554,-22.840898452923135
7555,-32.21812779870311
7556,-42.120056168550946
7557,-50.15665191887882
7558,-51.61329467148818
7559,-54.68487876871744
7560,-53.2248200908064
7561,-55.368994677373095
7562,-49.72478583078832
7563,-54.25177333041235
7564,-53.747351122232416
7565,-49.338423393981614
7566,-42.05142039751958
7567,-32.51401458084875
7568,-38.761657901438
7569,-32.36022745822511
7570,-36.58816184371814
7571,-22.123440106620926
7572,-15.526593021842864
7573,-14.350109708220366
7574,-20.795495026956523
7575,-24.663199466301364
7576,-21.5791609559503
7577,-15.346907474540842
7578,-16.83699450272536
7579,-14.332404432707122
7580,-18.051039930467496
7581,-10.584336543385305
7582,2.7751823677058454
7583,3.1725034994076537
7584,-0.9500058573802761
7585,0.8237582583949319
7586,-3.240001231975114
7587,0.27850215815874435
7588,2.361750323763715
7589,5.270752334860845
7590,1.0341214490606774
7591,-1.967824161955626
7592,1.4027357461752459
7593,-0.4203044823429636
7594,-1.647184501618078
7595,-8.253286342261347
7596,-9.122888890419134
7597,-8.740572461464367
7598,-11.305770301731243
7599,-4.284087706786067
7600,-6.203833201810568
7601,-21.32226913474608
7602,-12.16921208898546
7603,-0.38278008718249623
7604,0.575679267796815
7605,-12.018858150238273
7606,-36.142610246579366
7607,-27.59115953155547
7608,-28.256343841447837
7609,-43.888127434087046
7610,-59.18178118881426
7611,-47.325301825406584
7612,-46.60568415017606
7613,-51.42764686065705
7614,-62.8714799664469
7615,-51.27406695079739
7616,-58.44774422631619
7617,-57.08716991354433
7618,-57.80696158836892
7619,-61.476074427486495
7620,-58.6316006887446
7621,-49.32112747169408
7622,-48.90427185618411
7623,-68.32098435886643
7624,-67.3543000824556
7625,-64.93313626230257
7626,-63.06144064787888
7627,-71.15551512378016
7628,-65.72101234173306
7629,-59.122534281719645
7630,-58.24706500574563
7631,-55.17340283925052
7632,-56.921844663934515
7633,-47.228231127968634
7634,-39.36810963783257
7635,-38.71537565730749
7636,-32.21666205723362
7637,-20.256305281870922
7638,-18.81391898428386
7639,-20.7871670398836
7640,-14.610088899065119
7641,-5.390221681213774
7642,-4.629382458205924
7643,-6.967311780886568
7644,2.37817785911961
7645,6.923051056528671
7646,6.481343337854533
7647,-2.2610203379769445
7648,2.3851516945229747
7649,3.7205894052780337
7650,-7.186589378360296
7651,-11.766288691440074
7652,-15.73410273735825
7653,-22.77530123050652
7654,-23.710316906453663
7655,-29.20901304427551
7656,-29.655856879186416
7657,-34.06781127545426
7658,-30.137785338190156
7659,-34.71897650923501
7660,-33.88821675448566
7661,-33.21086315404907
7662,-30.417972547713426
7663,-23.964737932971843
7664,-32.60908671595777
7665,-27.56835023504607
7666,-31.742547224286852
7667,-22.168413120332147
7668,-20.872694877846172
7669,-22.07122676444739
7670,-26.566991090927516
7671,-28.25263531582757
7672,-27.447232441199013
7673,-24.416684290298484
7674,-29.56341703381309
7675,-22.170283571287605
7676,-19.87993646613001
7677,-14.57672518391039
7678,-12.32905035911137
7679,-12.756590587532287
7680,-19.190399755266355
7681,-22.699018152254496
7682,-23.434701482770635
7683,-28.13326092663847
7684,-34.83592539542637
7685,-36.99692348782516
7686,-42.979319023519224
7687,-51.581551154411365
7688,-54.68585940005769
7689,-42.94305183938341
7690,-38.59664211241938
7691,-31.326354761426813
7692,-37.229587051241225
7693,-43.320063885846196
7694,-40.886459920655824
7695,-37.828129174255466
7696,-32.44347822403664
7697,-23.123252296890414
7698,-27.573539391057707
7699,-12.363511480524068
7700,-13.073916704554875
7701,-18.306424640760866
7702,-36.53204928538403
7703,-24.39333095857875
7704,-28.08214975134961
7705,-32.66325029813003
7706,-44.589676216970894
7707,-12.387989970295337
7708,-1.030713429131879
7709,-9.818510595381667
7710,-16.615723133056406
7711,1.1039406661603124
7712,-7.98109940350939
7713,-20.514122067286607
7714,-24.76811359467881
7715,-7.25399852835892
7716,-6.554424637891515
7717,-13.632980981907423
7718,-20.446886947669924
7719,-19.13694367954662
7720,-26.056492518379002
7721,-15.530934002242759
7722,-10.864896250081415
7723,-31.921531860064256
7724,-35.59028368441023
7725,-26.45397250063241
7726,-30.424475060645257
7727,-52.95311279513535
7728,-51.69856153785641
7729,-45.3260848094579
7730,-23.566199703703
7731,-27.814388121316888
7732,-20.64528928211115
7733,-26.06069696411044
7734,-28.09124246889923
7735,-19.155979666292907
7736,-6.722041688894635
7737,-5.6202209319845196
7738,3.2613924852863505
7739,13.42273916103445
7740,26.04049719054688
7741,25.26985846882507
7742,21.98961313798491
7743,13.766777825636105
7744,12.761096240441255
7745,5.602342955736731
7746,-1.3256629351734546
7747,1.2747795853219301
7748,-9.192489284705978
7749,-11.776928036406794
7750,-16.520257473202072
7751,-23.6739619978312
7752,-31.607978177297625
7753,-33.53946417699335
7754,-32.73049253418715
7755,-34.13833314728796
7756,-34.15056087515577
7757,-24.549483357312646
7758,-15.76526311381442
7759,-12.80404988303583
7760,-28.831677452537086
7761,-34.93612871099827
7762,-47.535013749007184
7763,-29.867220257945178
7764,-26.42087735896564
7765,-21.286564795819004
7766,-34.775936252616816
7767,-37.12710870691911
7768,-35.31493820477926
7769,-25.417559860130957
7770,-22.40953482493064
7771,-20.16830753125449
7772,-30.818095702562765
7773,-40.042022751334
7774,-39.73825100905245
7775,-31.51413130002625
7776,-32.19344129852506
7777,-38.65088947408738
7778,-37.86145283783681
7779,-37.919542850400575
7780,-32.505848757491464
7781,-33.841524919750896
7782,-30.660539007953815
7783,-32.48490610361812
7784,-35.285087277452355
7785,-39.547821807441885
7786,-30.989569762032623
7787,-27.125450036060172
7788,-25.263578290741535
7789,-33.90333874612226
7790,-34.891879857839015
7791,-25.424783075153584
7792,-18.890823318743543
7793,-35.622535393464375
7794,-37.08830143201982
7795,-40.57193243861512
7796,-35.13762357953023
7797,-33.667858841322655
7798,-32.777836519755894
7799,-18.339607059856668
7800,-25.37561587189888
7801,-47.1785167167397
7802,-56.65423939609898
7803,-48.45411409532015
7804,-41.635445668796976
7805,-29.24987693960024
7806,-23.910886850793688
7807,-22.688989809928813
7808,-25.233512607685782
7809,-25.000260260487522
7810,-37.94125242485944
7811,-47.363388875218774
7812,-53.04267406848429
7813,-50.58695129739429
7814,-40.44371293011987
7815,-40.92284446916928
7816,-29.50375529138229
7817,-29.845993667001053
7818,-18.673762979238703
7819,-39.983555717872285
7820,-40.772405050423764
7821,-37.662935533595
7822,-21.75466989508444
7823,-14.837479658307338
7824,-19.126620707971632
7825,-4.547223466876211
7826,-5.1420924097717275
7827,-9.48932514220958
7828,-0.4446191583924275
7829,3.021983636837419
7830,1.5070181116351336
7831,-6.056947420569799
7832,-0.790910736928538
7833,11.273789671013702
7834,13.04572023460856
7835,-4.285896149303447
7836,-8.422522184030093
7837,3.202069872129165
7838,20.493880631923652
7839,12.356704930571986
7840,6.72622218399475
7841,10.555234285030153
7842,14.166513995606742
7843,14.229678634809595
7844,1.5367148359020817
7845,-0.2340222913842851
7846,-14.454358861390027
7847,-25.1285617491354
7848,-32.10271775799285
7849,-22.137472103015256
7850,-17.574143573829474
7851,-17.856582400297647
7852,-15.80660592885284
7853,-10.77177160398805
7854,-4.203099782083832
7855,6.130126792885392
7856,-3.9079483113773676
7857,-13.755574457294216
7858,-10.66265706528165
7859,-11.508875001399204
7860,-6.35106369475362
7861,-18.39605599181762
7862,-22.936906256859416
7863,-17.017904296718733
7864,-5.523189477908197
7865,-10.190875731282283
7866,-15.393417430427597
7867,-8.303698602499118
7868,-12.60241609192466
7869,-15.19750217477796
7870,-9.802016132827568
7871,-7.031110364799211
7872,-14.204562283488933
7873,-12.444439939462988
7874,-15.330613682187327
7875,-22.334508891456444
7876,-23.505270880163728
7877,-23.290924515269673
7878,-11.944857210078574
7879,-14.04845276119795
7880,-18.75106123680186
7881,-34.023362179712876
7882,-35.70884665371727
7883,-38.4355092876575
7884,-30.017324979778202
7885,-30.169801810248877
7886,-26.124748253646082
7887,-30.13121131776797
7888,-37.80791767531075
7889,-41.98026000124507
7890,-34.21070734798625
7891,-33.013061949220905
7892,-26.60345980931873
7893,-33.35330969962063
7894,-43.305212847209646
7895,-23.120747493928505
7896,-27.356154062600027
7897,-34.71301120001063
7898,-38.259821257723914
7899,-21.263742788767466
7900,-34.91813188596026
7901,-50.50611695608697
7902,-75.8354028998757
7903,-65.53766491056278
7904,-67.90355838311517
7905,-66.81336097041411
7906,-75.56201104145643
7907,-71.41186008922872
7908,-65.30353926328164
7909,-48.83234054490893
7910,-4.993515444929095
7911,-58.50235781380667
7912,-79.65488095974774
7913,-66.55630742498664
7914,-31.18735422689854
7915,-75.64558786650463
7916,-76.06838583249953
7917,-74.90523947105436
7918,-30.778648290930278
7919,-33.32214584359669
7920,-25.696254318945662
7921,-46.82142962172345
7922,-38.16269199282324
7923,-29.5951600149005
7924,-63.58362030663824
7925,-54.023277412088646
7926,-61.74116455182457
7927,-35.09057411733247
7928,-22.58645376364789
7929,-29.62469124668727
7930,-40.91672379550469
7931,4.4160190437257825
7932,-1.091725347982674
7933,-5.766028461365863
7934,-13.930176535461499
7935,38.79614305404664
7936,40.85011147269381
7937,29.825304648775386
7938,19.029948996706146
7939,52.10006933374814
7940,16.342298378436972
7941,-13.825924015148132
7942,-26.047737290265104
7943,-22.50787932347155
7944,-35.146566584878606
7945,-46.43776090214429
7946,-40.48040887901139
7947,-42.34473778671257
7948,-50.16047207987508
7949,-52.91943158916986
7950,-51.115214082649246
7951,-46.62392570034682
7952,-52.44721176938158
7953,-56.791180033053266
7954,-58.95722405945186
7955,-36.85704830014623
7956,-32.511993308786025
7957,-40.63304955191137
7958,-55.0264345549285
7959,-43.083518024805045
7960,-33.8530212618665
7961,-31.86777981218995
7962,-27.06397807849416
7963,-26.234509476173443
7964,-27.748543194698712
7965,-19.644606189624724
7966,-7.54635631220863
7967,5.186084580282959
7968,1.562904572085209
7969,0.2854001685848502
7970,-3.174064774004087
7971,1.948961755397228
7972,-3.444736767365434
7973,-3.00900357736608
7974,3.070879015303042
7975,5.1329106804612294
7976,12.55340332445305
7977,2.5162825328560174
7978,5.516538256180176
7979,-13.984761109947073
7980,-10.093348695353228
7981,-9.522926626526754
7982,-7.504148882126437
7983,-10.865623605904425
7984,-8.742574773838832
7985,2.2930097932429945
7986,10.85219966890967
7987,-9.438846633146746
7988,-13.910344306912727
7989,-8.296831225901265
7990,0.3549336253344322
7991,-4.802081581090469
7992,-8.747605114704434
7993,-15.83990113160916
7994,-34.31931434951531
7995,-28.903758622674538
7996,-22.4106919467825
7997,-17.26056544399888
7998,-27.053263268743457
7999,-50.53617110787291
8000,-70.52298200604389
8001,-61.1343418144745
8002,-22.300880777389743
8003,-18.074439522526838
8004,-25.62682647670014
8005,-9.409945949465488
8006,8.949801921950801
8007,-10.859135596051779
8008,-3.9482910873671315
8009,-4.960645103849579
8010,-1.3265610401870234
8011,-47.09337413846562
8012,-42.64898128039597
8013,-11.553010552784151
8014,16.205532410410505
8015,36.36198551970854
8016,28.25918474220539
8017,43.999933921205425
8018,15.0444332899933
8019,1.8538649303504755
8020,-3.607577701539647
8021,-2.1973603077904684
8022,-18.70581255693697
8023,-26.753302769159845
8024,-39.925555999437776
8025,-32.20000479009836
8026,-35.69701782745038
8027,-6.2630835156312585
8028,-17.673351723659216
8029,-22.91219218554734
8030,-29.72011274450388
8031,-18.6751204948908
8032,-23.12775709506503
8033,-17.055456446245394
8034,-16.068377856146505
8035,-18.813567198724407
8036,-32.85916087825673
8037,-45.620437570940894
8038,-21.796798877827726
8039,-12.528717801172824
8040,-12.425598656058888
8041,-41.41025229230717
8042,-50.878186447958676
8043,-57.131229887006754
8044,-42.95363624360624
8045,-32.855844711687524
8046,-19.319026603106316
8047,-11.404094043137057
8048,-0.08929668705459193
8049,-4.947547565819484
8050,1.0799645166634733
8051,34.375752013765904
8052,27.21754507414643
8053,17.11711431886919
8054,4.138699189447031
8055,9.499447235527377
8056,2.161930788534441
8057,1.3960077718740465
8058,15.82831373233332
8059,20.970123010467525
8060,19.795975531421142
8061,24.99598687050777
8062,28.626813745375117
8063,2.3219209245929093
8064,-1.8274100148163441
8065,4.247453422743455
8066,1.9093360623239093
8067,6.014672696542739
8068,3.031181217534005
8069,5.89537756385824
8070,12.723587103718053
8071,13.969812059949469
8072,12.052259324692976
8073,6.4684037717133975
8074,8.4989505436886
8075,4.814323994180448
8076,-0.07978433825645226
8077,-4.856173061757751
8078,-0.6494498086576428
8079,5.27004083695207
8080,13.062878221277778
8081,9.76627151119127
8082,5.925327420948783
8083,20.49911584221629
8084,22.452312219214086
8085,5.699765875784259
8086,-13.272106218225481
8087,6.792054191292294
8088,6.807033653283526
8089,-5.154167889944404
8090,-14.673734280616827
8091,-6.85071858778452
8092,-14.946976759559426
8093,-25.89843890744863
8094,-35.1760524226599
8095,-37.68616373956319
8096,-57.96769629484197
8097,-50.12641449292829
8098,-35.421453265274515
8099,-28.04901818399842
8100,-34.01533937528345
8101,-35.967409144479895
8102,-35.04370256677394
8103,-48.42805363822568
8104,-50.693467422668405
8105,-50.39052297872543
8106,-44.48946554759858
8107,-68.53104232972267
8108,-74.58498916144988
8109,-59.70538901459015
8110,-52.97728534751532
8111,-62.65717242477635
8112,-71.5729493489541
8113,-65.05608358664759
8114,-49.846842683649214
8115,-58.00015610962494
8116,-47.183282048850074
8117,-54.532400409381026
8118,-44.30311874741308
8119,-47.93884709208219
8120,-39.56508160189275
8121,-27.36331656365507
8122,-14.754779915461022
8123,-21.42667896417926
8124,-13.979263991085716
8125,-4.8177146121900165
8126,7.0468855358805484
8127,2.124206013355483
8128,5.296119075574772
8129,3.2804769669685854
8130,-3.365629052793288
8131,-0.4119768136594786
8132,-17.596212803737345
8133,-31.0138486689532
8134,-43.49427855720229
8135,-61.61304257773684
8136,-63.49390632866402
8137,-66.59778920387797
8138,-70.39649090582299
8139,-76.71549172345826
8140,-84.4071207188264
8141,-78.97122143350288
8142,-66.95624102501654
8143,-59.98786349070082
8144,-58.14115515728329
8145,-57.56437976956457
8146,-55.192081416930336
8147,-39.25994438204277
8148,-35.724994471174774
8149,-35.17464874734328
8150,-38.67553720523532
8151,-39.73150991920757
8152,-43.21593966806422
8153,-39.78260745106867
8154,-39.890700424329296
8155,-34.832919416404174
8156,-38.26402549731913
8157,-34.12251866614444
8158,-25.496966885210817
8159,-32.57260012360029
8160,-33.31383997701618
8161,-25.52465989145258
8162,-26.62215374431286
8163,-29.50947498609998
8164,-35.584113657342364
8165,-39.2810900645447
8166,-37.733397340022194
8167,-37.81053083044088
8168,-31.148791284179083
8169,-31.980925034674527
8170,-33.407906155316084
8171,-37.0651631861574
8172,-40.87230577499829
8173,-41.12669823296482
8174,-37.931708588956376
8175,-31.197384169957537
8176,-31.720382765929436
8177,-40.729206860813164
8178,-48.57403433384998
8179,-35.67164194839187
8180,-34.24419692024562
8181,-41.29346162907322
8182,-56.48660585207733
8183,-38.13967999746514
8184,-31.171923563864638
8185,-33.089719854688965
8186,-41.007127948961184
8187,-17.301594265938995
8188,-11.829154817519019
8189,-5.50272619961401
8190,-15.784324662107643
8191,-17.703012413065927
8192,-48.73694517205148
8193,-60.888974431749986
8194,-72.75614559521486
8195,-80.59526048708867
8196,-81.85189742639406
8197,-89.06462212069678
8198,-84.21333451294205
8199,-107.8591287591293
8200,-98.74139485934114
8201,-87.3886075949041
8202,-80.02333512526798
8203,-69.70362643845937
8204,-60.337588971538594
8205,-63.667614565440374
8206,-70.63769106191137
8207,-70.91933205820426
8208,-67.78382350841265
8209,-71.40250683884933
8210,-54.84021056361958
8211,-61.007882770042556
8212,-48.58135645028449
8213,-39.95269835564454
8214,-32.055779418594966
8215,-38.670285838716765
8216,-31.807896854534512
8217,-30.436478414362945
8218,-21.85792761382576
8219,-23.31849023668815
8220,-11.114166059477498
8221,5.6034941058127785
8222,1.0614635171256097
8223,-21.07359520017058
8224,-22.2038091288642
8225,-20.94772805278526
8226,-26.985695224724815
8227,-31.64143531989987
8228,-53.88802475766269
8229,-61.6855178364537
8230,-66.65921392503301
8231,-76.27896433942462
8232,-81.25558034930413
8233,-83.62779294673624
8234,-75.05938921752045
8235,-65.59027569585054
8236,-58.5127291488635
8237,-45.90906836338617
8238,-29.449075331671466
8239,-20.67288621578391
8240,-17.613475475445547
8241,-10.733821118362648
8242,-8.904449932959928
8243,6.733354466740032
8244,-4.20818123625633
8245,-13.462960983766799
8246,-17.30147529431519
8247,-15.646508152582442
8248,-19.670639996473085
8249,-16.519509086084184
8250,-13.036524477140205
8251,-13.490588001047726
8252,-12.584732788426678
8253,-9.303447918992688
8254,-2.6363106388175623
8255,-3.185281254102776
8256,-0.4946103610611061
8257,5.986244164837828
8258,5.843183509762312
8259,14.176473782621606
8260,14.521571022991374
8261,6.5043158381632225
8262,3.816853680921639
8263,6.176967369760838
8264,7.6160571682338585
8265,7.959359798162531
8266,9.634330478811826
8267,4.517063592111853
8268,-4.038087506559705
8269,-11.886269935900643
8270,-15.30809417379622
8271,-8.470254011210983
8272,-4.76883835750192
8273,-8.65122924301835
8274,-9.5173574298245
8275,2.90441346038871
8276,-0.7990677047371406
8277,-14.156423302434504
8278,-31.26806668264301
8279,-12.88654192281178
8280,-14.04215924271842
8281,-20.5034080684406
8282,-27.170916754606488
8283,-4.750930168087947
8284,4.826036490840167
8285,-10.950443435326079
8286,-23.970614853537953
8287,-12.219250319407735
8288,-26.020206544226
8289,-32.6383503216388
8290,-43.0619823709994
8291,-45.35470406522889
8292,-54.1905488355667
8293,-55.66171930745675
8294,-45.25864124652436
8295,-58.66991352074284
8296,-51.48148152439113
8297,-48.75515115866391
8298,-40.59879311605299
8299,-43.42421333086582
8300,-45.691693730001525
8301,-41.49726029093852
8302,-51.9105726163662
8303,-51.39838306888851
8304,-49.66191469716194
8305,-47.75708739927746
8306,-32.02327691328032
8307,-32.72702280454392
8308,-13.427466616183196
8309,-6.021084329820482
8310,-2.9493964192450193
8311,-7.187134373392695
8312,4.691183481738534
8313,10.35699267639231
8314,10.223509212092864
8315,3.1068801712615723
8316,1.1251090568665418
8317,12.41164808876875
8318,14.046579875734473
8319,-6.8565727375540035
8320,-11.419342707434268
8321,-14.193016988492488
8322,-22.307932891822176
8323,-23.587971801854074
8324,-39.44664842634878
8325,-37.408198064212165
8326,-37.500007286915285
8327,-43.46891842156111
8328,-35.506951112665064
8329,-28.995437324568627
8330,-30.134018372287642
8331,-28.824270095371823
8332,-30.24848461725498
8333,-31.05953453566216
8334,-25.53700649623014
8335,-17.055473501441156
8336,-14.292902416355275
8337,-19.628691030319175
8338,-24.38512879433418
8339,-15.308413696407953
8340,-20.668497871561314
8341,-27.422233032289242
8342,-29.538155024265293
8343,-29.919665256268893
8344,-29.339049392858094
8345,-21.942077722542045
8346,-22.214703376232073
8347,-21.090167757352226
8348,-25.338053868578136
8349,-15.15417903620719
8350,-3.5632558363219644
8351,-8.287489688958544
8352,-13.168374715857226
8353,-10.282698977977873
8354,-9.540023308498917
8355,-7.844745859945661
8356,-18.033687237620953
8357,-32.65006352281371
8358,-39.406440930991394
8359,-41.990707718922444
8360,-42.95197044624266
8361,-42.565584784900445
8362,-40.091997909558025
8363,-34.97863439968768
8364,-39.45912463846105
8365,-53.97849350115433
8366,-55.72882508081224
8367,-40.724913933858645
8368,-16.535881429246487
8369,-2.523760535564165
8370,-23.234543598438464
8371,-15.61940050825882
8372,-16.87849891013289
8373,-30.137262544503756
8374,-45.03044175175003
8375,-16.279258744685357
8376,-19.681248443512537
8377,-30.24448271506551
8378,-28.830479772082775
8379,2.9583222170919896
8380,-7.751715392065734
8381,-35.76253458116386
8382,-63.60137083333936
8383,-63.85767960406439
8384,-72.75545633635959
8385,-58.288326104352606
8386,-47.902590991428596
8387,-36.95016601236901
8388,-35.852774380471175
8389,-46.40399447815284
8390,-58.99371121504575
8391,-75.9479107616591
8392,-75.10630935768035
8393,-68.07171448053543
8394,-60.18964774677278
8395,-77.52279762047857
8396,-102.36684405447598
8397,-103.57997957271034
8398,-77.38596007644412
8399,-69.26346787874806
8400,-67.22268399962323
8401,-81.12453875417563
8402,-46.327369459559144
8403,-43.50258315319912
8404,-46.85481449735472
8405,-31.16871823892422
8406,-8.5794372334297
8407,-14.675723416871719
8408,-28.28129183316655
8409,-34.53571956464661
8410,-40.313490612972586
8411,-17.677095120326165
8412,3.478565127130018
8413,10.38666818791642
8414,-8.95335710687818
8415,-2.8485275808126858
8416,2.2426007173143034
8417,5.41360942328015
8418,11.25540274307798
8419,28.149417631450717
8420,18.229483342212127
8421,0.48961385162032656
8422,-0.6889849265289243
8423,24.292953191015407
8424,3.49157722797635
8425,-16.519812075921593
8426,-23.71917654355933
8427,-17.670075895008857
8428,-44.82877866357537
8429,-53.7808461896603
8430,-46.11204890670074
8431,-26.669373233201206
8432,-20.498662696514245
8433,-16.124592754820142
8434,-19.65303435955623
8435,-21.71020514664184
8436,-27.231606066532947
8437,-20.472914658149307
8438,-11.949596870657473
8439,-27.38815952567345
8440,-27.904598717907625
8441,-32.937550278382
8442,-20.627435258102317
8443,-26.991186193789922
8444,-33.98275552544569
8445,-37.22979706682318
8446,-11.478603150939982
8447,3.978437208684042
8448,-5.60246031488505
8449,0.6830473570984594
8450,-8.934384851039724
8451,-5.43799975961781
8452,-4.21972842037016
8453,4.304170972777996
8454,-8.500211849838962
8455,-15.947403034088914
8456,-23.55497331099459
8457,-21.402003844370647
8458,-17.25153364980047
8459,-18.63987532505631
8460,-32.60850185252174
8461,-34.008029635256335
8462,-37.374395900764696
8463,-21.534764585278424
8464,-22.228775304911238
8465,-5.247360781477511
8466,-8.421328575748134
8467,-14.745188742493056
8468,-35.65897635762006
8469,-48.714014452693434
8470,-35.22591064010403
8471,-10.91400092724647
8472,-14.09271083834674
8473,-20.466484824575907
8474,-11.714394244791357
8475,14.573853995515343
8476,2.171666223389039
8477,-1.825302340320306
8478,-5.68141554283342
8479,-1.767722345552528
8480,-15.576808500888944
8481,-8.591860726115215
8482,-5.40222192120325
8483,10.228267668883191
8484,17.143814891930184
8485,11.05074344559985
8486,8.838292633524148
8487,-9.051638840507579
8488,-14.320394850754226
8489,-27.471044752858816
8490,-29.977738423524286
8491,-59.48723798579507
8492,-64.19923049105327
8493,-60.99034099459211
8494,-39.30435970020337
8495,-22.200548718546067
8496,-15.84381756807327
8497,-32.66891600128546
8498,-23.67737855106484
8499,1.3668874564144033
8500,-12.97042197196005
8501,-19.188889058908515
8502,-37.802454529715384
8503,-23.36301972858695
8504,-17.703700733445032
8505,-29.317784523404725
8506,-6.188335100774111
8507,13.674520192523751
8508,28.440313211710617
8509,16.38078396662491
8510,37.54371717584854
8511,14.765211771390192
8512,19.508302164383842
8513,2.563287323280022
8514,-6.115027670894179
8515,-15.201431364866913
8516,-8.33209595160934
8517,-19.434055712168934
8518,-32.55598202209685
8519,-34.330435146048046
8520,-33.52901479285953
8521,-36.895098721953985
8522,-57.46373955338174
8523,-57.320619302268575
8524,-53.02305124366203
8525,-46.96109903139453
8526,-45.77315517222983
8527,-43.41087704403362
8528,-38.839542145631164
8529,-39.63415351151253
8530,-49.987120369136335
8531,-37.47202252227585
8532,-30.562362366621315
8533,-25.11539949431541
8534,-31.352490933969463
8535,-16.065749664568408
8536,-20.040320779669308
8537,-18.32261914243491
8538,-16.056557550783474
8539,-9.37701380555999
8540,-7.211015336515182
8541,-1.948828799698454
8542,0.26233509136300626
8543,5.031319437854258
8544,11.459389693459833
8545,-13.807516835314509
8546,-10.119808515976466
8547,-13.031383349452035
8548,-5.160901536689501
8549,-7.770925280473513
8550,-24.98469060421693
8551,-26.42699256099931
8552,-28.79144551045269
8553,-33.18748974503589
8554,-13.562238743013893
8555,-14.21381917137014
8556,-21.929308690512578
8557,-31.946252288814627
8558,-27.675092253273014
8559,-23.21089454010633
8560,-33.031861607505
8561,-43.07612143805699
8562,-39.99506519897845
8563,-37.69591444666415
8564,-44.57745246236492
8565,-46.188640910373636
8566,-47.38594194263864
8567,-32.90723575977704
8568,-39.447027367523205
8569,-40.60306424551764
8570,-46.71700005974644
8571,-32.33363992943196
8572,-24.83567100463815
8573,-23.50590152466051
8574,-34.93171942845162
8575,-29.019844975131186
8576,-35.5549611614504
8577,-44.559389824373895
8578,-43.28233270124308
8579,-33.70093542721295
8580,-38.75177752263514
8581,-46.59665605781308
8582,-44.81936155509598
8583,-66.03530699539357
8584,-71.09296030181139
8585,-50.947738657130174
8586,-42.17727274700411
8587,-72.70538682535368
8588,-49.00191057997415
8589,-35.43396804609398
8590,-28.466277352405314
8591,-27.994574502487424
8592,-37.860965435935455
8593,-25.882717392061366
8594,-12.856659562046858
8595,-9.151407704177352
8596,-23.611774337136808
8597,-10.558123187745245
8598,-30.22576724632114
8599,-26.314654638860794
8600,-9.489846281576696
8601,-11.636456212703031
8602,-8.864247445600121
8603,-9.826140010334939
8604,4.122026906238091
8605,0.40470602256056054
8606,-2.2183778566235617
8607,3.072346883201341
8608,4.560349047883086
8609,-24.507771743692324
8610,-57.70895735519679
8611,-54.47659797247371
8612,-45.80534435480965
8613,-43.098393312099915
8614,-34.69656662978363
8615,-21.11123612640555
8616,-19.040168928906134
8617,-13.996087362483657
8618,-14.7690664641107
8619,-23.59819705908241
8620,-29.303456664658384
8621,-19.678898110548133
8622,-7.100994424454271
8623,-4.054526180853323
8624,2.8712166997605024
8625,3.3585185041957786
8626,-3.862959201875789
8627,-8.022680651318915
8628,-17.251330331813527
8629,-11.62982296258442
8630,4.322573582797311
8631,-8.49105513926429
8632,-9.535475564837185
8633,-8.78176863708211
8634,-5.5281489481480435
8635,-6.0062503884091285
8636,-13.09678026441874
8637,-20.08273859465173
8638,-18.075026810291533
8639,-2.1170168059173093
8640,-1.3525439385113671
8641,-15.468790952221191
8642,-20.120842350151783
8643,-26.414186245476422
8644,-10.147189930678302
8645,0.900591393064083
8646,-2.5931796081150154
8647,3.0097484318085534
8648,7.433912855472805
8649,15.953843160722577
8650,4.623353174141577
8651,-1.1911634807132216
8652,1.5940045082334038
8653,-3.8584231583805106
8654,-9.641957850983879
8655,-13.638918139419438
8656,-10.08135967100079
8657,2.2718706776324566
8658,2.356721063032772
8659,-4.597557227039097
8660,-15.58455258443508
8661,-23.769423723243797
8662,-14.547368651806188
8663,-24.782717115104916
8664,-24.929682626240236
8665,-38.93394467027113
8666,-25.696269726263672
8667,-28.59806074188618
8668,-23.287859444696217
8669,-44.69022623648679
8670,-39.00871721639441
8671,-43.256274231994205
8672,-47.30364780069973
8673,-61.67775277544603
8674,-45.2112313305494
8675,-57.861553893617646
8676,-52.39570122210248
8677,-48.48761914728343
8678,-73.8966593801045
8679,-60.245868608274925
8680,-46.23693806462507
8681,-41.00226408519462
8682,-62.04465504320565
8683,-56.932996428159655
8684,-61.254158711270875
8685,-64.63319571791142
8686,-58.882486283559075
8687,-63.180436222089924
8688,-41.31665131874885
8689,-30.12876749797468
8690,-22.825457934692288
8691,-27.449765659452346
8692,-52.04696335912596
8693,-60.92054114874782
8694,-54.30627634116347
8695,-36.880524064111356
8696,-43.09893453551548
8697,-50.58927059759408
8698,-46.926370700675605
8699,-23.163903887134197
8700,-18.74244705284307
8701,-19.575521230709462
8702,-42.90285844516149
8703,-27.652432557437812
8704,-26.571552879540242
8705,-17.411811944612403
8706,-15.663293512354592
8707,-27.490236035204262
8708,-38.02998212729902
8709,-43.72997114437955
8710,-42.44050913626682
8711,-51.58421133587361
8712,-52.65611154288691
8713,-50.03503248394269
8714,-28.832320418154296
8715,-22.944787159912124
8716,-34.297623916713036
8717,-37.49519760649903
8718,-23.969276293620815
8719,-23.923798118839237
8720,-32.59583233196158
8721,-50.461663094255236
8722,-25.829490220578357
8723,-23.636842530742094
8724,-8.703629179146056
8725,-3.1663572642418742
8726,3.9891385534925448
8727,-1.5066638398581986
8728,1.887985156656292
8729,9.168787409052122
8730,9.512240788900023
8731,9.291614803367146
8732,1.149156288875595
8733,-17.347957443964496
8734,-20.38605391805404
8735,-13.679649606032363
8736,-6.0897042900041285
8737,-3.358683545640041
8738,11.995325480974138
8739,8.301420374613507
8740,9.239602656751508
8741,1.3791355198591404
8742,-9.329999059717608
8743,-12.480489896590058
8744,-9.52127652076382
8745,-1.0203410380213995
8746,-1.677995832309044
8747,-10.170547012160895
8748,-7.393018769729615
8749,-6.290080774715129
8750,-9.899484996251125
8751,-19.296892966528624
8752,-15.549722514112808
8753,-14.357901799402306
8754,-14.034129605586706
8755,2.1493622467697904
8756,-5.5370681612657435
8757,-20.091514263810488
8758,-14.251051084184766
8759,-12.5829711495809
8760,-20.477131857058097
8761,-24.36791751174907
8762,-5.711647690431697
8763,-7.2511331664792
8764,0.7803991395090932
8765,2.4098803882743383
8766,7.1519633331758925
8767,18.810880028919875
8768,5.559752888292216
8769,8.058310885300976
8770,18.624689764731592
8771,10.024022168866146
8772,5.088740529758219
8773,-7.7332007881064655
8774,-27.149802762797087
8775,-31.770677106790338
8776,-22.39803838087942
8777,-30.003116493570495
8778,-39.63761809492465
8779,-39.10828456629474
8780,-41.604468523037895
8781,-34.264059260641375
8782,-48.362406778291486
8783,-75.5916957521355
8784,-72.16157757533342
8785,-61.522086731035884
8786,-57.433711179798586
8787,-79.30874900759392
8788,-71.5969800388574
8789,-54.243749407081644
8790,-38.97860998987594
8791,-36.161286075163765
8792,-40.447232516915655
8793,-33.641557487922604
8794,-45.49695792138078
8795,-20.839416430715687
8796,-21.425379151700724
8797,-16.114173624020168
8798,-17.09599121574734
8799,0.8061249482214876
8800,-10.189511914402253
8801,-29.834895412817723
8802,-17.75342079503588
8803,-2.5727286437507075
8804,-1.4965289963420219
8805,-25.47858093967983
8806,-37.17766836845838
8807,-42.63966804478162
8808,-53.517463072680734
8809,-40.78224408933787
8810,-48.80378468396752
8811,-63.71587965954494
8812,-59.959953573594404
8813,-47.64398001146709
8814,-27.836071664588424
8815,-40.449785655818694
8816,-46.89291751414516
8817,-53.80285710490433
8818,-28.05776044514385
8819,-20.370879965218442
8820,-21.739375196454766
8821,-20.145590832864478
8822,-23.212685128789047
8823,-20.98606094110977
8824,-22.623909053475643
8825,-15.475986116343336
8826,-10.249239324835926
8827,-3.8808551384701317
8828,1.9497322013160456
8829,9.213041349967746
8830,-13.24860884348076
8831,-18.515796358816978
8832,-4.357596141711873
8833,20.80417702121965
8834,-2.5259754350270995
8835,-30.838497250565062
8836,-37.343111589319555
8837,-15.305720890075285
8838,-9.67885875939244
8839,-13.272901079423761
8840,-28.590937847012825
8841,-31.574918480874302
8842,-23.207727365537725
8843,-17.440958612573503
8844,-25.268587945342578
8845,-26.09425804120369
8846,-20.083301617575096
8847,-24.46042993456961
8848,-27.01097221487543
8849,-25.63258006674905
8850,-10.470931406952566
8851,-12.150833965425399
8852,-14.870498078931668
8853,-36.177627268487846
8854,-32.342010310443015
8855,-48.610446315268035
8856,-49.646503467018135
8857,-68.81096677984254
8858,-64.18760878647743
8859,-76.93398288302586
8860,-71.74634892564836
8861,-56.50063809198219
8862,-53.634725031805
8863,-64.29865372684648
8864,-63.035434570321534
8865,-44.587788982316304
8866,-7.933190885494476
8867,-16.394768629386085
8868,-30.30509263458641
8869,-16.99912108245912
8870,-7.285029134414607
8871,-4.619189262767499
8872,-26.970116542642167
8873,-10.834594113187428
8874,-43.22156242765105
8875,-45.19174449280966
8876,-32.101071669954806
8877,-6.609059733417027
8878,2.544506596780707
8879,-6.098781525594802
8880,9.491608173040845
8881,17.14449421543327
8882,13.301387809041351
8883,-28.22014991859133
8884,-50.69372710480961
8885,-34.79429486764171
8886,0.3068813741019554
8887,-9.525630397081635
8888,-39.81281775808795
8889,-22.516147205189235
8890,-2.2272068758019117
8891,20.866063818851963
8892,14.26860800298779
8893,16.63071069611756
8894,13.285032954085942
8895,41.00808597609236
8896,72.1186405907005
8897,69.77596800588552
8898,59.42776272098709
8899,32.43759394279263
8900,32.34191114447347
8901,13.409789892268932
8902,1.5931092764020391
8903,-7.097113791821577
8904,10.728141290495564
8905,-6.82790549287602
8906,-14.883795148867677
8907,-21.53074221082747
8908,-8.128411300002085
8909,-30.383798695960365
8910,-8.480251142488491
8911,-2.3670798503159673
8912,3.6122890901382974
8913,-23.479237048356392
8914,-11.592921918309152
8915,-3.477274836924586
8916,-5.722286706098892
8917,-2.4224519393601227
8918,0.6645028321041337
8919,9.521716161097217
8920,-2.9977177350216238
8921,-17.579408396240964
8922,5.595479563169249
8923,7.408547946555672
8924,8.7242337653405
8925,6.974036699020502
8926,27.397007361182347
8927,32.44445076614191
8928,31.80752525405383
8929,32.834718777036144
8930,36.97786912541886
8931,37.954830880852484
8932,35.161296691074
8933,28.16606090427402
8934,26.250174842130797
8935,22.36099250278337
8936,19.6111193851548
8937,17.5341854492928
8938,20.82857513058576
8939,29.787171409941507
8940,23.89955076608149
8941,16.960343137306182
8942,26.17797975992606
8943,23.497848888173948
8944,14.137869418744842
8945,5.472771037908004
8946,24.052361733366155
8947,25.986124833251523
8948,22.34368111169178
8949,7.863390052261593
8950,21.271744019348496
8951,11.509504504774675
8952,6.049959962762166
8953,-3.654849588947222
8954,2.5262702297979445
8955,-1.9180152001298154
8956,-2.994181515848709
8957,-14.778058752475374
8958,-11.277131044093025
8959,1.5778545782479654
8960,10.762191374235911
8961,7.1474970397074316
8962,21.556318411845666
8963,-1.5071669254458584
8964,-4.071924293695645
8965,4.600488011363154
8966,-8.705883986637929
8967,-15.78748752819277
8968,-13.891198093299835
8969,3.9250823437480733
8970,-5.0772631631909135
8971,-10.472200636846289
8972,-15.3154576975708
8973,-13.243458984614541
8974,-8.299026656110065
8975,-12.336081533485576
8976,3.2567149430872817
8977,4.6599242495545425
8978,-0.5576224357131139
8979,-7.450243288711448
8980,-7.18706294634049
8981,-1.772944295517192
8982,3.9572985404653735
8983,9.185956227451513
8984,3.9185338459239034
8985,7.071654380146057
8986,5.1384904195288
8987,5.868106654373257
8988,-2.08116549884668
8989,0.4176934719298444
8990,-8.138285391022322
8991,-4.430845065526938
8992,-9.849784821741054
8993,-11.53418901516028
8994,-11.404669583351513
8995,-27.079758262211985
8996,-33.18196208257453
8997,-43.89702070203282
8998,-43.10119325764215
8999,-39.049966388649764
9000,-36.614909419683485
9001,-44.159641555407305
9002,-52.84662742910239
9003,-44.23338884739441
9004,-43.54686567107005
9005,-45.42493824379885
9006,-29.896339543100723
9007,-30.2232218510308
9008,-34.41085992991769
9009,-35.14897569798238
9010,-4.0440801803088675
9011,-2.659401614097561
9012,-13.947582671639537
9013,-12.993306694031077
9014,-5.4645162511523395
9015,-3.8167429211304764
9016,-7.986064135577784
9017,-15.432465707859173
9018,-1.8546490484160856
9019,-15.214051266920585
9020,-9.474515850173354
9021,-9.940687034534129
9022,-8.950814724290794
9023,-4.51733764429558
9024,-2.881443850763347
9025,-10.964136804806387
9026,-25.179082797956625
9027,-19.24850297608191
9028,4.837925272596976
9029,16.56022773202696
9030,25.603144679745732
9031,23.775648336816637
9032,26.33395130820896
9033,21.057094984874375
9034,15.316321402385014
9035,5.760900010399823
9036,13.015117129717211
9037,-10.927786544803844
9038,-6.203973552590043
9039,-17.482695123365744
9040,-22.333557198568826
9041,-21.373844695150893
9042,0.029651837188012564
9043,6.8011723868660425
9044,4.654493817590819
9045,-12.494430309628356
9046,-13.627958407920069
9047,-16.86431316231944
9048,-2.097374374363376
9049,-3.5301538142677558
9050,-10.20747716623454
9051,-31.258780248866188
9052,-36.753258369177914
9053,-37.38908374287708
9054,-16.283277183113654
9055,-2.6347751393073224
9056,-8.527376367346875
9057,-18.614071264163186
9058,-0.42555798885975094
9059,5.903424970047283
9060,6.909086657286011
9061,10.726918012392886
9062,-16.174136852061608
9063,-26.71119736108868
9064,-20.76256002800652
9065,-4.177557904446857
9066,-14.169386439079226
9067,-11.330090636737161
9068,-19.82256626398594
9069,-6.970287960257558
9070,-11.841221379936151
9071,-12.469785268795768
9072,-19.854166487729806
9073,-17.801602212574956
9074,-17.258928013812223
9075,-34.67897585546238
9076,-40.37011526213159
9077,-21.300845346804337
9078,-9.35840241583233
9079,-26.345612428701397
9080,-12.116350848293365
9081,-5.65821793474467
9082,-0.9536762460792758
9083,0.012240787128753539
9084,13.647598994344442
9085,7.248936398719373
9086,-1.7640401580007818
9087,3.8732945995415236
9088,20.43957021611409
9089,27.121066647044373
9090,46.80405293360272
9091,37.37554139037954
9092,33.05900085758972
9093,14.029244120691807
9094,5.014479082982774
9095,2.7255356706470195
9096,3.025075276082589
9097,-3.77368935589152
9098,-11.775063013365276
9099,-7.9736388930536535
9100,-3.7064022165098507
9101,-1.2549438906556318
9102,8.392825522351359
9103,-0.4162418342570504
9104,-12.263574658199786
9105,-18.29602212144789
9106,3.2674070564234654
9107,8.794165008049944
9108,1.3919083851661895
9109,0.926341095373985
9110,-1.721773940019709
9111,-4.074987148397035
9112,-3.342353086734697
9113,-8.364849423925556
9114,22.168237940449266
9115,32.19184201354062
9116,35.13536929187765
9117,30.39199009712354
9118,21.096300055460233
9119,12.279955330590212
9120,13.102909211692975
9121,25.32676869993952
9122,21.896299700738737
9123,20.66355809446746
9124,19.500403179147852
9125,12.599814157299946
9126,15.61605089375805
9127,21.432435058790183
9128,20.13985558696222
9129,4.193354528216439
9130,4.19055723972312
9131,7.844996253923767
9132,12.858204914713468
9133,-5.621528200901821
9134,-2.7564012376782188
9135,-2.978392192199223
9136,-7.807308835454577
9137,-11.353623205258842
9138,8.524058971370835
9139,14.053317950905836
9140,10.628869500398508
9141,4.943155852640359
9142,11.282763711234317
9143,2.6166483668226377
9144,-6.303282880314292
9145,-17.12292064854784
9146,-2.781292751469323
9147,-14.603920316233797
9148,-14.591646639711911
9149,-27.53623056645037
9150,-48.44396194733035
9151,-87.18803990460104
9152,-92.36144584297345
9153,-97.63776600045587
9154,-77.35447911183658
9155,-80.92978837099056
9156,-68.8523775323392
9157,-70.14234593704381
9158,-87.70337187112938
9159,-85.91196841449874
9160,-82.35894513869806
9161,-68.63327970777044
9162,-88.00205218961975
9163,-103.58132193115097
9164,-109.71215323101971
9165,-86.02305427927303
9166,-88.5887301509027
9167,-73.9906225623387
9168,-65.56881257092945
9169,-64.86650370763456
9170,-60.02495415857385
9171,-54.60666806231632
9172,-46.19004891538265
9173,-34.88973804912456
9174,-32.58952911527448
9175,1.4094669609408044
9176,3.2167878474993614
9177,3.0691230601074295
9178,-7.327764556025166
9179,-1.0892752430937165
9180,-8.594525090272505
9181,-9.570422897437375
9182,-5.897010702361911
9183,7.995365075369762
9184,-0.6562571527317687
9185,-8.980341667755681
9186,14.305856489573777
9187,34.42978478931322
9188,19.56055853945349
9189,-10.173511395819993
9190,-3.6065249048906054
9191,-6.077456220269013
9192,5.602812635475843
9193,8.553383339740591
9194,0.606111919814829
9195,-3.1120405367128328
9196,0.9918071698950328
9197,10.189649443802985
9198,48.84995019749363
9199,39.363997351558396
9200,33.46381138071399
9201,18.82801543730052
9202,39.63793521332953
9203,31.12650092312917
9204,32.5899563570341
9205,37.64051126347114
9206,24.882185265105562
9207,-25.943282424618367
9208,23.423664692497134
9209,60.11393114241038
9210,51.038218736343296
9211,-17.1709682440248
9212,2.037569454486892
9213,3.831249322089839
9214,23.081367003937025
9215,24.325855281671828
9216,29.51132700831593
9217,38.03798764803889
9218,41.32104505334969
9219,37.37480992803923
9220,33.6402878825654
9221,27.266527004205116
9222,25.348746290637663
9223,30.196457284332595
9224,24.437339452599062
9225,15.855459682341504
9226,13.717712681805175
9227,22.700273533733444
9228,30.675437527214598
9229,25.52444725218242
9230,14.207989991446887
9231,5.565547458321511
9232,9.358003566949954
9233,-1.7000008165746792
9234,3.3122559551477124
9235,-1.989280168673993
9236,1.3389578370234503
9237,-27.128137879802615
9238,-40.22889336931601
9239,-45.69239084825509
9240,-33.60197299185404
9241,-27.517024212155405
9242,-22.521384937126932
9243,-41.15764606860797
9244,-25.2879845092856
9245,-28.998257433698832
9246,-44.772441713031206
9247,-63.08439259738778
9248,-56.29083126851091
9249,-61.59784309656279
9250,-74.70264268121804
9251,-96.13510253490483
9252,-75.38350695454363
9253,-54.584298253361744
9254,-98.04811486419473
9255,-102.1803721894934
9256,-80.03739470363459
9257,-62.190164794652766
9258,-70.01185553535986
9259,-66.77827910517196
9260,-60.225531699118775
9261,-69.42305166684137
9262,-88.48211552112139
9263,-113.33562300132246
9264,-93.16798922410055
9265,-73.39818768555233
9266,-96.8339434175177
9267,-109.78595850877659
9268,-103.88749968223235
9269,-86.87284817503965
9270,-117.69369264410433
9271,-114.36540366444594
9272,-74.00955205694905
9273,-37.538920888735866
9274,-19.279580565876458
9275,-19.12909259879875
9276,-10.596034276401312
9277,-5.840785189226878
9278,2.4903168978797723
9279,-0.8732145666929867
9280,-15.764382949660053
9281,-31.458909481680145
9282,-34.630336472801176
9283,-40.251714144738216
9284,-38.55093421541601
9285,-32.21314436969975
9286,-34.6556843734817
9287,-40.658834845055644
9288,-37.98781342515107
9289,-39.90647915377814
9290,-44.340339512654225
9291,-36.31608097960071
9292,-35.13736062423851
9293,-35.624844954278046
9294,-4.807637378198308
9295,1.961236678378505
9296,-3.2728722099906804
9297,-25.790791979730837
9298,-13.51666615406706
9299,-11.415107261224001
9300,-5.245537019391442
9301,-3.354414465485725
9302,-10.052679659840791
9303,-15.145703395014053
9304,-7.7618580082627915
9305,4.9312721906863
9306,9.67697404823528
9307,13.065042133614241
9308,8.896843075111008
9309,8.570697183563766
9310,6.913481212866181
9311,-0.6600963155198443
9312,-4.473268925794201
9313,13.123383455365435
9314,3.209547664219606
9315,-0.3589036133451984
9316,-1.5988470154208088
9317,6.703652717750025
9318,-8.200692515056467
9319,-7.543273640797061
9320,-9.888214743404397
9321,-8.55660677854896
9322,-26.564326144501038
9323,-34.528338062559655
9324,-14.648858775882715
9325,1.1878128871782252
9326,-11.81623241228337
9327,-16.564445807966152
9328,4.937701164554561
9329,46.635126209793356
9330,54.83328562910465
9331,45.80641312959064
9332,20.24281530018215
9333,5.183920221657594
9334,41.00224286377524
9335,43.190441975269394
9336,29.025232355117765
9337,-4.077207727039145
9338,23.124117137020228
9339,8.723560457524094
9340,-8.262819753759274
9341,-7.553760745707521
9342,11.000868013701897
9343,46.11807044638013
9344,28.680087822912725
9345,0.18161896474824601
9346,-44.13469291760988
9347,-54.376096985403265
9348,-50.7713168464676
9349,-31.894575255213525
9350,-43.05042547403569
9351,-28.20338301819679
9352,-39.255583444758756
9353,-32.265717919515666
9354,-25.4197211958164
9355,-18.934934010522788
9356,-32.0558669810025
9357,-30.61387536325997
9358,-25.734173663056715
9359,-29.09869873040106
9360,-13.684485738338829
9361,-29.35402250169944
9362,-41.911020275664946
9363,-43.429098736239546
9364,-43.42390865239587
9365,-51.15107607055051
9366,-59.47282978598818
9367,-67.012162115932
9368,-56.423807040218236
9369,-20.97695321325628
9370,46.147336216493386
9371,41.54591784395737
9372,37.779634594067616
9373,20.890762122057602
9374,58.25014251687726
9375,55.14776452099137
9376,38.480073748011435
9377,27.51081010672827
9378,33.652850857863214
9379,29.89443719693419
9380,8.462690835971536
9381,-3.6209713111159303
9382,-4.732528920040835
9383,-12.298514152596567
9384,-25.8398487084298
9385,-34.36748874928318
9386,-34.978315780250746
9387,-30.72549296874127
9388,-35.549781786697686
9389,-41.34572874841928
9390,-24.34918119584885
9391,-17.533740562353735
9392,-22.231153900649424
9393,-34.773099180675224
9394,-25.81026792985476
9395,-18.85418855276761
9396,-10.778745146935407
9397,-3.2992227683819166
9398,2.1227153133176913
9399,10.74877912136862
9400,6.122109006274293
9401,-3.549449881183442
9402,22.40257674035086
9403,19.155094823315828
9404,18.961779030138466
9405,18.418710308704952
9406,12.630402910967923
9407,12.994967721904409
9408,15.156789676150517
9409,17.17059482123978
9410,18.178348532744472
9411,15.485043294901196
9412,15.965508389344443
9413,17.609359833136118
9414,11.146239635094048
9415,9.689641669968921
9416,13.43199981471193
9417,12.50262609670051
9418,3.560040981970964
9419,0.5894191686507
9420,-8.572734279907465
9421,-15.29440594460867
9422,-4.4433239976292
9423,-7.713605908032413
9424,-14.926267094063867
9425,-29.453678594363232
9426,-5.211705439861184
9427,-2.4807416025539553
9428,0.31308096761907933
9429,-20.82999861762348
9430,-19.378367011677554
9431,-23.86380365304437
9432,-23.92141764766923
9433,-35.93632101384374
9434,-29.33001874690276
9435,-25.059997815704627
9436,-20.57608867190273
9437,-33.84399126073591
9438,-48.05200670277183
9439,-57.5806375646823
9440,-63.81391846822155
9441,-69.32347928085616
9442,-67.94855002020361
9443,-71.25307323986411
9444,-66.261803340189
9445,-54.99722396488371
9446,-68.14774905267586
9447,-64.92962278480559
9448,-64.65726413621684
9449,-52.56061961211122
9450,-71.73229286829934
9451,-61.1656649150097
9452,-63.387495470325405
9453,-60.75656176768587
9454,-74.47596860242085
9455,-63.808936076232854
9456,-65.5790060157686
9457,-48.26263026522976
9458,-49.97037588595912
9459,-34.42471899773255
9460,-22.11258847593421
9461,-12.159263217845243
9462,-19.966923652021173
9463,-18.09032312244043
9464,-6.896988755791575
9465,-3.6768114432293046
9466,-2.0808266680422207
9467,2.6220750622694595
9468,7.339662498414469
9469,0.5056041978277221
9470,-5.514532116086251
9471,-2.2375805694795687
9472,-7.56472751961504
9473,-5.2358949379027635
9474,-4.882470272512336
9475,-13.276126546449603
9476,-6.076278119310899
9477,-25.848497758111023
9478,-48.34673403863656
9479,-55.07792797609455
9480,-52.460340921668866
9481,-61.13817777243273
9482,-69.80369962432333
9483,-65.06612749052213
9484,-62.34461039621017
9485,-56.3951778565641
9486,-45.85066816645014
9487,-42.31636341035131
9488,-44.18240193250865
9489,-50.17698206330807
9490,-29.133631535848103
9491,-12.968990967867704
9492,-5.835862271361286
9493,-5.542960504260172
9494,-20.848664025236246
9495,-25.95178920844606
9496,-26.36720862174576
9497,-26.564327172788012
9498,-9.672319179703138
9499,-2.4403985854495645
9500,1.2564182749742727
9501,-14.429623953653746
9502,-28.664344339166696
9503,-14.988915887394008
9504,8.422575763372286
9505,19.697496974927553
9506,15.370683505909604
9507,7.363366213499013
9508,2.1426760822569193
9509,-1.8638672398965284
9510,-6.587768660134046
9511,-6.515080626758632
9512,-9.792115615677389
9513,-24.77831444893367
9514,-33.949565091043155
9515,-27.25695147210209
9516,-24.284301298340754
9517,-29.662063069283224
9518,-30.858149815430487
9519,-47.16513945011314
9520,-44.5439232433913
9521,-39.39933621441471
9522,-22.275090575179156
9523,-36.135414274189266
9524,-31.71032149595363
9525,-35.748065802590425
9526,-17.488943072010642
9527,-19.583126326570692
9528,-23.592635655413915
9529,-26.723742529408185
9530,2.121033013034797
9531,12.266670138213037
9532,-21.4755344279534
9533,-58.92439553384259
9534,-55.95831568694418
9535,-33.52796062073795
9536,-9.860337462603091
9537,-12.181589909481623
9538,-43.07812015374913
9539,-79.16823716749627
9540,-40.19307114176707
9541,-32.951823191502235
9542,-65.05004642101923
9543,-77.77354621452778
9544,-37.022291505215925
9545,-24.71955307244847
9546,-50.06684557640402
9547,-60.272483469904884
9548,-68.94755591202203
9549,-57.32019512270436
9550,-39.71758910623117
9551,-28.965323639677763
9552,-34.481629789759324
9553,-11.196503397896038
9554,-15.633796299557716
9555,-21.114787923869738
9556,-49.01964955680249
9557,-29.002164921242848
9558,-27.85699678180074
9559,-22.302575425543033
9560,-22.885877562415338
9561,1.9970430801330181
9562,4.393756125107032
9563,-14.726284089686871
9564,-8.721934400583095
9565,1.0717512884621812
9566,2.8775515834083407
9567,-4.15884681845538
9568,5.735981441131081
9569,9.884219116901328
9570,6.914890048102748
9571,-3.497761563095466
9572,-2.6666414347527763
9573,-17.64978147654456
9574,-43.17210272754436
9575,-47.80041039806542
9576,-32.17726672922932
9577,-21.125178404218097
9578,-41.24284453770849
9579,-51.87850775007439
9580,-36.786105718012976
9581,-23.47446193864198
9582,11.09487053362762
9583,0.6447601692407332
9584,-0.10787028623933992
9585,-30.17458457664156
9586,-10.43426806658946
9587,-1.1136722588423495
9588,8.658900447594554
9589,3.5867697733329678
9590,-3.567874028662416
9591,-16.736544090722944
9592,-5.324723412894301
9593,-0.948694260991644
9594,5.002793764870717
9595,1.9281806241445452
9596,14.213368828488484
9597,18.580987033645407
9598,38.59100735283327
9599,33.46184817197339
9600,25.030659119700402
9601,14.870588848613778
9602,20.5603645144639
9603,27.324609460340056
9604,37.295643152909435
9605,35.94276511924417
9606,24.042003167210503
9607,20.943572771272237
9608,27.979846155254165
9609,32.41091982859531
9610,24.304976074532277
9611,12.459805584323732
9612,7.209341515526376
9613,8.209076894739923
9614,11.916858401780573
9615,18.959394167256548
9616,15.41611731277844
9617,15.259053645236818
9618,18.521505603039657
9619,29.312583546478223
9620,33.91418843956747
9621,20.42744672840996
9622,23.06151406448587
9623,13.789821084274827
9624,0.46432361500325925
9625,-18.26249008706784
9626,-11.659512038819344
9627,-23.556016694828397
9628,-26.71255235137752
9629,-32.731113530782125
9630,-32.693875176543045
9631,-27.43782516416213
9632,-23.20758510594352
9633,-15.832082638329396
9634,-9.37640447887975
9635,-14.419737320903323
9636,-16.728510522212446
9637,-11.278153732476255
9638,-36.610585146831085
9639,-26.304394329010247
9640,-4.7498075861192035
9641,-7.11040861553667
9642,-38.71290929806432
9643,-24.392115540940015
9644,-24.531277561194177
9645,8.184010846682803
9646,8.047639008485199
9647,-24.84302809136067
9648,-23.72016917322536
9649,-14.11116953587753
9650,-20.840370519836
9651,-20.748700631523803
9652,-20.794298902793656
9653,-10.723932892763713
9654,1.3780509176150844
9655,-3.601314004841484
9656,-11.606305298425085
9657,-1.744243513622635
9658,8.73441330597759
9659,22.32849949316195
9660,17.096638376730276
9661,19.994519752050444
9662,34.17650277210724
9663,54.004495536776275
9664,42.69465686426467
9665,20.423699882507748
9666,33.683659815516236
9667,33.06939443042624
9668,37.65573563713376
9669,16.297968422104496
9670,-4.772358632473654
9671,-15.169350722571053
9672,-10.425371070003095
9673,-14.115043248992478
9674,-24.145753544472587
9675,-24.978183789521598
9676,-26.52812540240068
9677,-39.651045790471514
9678,-36.045718874747095
9679,-31.567378307644944
9680,-31.72066567645912
9681,-45.27294496856244
9682,-46.945296714580394
9683,-47.13898710924289
9684,-48.348526557615656
9685,-46.09626028149407
9686,-49.45501333869642
9687,-53.937503533708075
9688,-53.99611947574106
9689,-62.08251098051948
9690,-43.2821991417752
9691,-44.878672160821445
9692,-35.2712647189116
9693,-26.907866166094543
9694,-22.856807068492387
9695,-25.834371023738058
9696,-17.745573027877626
9697,-10.551889593869006
9698,-9.868639507176454
9699,-1.8642441432129147
9700,7.348645398056476
9701,17.157207417892778
9702,14.997768125926662
9703,11.630847423196265
9704,-0.6327167322364673
9705,-13.11945183707828
9706,-22.13743383624388
9707,-14.00278618988876
9708,-5.807657392945352
9709,-18.257631626971296
9710,-24.82782570871302
9711,-24.51306391446184
9712,-26.675542583145585
9713,-21.385802098042603
9714,-10.673685231998448
9715,-9.507917951262655
9716,-11.138129457714271
9717,-25.494204588740942
9718,-13.347272069132892
9719,-12.346598000963475
9720,-18.498978577873295
9721,-27.859472805091094
9722,-19.901741830280073
9723,-30.927645181154574
9724,-41.33612893723712
9725,-56.649602580915214
9726,-69.04025962393908
9727,-80.35476894257286
9728,-77.45950843992651
9729,-59.53508959356972
9730,-44.33078808911968
9731,-41.36273826821544
9732,-31.716732964695566
9733,-10.846321140754597
9734,-29.955528010182476
9735,-34.222475549002226
9736,-23.18348577615818
9737,-12.380089000122652
9738,-20.68850387660131
9739,-20.28447424094241
9740,-11.88990871607313
9741,-9.194187727048408
9742,-18.01265185308393
9743,-21.28219583471725
9744,-18.085424335461035
9745,-15.79937631568368
9746,1.472680648439578
9747,2.7210063005390595
9748,-3.2423379649816724
9749,-2.7391437197120325
9750,9.837630958627898
9751,17.3903717861821
9752,12.554987672721126
9753,15.391333343232503
9754,16.480832192914143
9755,17.965727522444247
9756,15.377024872431186
9757,22.34310835081704
9758,13.80278010952334
9759,7.1750698891470535
9760,11.803477924520692
9761,14.981540988492512
9762,27.811425048820936
9763,32.69752407690217
9764,24.42583437969882
9765,23.523651631598916
9766,22.997283111510427
9767,10.117511366717252
9768,-5.886255266544083
9769,-13.341123007600345
9770,-14.659526253946872
9771,-12.179375861419665
9772,-12.59572972659732
9773,-22.45353982197745
9774,-13.080413387540489
9775,-11.307903566164384
9776,-12.000454975947179
9777,-17.24751759328919
9778,-1.3442759543030292
9779,5.758776160143
9780,7.7257323063591485
9781,4.504884123570932
9782,-0.6842791826814434
9783,4.024466271380625
9784,0.49902813436839466
9785,-9.426386832133396
9786,0.8489859332040268
9787,-1.9442179751989173
9788,4.089507837216665
9789,3.116003720354051
9790,2.2174554169325233
9791,-6.906743748441016
9792,-2.4152043976370408
9793,1.0381307675464768
9794,-6.448302331194569
9795,-1.5032258094216928
9796,2.357291595400895
9797,7.644958260061841
9798,5.7604688154353525
9799,7.1838737752139465
9800,-0.5900528929611895
9801,-9.379717805338721
9802,-21.487959383041577
9803,-18.185732024209237
9804,-9.717417737519234
9805,-14.331598568071932
9806,-7.917196216518491
9807,-11.522860167863385
9808,-23.082928669910004
9809,-29.008592775514398
9810,-27.767908038885025
9811,-35.528804874565964
9812,-43.22470120233916
9813,-56.5475977484316
9814,-45.42091636633946
9815,-55.94181589053803
9816,-61.14022368115902
9817,-77.25585272427875
9818,-73.82898942974
9819,-72.93533863861543
9820,-72.97281037620527
9821,-83.55092038522125
9822,-87.91089466265781
9823,-89.93823957470407
9824,-93.99295662348463
9825,-80.84750190357794
9826,-77.64377900297845
9827,-79.17545599464788
9828,-73.76935896201795
9829,-45.32962410577173
9830,-71.51334370991958
9831,-76.06634184830153
9832,-67.54939804984429
9833,-52.58720701033775
9834,-74.5351377523956
9835,-83.18197903205981
9836,-67.41060793372986
9837,-55.82161982823482
9838,-75.1699880330356
9839,-63.50220174492184
9840,-61.63633181307002
9841,-51.85701200791831
9842,-43.850655139926914
9843,-40.71167139595758
9844,-37.00220672527223
9845,-50.893206319163255
9846,-27.947098628398102
9847,-12.81416608852986
9848,-13.92148275720534
9849,-19.763206111903443
9850,5.36778053359091
9851,23.671534839871683
9852,37.314395656715874
9853,25.42936817128559
9854,43.2912016331115
9855,50.29590658724864
9856,53.861812157938814
9857,32.24922096769491
9858,33.94893284530373
9859,17.41105652557973
9860,10.552589780216287
9861,-5.074806661602601
9862,-29.43675421753944
9863,-28.70701548333015
9864,-25.593022127987
9865,-19.613196918014197
9866,-35.107543018160264
9867,-29.535030204839064
9868,-28.505588553823163
9869,-23.220223488112957
9870,-15.969159271256629
9871,-14.872549029524507
9872,-23.59643861925106
9873,-34.404089130349305
9874,-25.92932208449062
9875,-16.283627531535274
9876,-13.810889565617686
9877,-5.597054377561108
9878,-22.01564690261757
9879,-27.755441949438428
9880,-22.598455721877663
9881,-6.754532235578246
9882,-12.320009271246953
9883,-18.80341635267373
9884,-11.520752300701922
9885,-10.219266635405766
9886,0.5599418418238926
9887,-2.1813738240159424
9888,-5.460225078071922
9889,-5.31061086909731
9890,3.444050689663335
9891,11.3807698288473
9892,8.38643701105341
9893,4.113235405791592
9894,4.415475402620174
9895,6.291476868896908
9896,9.549802644097198
9897,9.130478045294737
9898,2.2770206214785205
9899,-0.5895084288756678
9900,-4.172423262616043
9901,-4.484443800359294
9902,-8.440125176665184
9903,-13.490409932624196
9904,-17.88000877249211
9905,-4.196852436675634
9906,2.9247528755017456
9907,12.010786132339057
9908,-0.23483259091802466
9909,-22.584522597773095
9910,-15.984332456610645
9911,-23.297472061186227
9912,-24.685161053517277
9913,-47.62328542978173
9914,-58.66452311724107
9915,-89.81811830245033
9916,-95.2705962837054
9917,-68.45598755631863
9918,-72.94371682134093
9919,-92.28572367423479
9920,-105.84506945222792
9921,-93.25474672030245
9922,-76.06059306920093
9923,-68.9322321425073
9924,-52.4473344776734
9925,-45.491775613749105
9926,-78.78109472026253
9927,-81.76887337986355
9928,-62.271217808107544
9929,-32.95195517860592
9930,-44.275460100779455
9931,-60.59458318069072
9932,-48.55757326269075
9933,-25.114058238343645
9934,-22.69845581020536
9935,-51.980385714907584
9936,-61.27929455410725
9937,-60.83028593010164
9938,-60.46468876447567
9939,-60.85796588493825
9940,-84.03944214468473
9941,-106.68684816109837
9942,-70.58901340282736
9943,-54.29802129997059
9944,-68.96953676152677
9945,-81.58075497008454
9946,-13.229506562963977
9947,25.11059340864246
9948,10.560839905660728
9949,-7.106697124180684
9950,3.5543614607549543
9951,31.155624247786363
9952,21.477302375629897
9953,11.71101888438465
9954,17.350630307393473
9955,16.416228936128775
9956,4.254456718896407
9957,-21.740036423319808
9958,-46.290516387405084
9959,-75.5570534383267
9960,-91.14438918624325
9961,-99.53621171234442
9962,-126.85432742163965
9963,-133.27120145278255
9964,-115.63668269925176
9965,-77.08662530055848
9966,-42.75316677602217
9967,-46.19682212382895
9968,-62.35599886999985
9969,-73.47363128761987
9970,-51.15201156558495
9971,-41.60741714423772
9972,-37.11813730461123
9973,-28.1128867088591
9974,-30.271509686805004
9975,-24.681927007714748
9976,-16.46160191753249
9977,-0.5407608329967815
9978,0.1545038062042181
9979,-9.552968306110444
9980,-4.6115728034691585
9981,5.538297316873525
9982,41.467569359314254
9983,43.48927724157822
9984,34.7713477784679
9985,35.98025495787509
9986,38.4308249236052
9987,46.83276763993888
9988,38.17865380512694
9989,36.71350139062059
9990,18.80134279580256
9991,18.219015646368042
9992,35.828867940103024
9993,41.323723456124654
9994,27.269342586664877
9995,20.43169561855536
9996,26.490484705878465
9997,25.51804119675908
9998,13.881611177938474
9999,13.210753554559567
10000,27.246450461533385
10001,46.470156772285236
10002,35.42518351999932
10003,16.499389083274117
10004,-6.87977391248846
10005,-22.39839560331076
10006,-33.050601167710745
10007,-39.90195297426212
10008,-38.117224010571455
10009,-46.76327488217667
10010,-60.396384119288925
10011,-85.61862638974367
10012,-69.67432514315539
10013,-43.931110157927336
10014,-35.42825268195617
10015,-34.92478918862403
10016,-30.638504068223966
10017,-5.155551793406829
10018,-30.98519601417577
10019,-51.56580823611007
10020,-60.07447471441897
10021,-6.893297576109049
10022,-29.64619771877669
10023,-2.44088299569966
10024,-5.064289818918539
10025,-3.7293823711855154
10026,-42.032353963144935
10027,-30.504119730455493
10028,-25.780993555259776
10029,-30.774303433022276
10030,-36.57232580317214
10031,-48.9002638412909
10032,-44.278790826849
10033,-49.933374303610215
10034,-72.5392103783193
10035,-82.02382832275191
10036,-64.96155614956403
10037,-64.35365357618245
10038,-100.57091920506568
10039,-163.44882357435273
10040,-135.20540848971356
10041,-75.7356659591114
10042,22.769598833977433
10043,0.6008558751828801
10044,-28.99597786982309
10045,-58.38511245376525
10046,51.515738343840795
10047,57.40775184967238
10048,48.73643677679867
10049,29.93707521261878
10050,63.50736883310891
10051,85.6572530358708
10052,87.47847734796501
10053,62.20641300359064
10054,51.72459470020061
10055,41.936954880798424
10056,36.350644195241586
10057,31.366954177937487
10058,22.522832117532054
10059,18.58755433980226
10060,26.42755656463833
10061,19.927099878054513
10062,25.054623073542295
10063,14.71073517652649
10064,11.4484012011577
10065,2.785669514308914
10066,14.302985700458557
10067,17.045713671362115
10068,21.943980442292805
10069,27.93034483834758
10070,18.296321200446535
10071,10.750097836510896
10072,6.463584799918131
10073,3.59301407369734
10074,14.37592301658406
10075,13.327643356666947
10076,10.951003201151728
10077,9.530170414735487
10078,-4.694473588572059
10079,-10.919114464157524
10080,-15.981180883775657
10081,-17.078519335315313
10082,-17.557574324420422
10083,-20.092845988689795
10084,-23.058992159662445
10085,-29.75584173160251
10086,-29.171060157726217
10087,-19.85027319420172
10088,-11.867969902019382
10089,-13.089256606902126
10090,-16.87159962254519
10091,-15.394916509549702
10092,-15.215887718646613
10093,-17.563760185040806
10094,-8.339477990124642
10095,-11.924473479126029
10096,-29.66772626869605
10097,-36.154800886373245
10098,-10.996580961429082
10099,0.7815572710698646
10100,-0.06256532614425936
10101,-15.824474385883796
10102,-9.64075387173115
10103,-8.286157491137786
10104,-9.327905843478916
10105,-22.556030495415328
10106,-28.062613687635114
10107,-42.36888317939118
10108,-48.5731564743057
10109,-63.58782770983711
10110,-63.51098240657442
10111,-65.73096308268626
10112,-66.61024756053357
10113,-76.07336253032238
10114,-77.146300980039
10115,-72.13754856337349
10116,-70.27545508166176
10117,-67.68858708068669
10118,-93.22917730460233
10119,-85.00860793318049
10120,-73.61849922139311
10121,-70.26642494285102
10122,-76.37477847283498
10123,-82.825671855177
10124,-78.24990111905936
10125,-63.912442157982355
10126,-72.28213013301759
10127,-76.74351956926871
10128,-73.90673593107421
10129,-32.30546663935958
10130,-31.539406091751115
10131,-12.764665544190613
10132,-13.196651492371295
10133,-22.15761661531598
10134,-35.68776586112259
10135,-16.401265309382417
10136,-11.726295555463174
10137,-4.8467514053363985
10138,-8.025969543561018
10139,13.55378360554431
10140,4.920039107061939
10141,8.049571331882134
10142,12.43264143927167
10143,19.628454208224078
10144,11.924928715454264
10145,-9.584544431378099
10146,-23.499249489119507
10147,-31.612621739139
10148,-43.9074288970595
10149,-38.03106698631251
10150,-39.14250227296558
10151,-52.97198539028958
10152,-48.48154078406433
10153,-32.71304563046446
10154,-17.130897834823784
10155,-46.4837457774057
10156,-64.31171525865965
10157,-60.65567086850929
10158,-10.552992567172176
10159,-12.52999574760748
10160,-43.980912833085945
10161,-60.26887024739603
10162,-43.60351640804094
10163,-41.2796805640836
10164,-33.27583361229477
10165,-17.943572176826443
10166,-18.04249381403963
10167,-32.54626445462986
10168,-23.05802119522633
10169,-7.794304147138519
10170,-5.812322168904771
10171,-5.824778166099932
10172,6.021884405287416
10173,18.52941655206022
10174,14.878376461455694
10175,11.524090292046502
10176,16.29896396358378
10177,28.67282362804454
10178,19.334914953220313
10179,2.7631130399938186
10180,-2.2748256572985994
10181,1.4715715541777925
10182,13.072743760289242
10183,15.088591125487326
10184,14.628434008486622
10185,12.5322046739184
10186,11.276192269241697
10187,15.96294152603297
10188,17.92959992464875
10189,15.805117072500643
10190,0.21770031878353535
10191,-13.294363478827528
10192,-8.65295388914236
10193,3.7239839071054135
10194,5.691700368480234
10195,-13.026870942566696
10196,-13.203590368411348
10197,-25.356747522550684
10198,-21.7773402464953
10199,-40.564324615208136
10200,-42.9469153961046
10201,-36.19166023778678
10202,-11.201366289174935
10203,8.422362885817272
10204,12.788863189718363
10205,-7.267684167101329
10206,-8.731014409831992
10207,-1.2971845224203307
10208,-1.3899048994968197
10209,1.9634269491375917
10210,16.645333329654697
10211,2.831486453020595
10212,21.16682652815154
10213,18.379102875619928
10214,11.59065705418029
10215,0.3298085053105737
10216,5.750996148433636
10217,3.1362967741865404
10218,-7.781143544664005
10219,-10.45233024449412
10220,-15.245054147770006
10221,-20.301171000183373
10222,5.169390989506439
10223,0.8395172006948428
10224,-13.669769032457623
10225,-10.83505570207575
10226,-2.6973781794848506
10227,4.19369056740387
10228,-1.0599110539165864
10229,21.09025812704308
10230,19.73391149138454
10231,14.485932752172381
10232,-0.4656904508536499
10233,-9.268740229275657
10234,-2.869481696167199
10235,6.462838429178831
10236,-9.559406650032585
10237,-12.57404439734573
10238,4.232033861691882
10239,15.151468949829244
10240,16.314251454780695
10241,21.32495958516389
10242,21.559661103629445
10243,4.982145312392774
10244,-8.97882401069306
10245,-4.082387510906116
10246,-0.40156602352453064
10247,-22.65224810131354
10248,-22.013306084237335
10249,-11.70869701450686
10250,-2.794010014711347
10251,-0.280666864159798
10252,4.836511232729123
10253,-8.026062727974875
10254,-6.367976133992151
10255,-8.01721264664021
10256,-11.0832405472405
10257,-15.331904911268339
10258,-1.5446320975453673
10259,4.836495198337779
10260,2.7177897713124466
10261,-3.5709776703394382
10262,-22.20757914023453
10263,-30.344097724376113
10264,-17.186909473369937
10265,8.988027506317067
10266,4.008598715760684
10267,-3.0912505931112264
10268,0.8672506596871301
10269,3.0910222701610337
10270,16.708641489270946
10271,10.719707936310584
10272,12.596761409539766
10273,8.168215276268342
10274,11.142256249788502
10275,21.401939845448837
10276,23.264697047599768
10277,20.61965649938601
10278,22.566573345097957
10279,21.76983191278068
10280,18.258475875850614
10281,16.286172590668336
10282,19.63213886387865
10283,15.960734117618529
10284,4.19364760950819
10285,6.359762902173429
10286,13.327508776071525
10287,14.992468069341712
10288,10.671459835354383
10289,3.8881477034852168
10290,13.61089368279707
10291,8.01381539106265
10292,6.223995439307231
10293,-3.967975574434149
10294,10.808747153190389
10295,3.5706282757597947
10296,-8.771420980698188
10297,-18.959240087925785
10298,-10.476857206284308
10299,-16.407641965375007
10300,-15.768139255670178
10301,-21.98487483157913
10302,-21.584890741523463
10303,-20.397033548428976
10304,-21.414046429372387
10305,-20.559499170173535
10306,-19.257156079920208
10307,-22.72221206708269
10308,-20.159439432785174
10309,-31.658758850113767
10310,-36.40414468776558
10311,-37.51124647670727
10312,-29.59589738850556
10313,-31.84655654989788
10314,-54.49858278249534
10315,-44.6183541919398
10316,-44.00989276508787
10317,-27.854687386521423
10318,-21.17735176285628
10319,-25.609323036372746
10320,-22.961513250406927
10321,-12.627047422062837
10322,-11.27921431309997
10323,-14.69671339336017
10324,-21.342058191095845
10325,-17.700782036693255
10326,-23.281200163095043
10327,-14.734186310741464
10328,-17.786908322451445
10329,-4.549502195935034
10330,-0.5066450420169204
10331,13.582369644134722
10332,9.302318844184121
10333,5.42303827771925
10334,5.252265622194102
10335,10.78297568317251
10336,15.177606733642733
10337,19.41291821055117
10338,18.726546288976543
10339,14.354072102608136
10340,4.273833775536751
10341,2.385624232223755
10342,4.067405582972484
10343,-3.4841496751056837
10344,-2.681691482375939
10345,0.17135989107570992
10346,-5.058101408388431
10347,-8.230800008260921
10348,-11.994115188244443
10349,-16.548388509700168
10350,-4.1013051635262485
10351,2.2099705929718
10352,-1.938005897283702
10353,-10.039516617306916
10354,-0.5195885633316664
10355,6.542214573470943
10356,7.8688795871621835
10357,8.137784553311434
10358,-0.28771066149401037
10359,-5.0556085593935975
10360,-2.9464512824680824
10361,-2.4178910790468606
10362,7.491867760355241
10363,1.6542463537854886
10364,7.892557956871464
10365,6.716600105278538
10366,6.383342935335023
10367,3.0261963318091176
10368,7.290866562837223
10369,5.229125295528789
10370,6.777810487340105
10371,5.545428663981795
10372,11.396049804005457
10373,6.237121258577474
10374,6.00008730479005
10375,10.543736003729016
10376,13.709857753534244
10377,3.541137722573133
10378,-10.414200523809832
10379,1.3959333596281311
10380,26.082012570088338
10381,-2.7212463736534716
10382,5.006915801228644
10383,4.041773128100857
10384,-6.305487873088367
10385,-19.943982202865413
10386,-8.61537295807021
10387,-9.28814691671063
10388,-14.877172160561614
10389,-24.570817150526622
10390,-12.093839675289196
10391,-13.328057727807682
10392,-20.697459041457684
10393,-30.32577424782989
10394,-22.075837160478173
10395,-32.59655199488189
10396,-34.61415124820634
10397,-47.741481783108
10398,-50.74130937682682
10399,-52.53680999129776
10400,-50.2238872613959
10401,-49.393171198908675
10402,-37.88231357899538
10403,-33.20629711480355
10404,-38.96164227972851
10405,-38.88270591866139
10406,-58.03056019550205
10407,-59.3393625315902
10408,-46.94632868972279
10409,-40.85764877909274
10410,-70.34940329030877
10411,-69.75501725876592
10412,-67.13638969950335
10413,-52.358977104306284
10414,-54.02199829362127
10415,-60.900752232196346
10416,-68.32124497697515
10417,-60.39931474042664
10418,-58.0813411251297
10419,-79.14595317979614
10420,-73.13710668336493
10421,-60.754699522278244
10422,-52.99816522830602
10423,-61.13675925216049
10424,-55.86084368798808
10425,-35.484123404224725
10426,-40.06945437048142
10427,-54.28091812745571
10428,-34.61814831244174
10429,-5.133171467560253
10430,9.270826776960078
10431,7.849431713564869
10432,14.769825598607284
10433,37.80204095817973
10434,51.38842047435756
10435,40.057670844961336
10436,37.78432062536373
10437,18.275576043774727
10438,10.855091544881475
10439,7.537760288368702
10440,2.712909471144428
10441,-11.9612217836968
10442,-16.66408231041465
10443,-10.308850728026108
10444,-18.34542023772378
10445,-25.87371409448358
10446,-7.134696104054598
10447,-9.748933191129993
10448,-18.068746378761375
10449,-30.958324011163768
10450,-15.374153013834686
10451,-16.17759632633191
10452,-9.205095526659917
10453,-8.345390412996935
10454,-26.131959004477544
10455,-34.143400401932745
10456,-44.76491514752518
10457,-43.317309236229555
10458,-37.69515743458732
10459,-31.07534480615221
10460,-23.67048030190535
10461,-31.893568797701768
10462,-32.30711950804073
10463,-33.85726394682979
10464,-44.449479962863904
10465,-46.54655738067099
10466,-39.802892094019114
10467,-46.480398454881154
10468,-46.595255437934014
10469,-43.16035624632573
10470,-45.79898364551887
10471,-36.73757422576487
10472,-28.711157653981022
10473,-24.539926716871868
10474,-34.85517525441454
10475,-40.38882873381518
10476,-52.47409825523905
10477,-27.486786350931162
10478,-41.0350936589882
10479,-36.228184410717475
10480,-33.880643385130114
10481,-6.043306260910256
10482,-3.289979318061853
10483,-5.0721189377663904
10484,-2.094632377814577
10485,-20.53627753235773
10486,-8.39608984753908
10487,-14.83665309260845
10488,-9.31427768629404
10489,-25.844473024469657
10490,-11.88762341923237
10491,-21.88985739247798
10492,-16.880704497507708
10493,-13.063232321779168
10494,-2.8149567066931667
10495,0.7904578114940506
10496,9.708063294675597
10497,14.931244393199236
10498,27.79863478030839
10499,24.776979597443614
10500,18.499329573757535
10501,31.598318088792425
10502,32.934050829904734
10503,18.49891441968981
10504,30.99999414988703
10505,33.709268756858606
10506,28.790007061664895
10507,14.032851943025655
10508,16.87301595057925
10509,21.659876044071716
10510,28.48519319271604
10511,15.997097103611203
10512,1.026875484059623
10513,15.76513664642588
10514,6.923757052348435
10515,3.7842312103330755
10516,-0.06485703934987441
10517,13.40113242787828
10518,-0.11019732904507862
10519,-10.878522176235876
10520,9.00719556842354
10521,16.43459386282622
10522,-4.098228109415693
10523,-21.551728894838114
10524,-26.826925709289362
10525,-28.66556957036341
10526,-42.27168288815528
10527,-26.656775235681664
10528,-4.1545767732066565
10529,2.8585706580988983
10530,3.9507494697732497
10531,0.7573257694749245
10532,-6.299362191694236
10533,-18.021459790248407
10534,-18.015653525227478
10535,-22.60029276225707
10536,-13.17945229921095
10537,4.7713516519157935
10538,13.950289461275396
10539,0.8099219134596822
10540,-13.086763749605971
10541,-18.80266584976018
10542,6.865321574974857
10543,8.039492032491793
10544,4.681698371353363
10545,-16.5770021479036
10546,12.36802927483484
10547,17.38017849625902
10548,7.075074502316141
10549,8.080723392115885
10550,6.822333981273111
10551,7.535398135992061
10552,5.636151642518676
10553,15.408987983543675
10554,6.672787762196528
10555,0.09723175961637054
10556,2.7716589187714717
10557,3.42202137713776
10558,25.919553847077047
10559,25.48650017426936
10560,19.48878096490011
10561,16.07207224107281
10562,8.982861576749833
10563,13.863593788494434
10564,22.20506567865801
10565,33.91917678526933
10566,42.852085924651135
10567,37.348849606677504
10568,25.228863916323135
10569,20.18089128119179
10570,23.651536383243403
10571,24.58621493465474
10572,22.948158062466966
10573,19.064357626711818
10574,18.719025100272894
10575,21.399014140416803
10576,27.32518183107213
10577,39.262646800978175
10578,31.246378201901592
10579,22.299070383087404
10580,11.772338540357275
10581,4.175230147697668
10582,18.35149731845965
10583,7.8578932700734185
10584,1.6802276886367622
10585,-12.117322256812287
10586,-8.039666099907272
10587,-10.22796159819206
10588,-21.023397298515142
10589,-23.670346400828386
10590,-12.393800988113888
10591,-11.852856997287198
10592,-17.81206032028077
10593,-17.576796471428302
10594,11.135427660808197
10595,-1.1175577684217686
10596,-7.298947546516452
10597,-13.519026676895812
10598,-14.059954316409666
10599,-20.521860586363438
10600,-24.790247254557563
10601,-31.233893436136306
10602,-41.02828752752093
10603,-31.5997499352669
10604,-37.47503061338266
10605,-25.19831107151286
10606,-31.308730402690173
10607,-43.35278483374708
10608,-24.924737489980316
10609,-25.62064135996542
10610,-2.753805657186419
10611,-6.48199752287114
10612,-29.179041494104904
10613,-62.571583680643855
10614,-51.127447438422074
10615,-19.63365932992692
10616,-28.249918182172813
10617,-39.73305068198575
10618,-20.09884556847406
10619,18.710010757163744
10620,12.098388975357395
10621,6.713971729997539
10622,-2.512232115021085
10623,1.223237309083963
10624,-16.935185716424208
10625,-17.11527080419149
10626,5.03593092404536
10627,0.8858873534150149
10628,-0.18953682463545363
10629,-3.0804450759520563
10630,6.987723829052818
10631,-6.82696418037667
10632,-9.710975044302437
10633,-18.40538086982226
10634,-17.130721089572233
10635,-17.940387352485516
10636,-4.771233538475627
10637,-0.97299612550853
10638,-0.5623012938952172
10639,-0.6450759005316797
10640,-2.771379081180555
10641,-13.957802683551193
10642,-12.097219012349548
10643,-9.015804532036249
10644,0.010054482375970508
10645,10.05313162365092
10646,-0.5867109779798199
10647,-15.904255011265136
10648,-14.237018912783228
10649,-0.39954915408894465
10650,-5.053042297167281
10651,-3.830842943768971
10652,-4.472573363220135
10653,-6.216163996570998
10654,-2.7304258389716622
10655,-9.423742690849735
10656,-5.407575397722383
10657,7.696584033301214
10658,15.044644241500258
10659,14.26105813078484
10660,9.390649716096526
10661,5.289956803072222
10662,-2.067738385198389
10663,6.2511591792786945
10664,18.328100203045445
10665,16.507391673836743
10666,9.72757414654982
10667,3.4389895152250034
10668,-2.5672518205219177
10669,-14.668696130598235
10670,-15.227859226622897
10671,-17.633428239139207
10672,-3.5841069464115876
10673,4.670628149741326
10674,-0.7329725287062061
10675,-9.198357968377124
10676,-4.837172774806575
10677,2.523597348450103
10678,3.070812864108511
10679,-6.94203145484996
10680,-23.111848826735503
10681,-35.7171748508462
10682,-45.57055697932684
10683,-62.46439235951276
10684,-63.964994057737
10685,-64.57296246181717
10686,-60.29592484500003
10687,-72.43354647765236
10688,-62.34859412274122
10689,-60.06081157988527
10690,-66.75234642815265
10691,-56.51409279443534
10692,-39.49348553598948
10693,-33.005533904181576
10694,-52.843086134489724
10695,-51.025191874954814
10696,-48.039624453129974
10697,-36.3557755089024
10698,-31.467236230774567
10699,-18.621306695519415
10700,-17.606636750751925
10701,-20.59960872765412
10702,-19.291861886776935
10703,-31.05086458373831
10704,-7.072343623468846
10705,-11.984626461415083
10706,-24.35184756000404
10707,-7.6826311936587715
10708,-23.26277780677082
10709,-11.86375709952437
10710,-20.204358977829344
10711,-26.63691062861281
10712,-19.970273879481823
10713,-23.436297249140694
10714,-12.36992595345788
10715,10.153089854218088
10716,7.020594060364836
10717,-7.399820295916442
10718,6.697878159571765
10719,19.860439603129215
10720,20.25373352947586
10721,1.9285391191659826
10722,18.311410555059133
10723,35.794099508950794
10724,41.87268571791144
10725,22.851837787262987
10726,20.997503381316754
10727,5.129470259625741
10728,-7.149912882532902
10729,-8.515365448536443
10730,-7.151925335441838
10731,-3.681620514500942
10732,-0.33308902698320964
10733,-3.276092153888051
10734,4.127111688348968
10735,9.46461731135718
10736,1.1666439946006832
10737,-5.26730705259849
10738,7.562048667560681
10739,12.83488378473968
10740,9.849337618356522
10741,7.316138667456535
10742,4.709252499708619
10743,6.451956140548141
10744,15.356452296632547
10745,16.99902338111267
10746,18.515438611801294
10747,16.415842380225904
10748,15.876499815063248
10749,19.76145891352649
10750,10.825868221647347
10751,10.65818500030776
10752,12.701469100403052
10753,11.121685194096507
10754,9.168381817073445
10755,10.271841352789743
10756,13.805755419916174
10757,12.37555227605096
10758,7.249531010356122
10759,3.5877012944648357
10760,-1.43318606827998
10761,-1.9801387523607161
10762,-4.578617134334728
10763,-0.5187482631100622
10764,2.9288030983184754
10765,-1.1304225422506349
10766,2.147461472118856
10767,-2.517968980548183
10768,-10.305840445385122
10769,-24.13749468402697
10770,-14.691384548972842
10771,-19.93283176176353
10772,-23.25974453799133
10773,-29.455348657889452
10774,-15.797930063073338
10775,-25.286863589448174
10776,-35.077547434870965
10777,-61.02774239892621
10778,-63.1783328439977
10779,-73.32846552708943
10780,-70.69078605551337
10781,-75.42107189434134
10782,-67.81464213511904
10783,-70.27361085183983
10784,-65.6619842585338
10785,-66.20601418099474
10786,-42.69890231819445
10787,-41.490718919127424
10788,-29.90045973595263
10789,-25.18955191948728
10790,-38.95717171364685
10791,-44.36007292311756
10792,-33.68538898114223
10793,-26.926172832128536
10794,-40.0983397601363
10795,-28.17695192285902
10796,-30.48097784144295
10797,-45.90290671001571
10798,-34.72474368834186
10799,-39.35450699038513
10800,-28.071246940141364
10801,-19.571075636830486
10802,-14.501956684480142
10803,-11.689147492275929
10804,-23.524843822631105
10805,-30.160087236951764
10806,-39.70366874530195
10807,-33.91637373043759
10808,-15.898283053466493
10809,2.022093248085433
10810,-9.509868178543286
10811,-16.78215617291056
10812,-1.0846678226878907
10813,-7.556078101350835
10814,-16.999058394584402
10815,-17.79394976795333
10816,-8.663517186495277
10817,1.1985405195215506
10818,4.004012183532836
10819,10.594174336966745
10820,2.55350624455329
10821,-0.9611047658369216
10822,2.002080307665402
10823,-6.978677175891569
10824,-17.830632951170493
10825,-16.70648663933688
10826,-20.0435672525431
10827,-23.663041431072585
10828,-27.579602137569324
10829,-22.14195253196469
10830,-10.12455522637098
10831,-11.588723371563368
10832,-16.09879417607622
10833,-21.232778668636605
10834,-9.414390876984633
10835,-5.668416170698656
10836,-1.8374495119055538
10837,-1.3155477563629674
10838,-11.325715154720626
10839,-9.934815520956391
10840,-7.1981379183843615
10841,15.026560794281806
10842,-7.491679480988253
10843,-5.5404297389329855
10844,-0.8212272608849887
10845,2.408315421231073
10846,-3.7418507853829865
10847,-6.879076954278169
10848,-6.4134696854084225
10849,-4.255439770548584
10850,-3.1588183164024812
10851,-2.7238550875625194
10852,-2.6584603506263065
10853,-0.9554842037408591
10854,-1.595361170576453
10855,-1.989605838394894
10856,-6.590809665925022
10857,-10.025494239026287
10858,-10.807383492583519
10859,-10.287162298783251
10860,-11.019257407674822
10861,-12.193630061095696
10862,-3.0106894178941204
10863,-8.93893263310408
10864,-20.89008997493172
10865,-40.122007303481915
10866,-29.93848236394266
10867,-37.7609353196138
10868,-48.81200027939091
10869,-57.58317091985325
10870,-45.01232140188853
10871,-50.29810936438548
10872,-53.52456737021521
10873,-72.90656686085532
10874,-75.00330265485889
10875,-90.15116404551969
10876,-81.41745079266104
10877,-86.67944262531836
10878,-96.75112399357491
10879,-110.22724329028064
10880,-97.4880151376286
10881,-82.37106895797243
10882,-50.75169496811424
10883,-52.72975443435872
10884,-40.552708211640216
10885,-37.98087293370737
10886,-53.1088968758659
10887,-45.94310645964854
10888,-33.8641686240525
10889,-28.578736287986693
10890,-34.60401843336659
10891,-38.45388656470429
10892,-40.466273095810706
10893,-48.83277699648191
10894,-42.91142549452519
10895,-37.11779740347822
10896,-17.71220820642759
10897,-19.21762273207912
10898,-34.03959173153815
10899,-31.485720137041863
10900,-24.281659998282674
10901,-26.872538146453945
10902,-26.640656369774057
10903,-36.641526164878904
10904,-21.581134118540227
10905,-18.318340323027847
10906,-34.282080606933945
10907,-44.46573280349956
10908,-32.43905713871446
10909,-28.802883058717597
10910,-26.11964510984817
10911,-31.30925928769401
10912,-17.075915297331342
10913,-4.248458483718231
10914,-9.456546316915862
10915,-3.858151192419669
10916,-8.628324725890181
10917,-2.7183760055922193
10918,0.0459669309975439
10919,-13.137112877333912
10920,-20.884930801621827
10921,-15.064368143178335
10922,-18.5189265178372
10923,-25.156233385803148
10924,-30.563756808166318
10925,-28.370070559559338
10926,-8.097191682250035
10927,-9.661737096728977
10928,-22.154615244250348
10929,-36.01502591089627
10930,-25.973494184175173
10931,-8.086270256283946
10932,-2.9298068696909425
10933,-4.60826417019701
10934,-23.18621264316583
10935,-26.543233924889577
10936,-36.58657522266593
10937,-12.131386511564855
10938,-15.370321862230156
10939,-6.353086913901393
10940,-6.238205129918185
10941,-5.15033601564798
10942,1.9690931809243466
10943,-7.478856641919577
10944,-9.542381285844186
10945,-3.339581937828001
10946,10.395803094820295
10947,8.70005110484955
10948,6.281057810337913
10949,2.7013235526471675
10950,17.93687024210913
10951,13.35618556985849
10952,12.100955957229523
10953,7.685960666745068
10954,10.4380602559375
10955,8.64423092417968
10956,0.5988190351105516
10957,6.730636164237637
10958,11.515726820234065
10959,-1.62066163310989
10960,-12.097541603253049
10961,-21.581778817592248
10962,-1.574126473915726
10963,-1.3577570847660922
10964,-12.371233825712181
10965,-23.118475159682188
10966,-11.168061808486748
10967,-9.242584005750068
10968,-15.004033759806525
10969,-24.11783990741758
10970,-18.416059198687947
10971,-32.00282835416522
10972,-36.66026960273308
10973,-45.26545983578683
10974,-34.984329586072036
10975,-25.793320820807434
10976,-27.004580469659413
10977,-30.261986428348518
10978,-7.6523090363297115
10979,6.891310908561763
10980,21.375965467247227
10981,13.31268824622964
10982,-16.088337939134334
10983,-22.312539108053297
10984,-30.74860592429584
10985,-32.737313293837445
10986,-56.57000384967646
10987,-32.341480788465304
10988,-28.774888557437837
10989,-27.56753825798538
10990,-47.785915853246294
10991,-27.377508953914447
10992,-24.087999887228182
10993,-9.213692642335666
10994,-12.507990950371862
10995,-18.55678143370298
10996,-33.20782411610705
10997,-36.204411603950945
10998,-24.084288832260093
10999,-24.117689403423306
11000,-15.341163338288212
11001,10.553922109937886
11002,18.39880593882085
11003,10.075924774370058
11004,18.563894116971163
11005,-2.510075834486692
11006,-28.86267268422071
11007,-14.346480025152772
11008,10.478622730679689
11009,32.3348613021888
11010,20.513286708140036
11011,17.474794392334182
11012,11.892290403464266
11013,16.62863649895754
11014,10.121351546588144
11015,-1.841431959506835
11016,-9.505669071697739
11017,-15.062450957252693
11018,-23.272355719628354
11019,-21.66182046964649
11020,-20.17698693625805
11021,-16.592436884023748
11022,-4.227972003354964
11023,-3.4986384135843167
11024,-8.026429509155363
11025,-13.365432515540348
11026,-6.313410192908208
11027,-6.5537688692790255
11028,1.0426541507031004
11029,6.423519073518122
11030,2.088900062198654
11031,2.904827373076351
11032,2.727336232651986
11033,16.613773706778964
11034,8.586954168980135
11035,9.404952340860042
11036,9.931109602490672
11037,10.078728525347607
11038,3.9511889183520594
11039,2.254194001867276
11040,0.0889717664966696
11041,3.443467094629071
11042,10.43564801800403
11043,10.351246141527412
11044,13.4492808444042
11045,10.767108255698759
11046,6.817760726829256
11047,6.329264973783104
11048,5.343047530831036
11049,3.410329531028516
11050,-2.866426341566708
11051,5.336966406982199
11052,18.441189104419166
11053,4.232617109301643
11054,13.161171154835046
11055,11.215050058369712
11056,0.009484527604769255
11057,-18.93866775837111
11058,-10.997340837469963
11059,-5.922566361238026
11060,-10.072303305418657
11061,-21.788402916789337
11062,-11.366887908590606
11063,-15.553877561829161
11064,-17.97915530269791
11065,-20.57665805584373
11066,-13.087141961954146
11067,-13.730288060489485
11068,-13.22681838260688
11069,-32.64376650615772
11070,-39.829419124884595
11071,-42.823307023502224
11072,-49.96859638227423
11073,-47.42350805350404
11074,-36.48630094713481
11075,-27.033998847905664
11076,-39.613326893423576
11077,-42.90153674513353
11078,-52.08195745827031
11079,-53.19532091170332
11080,-42.92717824070773
11081,-33.87280282690999
11082,-47.07191492850773
11083,-50.36839471174351
11084,-44.43912500339882
11085,-20.302707882118277
11086,-25.788745782397093
11087,-38.21305188479318
11088,-30.316755231745056
11089,-16.866859627244658
11090,-14.967088568355436
11091,-15.227102104058346
11092,-23.72934429192189
11093,-3.204826776092986
11094,-21.064251659362892
11095,-29.760376647180717
11096,-19.888922356748054
11097,4.599277572098146
11098,3.253980311794699
11099,10.928547009301674
11100,-1.9956683765918157
11101,-1.8161347234151535
11102,-2.582281253557582
11103,0.30254905639269225
11104,-1.299782519583843
11105,8.73087356968675
11106,25.391213299815156
11107,30.50076233078866
11108,14.389121247054568
11109,6.119620119555357
11110,2.392747968872925
11111,-3.244677195129981
11112,-16.347195261456875
11113,-31.44967834734777
11114,-37.45034493016829
11115,-40.41573095218252
11116,-45.13249065588332
11117,-50.28627059607221
11118,-40.39665460824355
11119,-41.38148099729739
11120,-42.15819044065023
11121,-40.9823129664515
11122,-26.821361934149067
11123,-33.95589237763862
11124,-33.173221070365074
11125,-22.493100206293704
11126,-26.959212877397327
11127,-30.60780064957293
11128,-32.484467606954574
11129,-29.076995598820865
11130,-10.741562831345796
11131,-20.89181189242536
11132,-11.246597107854662
11133,-7.863203923114277
11134,-5.210138383825466
11135,-6.471327851783371
11136,-3.2388101208413786
11137,0.3020041525783199
11138,1.089497299068384
11139,5.709831548497149
11140,11.137878423121904
11141,18.78317397158186
11142,12.440847176696188
11143,11.450197114303812
11144,4.661413970966514
11145,5.901310936604425
11146,1.9318251328735982
11147,2.449205677814575
11148,-4.632533065724431
11149,-14.159370069786824
11150,-6.572067499006337
11151,-3.362891196555651
11152,-9.468891475982545
11153,-14.53104161341939
11154,-8.649219644785973
11155,-4.556871014005196
11156,-5.77841998479073
11157,-11.944661911197556
11158,0.9987130236544104
11159,-0.309953133901665
11160,-8.100027481682751
11161,-30.706967262819905
11162,-43.34772926654435
11163,-56.65404620736459
11164,-54.367327141154504
11165,-51.932642199161904
11166,-66.54728134409179
11167,-63.203071805033844
11168,-71.31402694708389
11169,-79.64457724174075
11170,-69.57940213430899
11171,-59.91175443597953
11172,-47.11516707696521
11173,-35.82358189895834
11174,-50.04469115962701
11175,-34.3255910900528
11176,-15.408293593517158
11177,-23.806291288488637
11178,-37.180633275170585
11179,-37.997987348260104
11180,-36.58132328069775
11181,-40.924807715350205
11182,-29.114908645798682
11183,-33.38425878556992
11184,-31.177357642042427
11185,-21.80821433613331
11186,-21.90968470319291
11187,-14.228107475127956
11188,-20.678156116657988
11189,-13.578094456714723
11190,-21.040345984823645
11191,-10.562071697716519
11192,-2.4184526549042147
11193,9.91390229148233
11194,6.946746939332847
11195,18.727553480258273
11196,24.033450824673608
11197,23.9695392760036
11198,14.882117931205102
11199,9.897870412325148
11200,13.434362184950828
11201,16.46560098171318
11202,12.81196386659078
11203,12.657223004194485
11204,15.066183569187324
11205,8.235684834101896
11206,2.4472401330088047
11207,-12.273932414291366
11208,-16.899003920436016
11209,-18.879522834009222
11210,-26.485738173872043
11211,-35.27997495156628
11212,-30.345500765645813
11213,-35.10377745333238
11214,-13.604719684142808
11215,-6.538637435098295
11216,-12.736849544994342
11217,-21.277715045336393
11218,-4.552230156077144
11219,-4.772822911434332
11220,-4.516451493762872
11221,-2.5852194429594135
11222,-10.587720501551765
11223,-16.10055497377497
11224,-9.834947518380808
11225,1.2704842303004895
11226,-2.3461465589698136
11227,-2.0422153471287103
11228,-1.7180848024773852
11229,-6.2695387224852865
11230,8.779567338667185
11231,6.757817092769436
11232,9.178138414526863
11233,1.0317261183387174
11234,9.022441370083477
11235,10.302268740152392
11236,5.859115511470129
11237,1.8078844199183166
11238,2.575678731907331
11239,-2.0741708606059177
11240,-6.104715648999658
11241,-3.1224785745337584
11242,-3.5647483044003323
11243,-11.388177904834698
11244,-17.812172200868424
11245,-12.96535040768422
11246,-7.676609628218067
11247,-19.636820459200827
11248,-24.536396360659317
11249,-34.69334097325345
11250,-39.39387076931673
11251,-49.59101764371085
11252,-68.42054922837755
11253,-71.2224674227298
11254,-53.97416571900831
11255,-52.46274564057356
11256,-59.02480732340939
11257,-66.80057988587117
11258,-55.34654857404008
11259,-55.69616077686704
11260,-77.2458124347607
11261,-90.10128899589989
11262,-91.64103610396162
11263,-105.57975080815329
11264,-113.48586680575728
11265,-110.83991930670784
11266,-114.18716189363579
11267,-121.43782208109599
11268,-122.77740065538785
11269,-97.70377603745999
11270,-115.02440376716274
11271,-110.90398675194118
11272,-105.76721850085599
11273,-97.72525727613007
11274,-94.26281634921558
11275,-92.87789286455914
11276,-83.64073184730584
11277,-72.40607869016775
11278,-63.608022927848594
11279,-81.74875342622528
11280,-83.64255996058586
11281,-69.11297624708646
11282,-37.375953027066075
11283,-23.406884546226745
11284,-34.09811073309105
11285,-49.4109129658011
11286,-30.66347891901787
11287,-37.207913708795694
11288,-61.10561773683437
11289,-72.35717955040943
11290,-24.589801042611143
11291,2.6295445377849234
11292,3.032300312202281
11293,7.453146546146073
11294,15.143715353722278
11295,20.80402380200055
11296,18.705281424313988
11297,18.501112627839454
11298,15.542996903356809
11299,11.929621682200278
11300,10.207266557025676
11301,-14.053182338012263
11302,-34.302390330015406
11303,-46.11175744621965
11304,-49.241377723054704
11305,-46.27125961703697
11306,-48.38864535762801
11307,-55.92334752546566
11308,-59.265235898573394
11309,-72.71988317859933
11310,-68.81008326111422
11311,-67.38132197947283
11312,-63.17283682732142
11313,-59.24944975804959
11314,-34.84260510852321
11315,-34.094045232760074
11316,-37.11730888860436
11317,-37.16184860163026
11318,-30.017252914434195
11319,-28.718532900545767
11320,-20.39707347532392
11321,-13.870580938677122
11322,4.595586139379492
11323,5.716573729349591
11324,1.566806436611273
11325,1.9510709688346992
11326,10.098490340264853
11327,5.619571604322523
11328,4.395942170994566
11329,7.37202218387484
11330,22.000150143642706
11331,27.168175147898268
11332,19.49468757613692
11333,0.09827172293351083
11334,-8.346360688318903
11335,-5.817948476765871
11336,-1.3915396098364923
11337,0.17375877820374086
11338,-10.130384597135546
11339,-16.980008837390514
11340,-7.780399622367767
11341,1.8743113946241436
11342,-3.234825430269588
11343,-9.057465927727776
11344,3.0522962894533734
11345,19.330523869870085
11346,8.75715437649044
11347,-0.2769192429197389
11348,-6.399594881947323
11349,-8.796103775267866
11350,18.378538401361247
11351,14.53552736403153
11352,2.8351153783889274
11353,-16.220454845250323
11354,-10.985375332522139
11355,-32.07848956082837
11356,-38.743129916505964
11357,-37.93573209682587
11358,-40.755650388839626
11359,-61.222688498439794
11360,-70.86213848262523
11361,-56.35646829585281
11362,-58.88760441245621
11363,-58.7544001149483
11364,-66.0083466224349
11365,-49.16888306870051
11366,-62.37292307693973
11367,-29.151426348073002
11368,-26.14559188124217
11369,-27.74828185928594
11370,-66.26568371345212
11371,-45.57158604806278
11372,-52.202815092733935
11373,-42.41338936960647
11374,-59.02557155479759
11375,-58.91375892889608
11376,-41.520423743902946
11377,-43.570647519585926
11378,-71.5189676558017
11379,-76.88517175893963
11380,-53.646419712861864
11381,-50.0531549231469
11382,-68.16645229584455
11383,-104.6570544113537
11384,-88.32845810807808
11385,-45.466989900993696
11386,-10.746377634053886
11387,-19.852886624291273
11388,-29.589772492841288
11389,-37.916291060743106
11390,-12.696214732895086
11391,-2.1595918765436792
11392,0.9416423405101071
11393,12.023101435338681
11394,40.535128296476515
11395,49.33059269269394
11396,54.91673119982674
11397,39.22022030135783
11398,35.123623654190936
11399,19.959292364107704
11400,3.5129227738666984
11401,-18.792377630993002
11402,-16.031172804504145
11403,-6.42293776402051
11404,-10.930154347437743
11405,-34.752735276363104
11406,-13.227885729622194
11407,-1.7990838978005073
11408,16.696061506026204
11409,6.848201461871888
11410,32.90434015837555
11411,26.605840920773183
11412,41.78065319634457
11413,42.92101471488597
11414,44.155432952508605
11415,46.66916438888656
11416,42.953399553092524
11417,36.12050008615746
11418,40.98143583796279
11419,45.10244989055836
11420,41.86921825158639
11421,27.11165603517398
11422,1.6615247849339099
11423,-0.5939102791936008
11424,16.51680557704325
11425,21.313973374519072
11426,29.29694778211629
11427,28.674991518090224
11428,30.588980839394566
11429,20.138756395862195
11430,14.071141187918215
11431,19.043073063696625
11432,19.47729911983396
11433,13.152201641088737
11434,4.844526872909405
11435,12.243848346306613
11436,7.4705398804239636
11437,-6.515052843578836
11438,-3.7944993550044117
11439,-2.7709475355592375
11440,-6.635096188764386
11441,-20.518663490713074
11442,-22.3075365026693
11443,-26.542423760439895
11444,-32.93589552147707
11445,-41.0358881836706
11446,-26.24410406482839
11447,-37.70286639982571
11448,-40.803970202953494
11449,-58.485513903655104
11450,-58.97330141576182
11451,-71.02831730008702
11452,-80.07649152116963
11453,-90.35110518952123
11454,-82.83935375636074
11455,-84.62682101212445
11456,-94.78789720569821
11457,-88.72801386578945
11458,-86.76965601470008
11459,-90.5831572035855
11460,-86.35255877538188
11461,-76.2817609741791
11462,-93.83399293706083
11463,-97.74545941391045
11464,-93.57299117300636
11465,-80.10049631519769
11466,-93.49763636566308
11467,-93.71850515432925
11468,-76.15455832873909
11469,-71.17432982236215
11470,-74.6494153629949
11471,-71.71979388859997
11472,-68.09044123626059
11473,-65.83088508265594
11474,-61.58480307224732
11475,-53.6532302220728
11476,-58.70280239121933
11477,-51.83986406893586
11478,-51.91888891884154
11479,-36.91328492815021
11480,-31.759093633571045
11481,-32.67824544866725
11482,-29.44562123031443
11483,-15.054439446864308
11484,-0.41997127052860606
11485,0.2585931578072973
11486,-4.589009348157951
11487,-4.229057674656069
11488,-7.949502661915595
11489,-1.1171443783544177
11490,-3.967840098939689
11491,-6.159317714796742
11492,-11.683607434974562
11493,-14.088740532957814
11494,-25.985930685158174
11495,-34.90768833795972
11496,-52.23407782493977
11497,-57.636924518477066
11498,-61.307512214449915
11499,-67.83594538882006
11500,-72.30933565586606
11501,-65.6180082020269
11502,-53.45797042174127
11503,-53.5234841554341
11504,-48.69068459875064
11505,-50.26748942822477
11506,-37.62801736861331
11507,-28.337950779867633
11508,-10.362658549972899
11509,-6.750513336260148
11510,-13.071860919554865
11511,-21.25950292961889
11512,-9.846592534166604
11513,11.66797465416073
11514,4.96532547525721
11515,4.184400731197577
11516,6.825913054397098
11517,8.082410954745633
11518,4.295091210599843
11519,0.20023069064128407
11520,2.3258693861412993
11521,5.698702639982649
11522,10.15614135999224
11523,5.499805593900113
11524,2.153761371802979
11525,3.805464212609344
11526,9.680363431434742
11527,11.296441277199605
11528,4.194324592011114
11529,-2.8508582965230147
11530,-4.803101036016507
11531,-2.3904509084489476
11532,-1.9734196846385785
11533,-6.502237385211949
11534,-8.916223755263864
11535,-14.46089676014784
11536,-15.970710937942862
11537,-31.116623228227773
11538,-31.499231956916
11539,-33.86209556852328
11540,-36.67643228597496
11541,-49.66851047194542
11542,-38.21197681586091
11543,-47.938850665069594
11544,-58.850598663160554
11545,-68.10726348104134
11546,-66.51010704938477
11547,-80.33451968123211
11548,-89.65652573355538
11549,-91.78082827382582
11550,-96.0775716644682
11551,-92.63606561385998
11552,-94.011421684466
11553,-102.71386322695481
11554,-99.03068065512417
11555,-96.83690545554902
11556,-99.59896831871492
11557,-96.41047911689424
11558,-122.10082511984061
11559,-124.53980016801754
11560,-121.00004872322032
11561,-100.99057332093801
11562,-117.05147745823373
11563,-110.91243592883998
11564,-103.54459564124163
11565,-86.53951361138927
11566,-81.54082532208787
11567,-90.28716753483388
11568,-95.23664276217545
11569,-95.27910916523507
11570,-82.09580865035528
11571,-80.87553428736899
11572,-77.77304389404138
11573,-61.43941226140906
11574,-54.305763443441286
11575,-49.9438810041249
11576,-43.90790128798303
11577,-44.185505210027564
11578,-41.75388509662649
11579,-29.213946030883207
11580,-11.018663568886424
11581,-0.08300608700839973
11582,0.09911659347439894
11583,5.504745221830284
11584,-4.379916172909908
11585,0.31234336069518776
11586,0.6281709575571739
11587,-2.6044670968729378
11588,-5.866441257348626
11589,-20.036768048088575
11590,-35.06716148872325
11591,-48.92021959580628
11592,-61.646555096799624
11593,-66.86446000761677
11594,-65.51467404956594
11595,-65.23202526606275
11596,-64.24018858231491
11597,-65.94926424385844
11598,-52.55301925630789
11599,-53.911099674530305
11600,-42.173599758308285
11601,-34.341497313959906
11602,-34.032122682469755
11603,-21.883326316821105
11604,-15.241904082595745
11605,-16.49127879238518
11606,-15.679618475357913
11607,-21.84180888965041
11608,-17.420208297293996
11609,-5.287693258789929
11610,-5.085962611907803
11611,-4.6537891638587325
11612,-4.913427852755376
11613,-1.9254436595299182
11614,27.45699283915286
11615,28.593277145002332
11616,29.02302806530173
11617,22.56464671576493
11618,20.96959076636704
11619,21.956972678535713
11620,19.012360203908706
11621,13.109409192417182
11622,2.4296686868243
11623,3.929681099019419
11624,3.7306792488319616
11625,7.524304145908644
11626,1.7123626731012536
11627,-4.034775257582396
11628,0.36686619394816944
11629,-2.7522137998331146
11630,-5.810437952717244
11631,-4.06024926305161
11632,-2.1023634130980966
11633,-2.5593496645978817
11634,-13.915592161686185
11635,-28.987094041956816
11636,-28.00858534871778
11637,-30.484257417567527
11638,-16.995189171793683
11639,-19.673851637757636
11640,-28.921593180941457
11641,-49.03509050683287
11642,-61.790814459040455
11643,-67.8230169250333
11644,-82.75496028934202
11645,-74.64582595377178
11646,-71.66754645480958
11647,-89.65044160822876
11648,-107.63738025483528
11649,-88.90923970758584
11650,-44.994304918309545
11651,-64.85832028918506
11652,-73.98401742481568
11653,-86.15527024802006
11654,-71.32644677110454
11655,-67.22965234937999
11656,-48.29622470405581
11657,-64.31463977148564
11658,-86.90103294118835
11659,-93.70396485502799
11660,-98.94332646635034
11661,-62.460173083608595
11662,-42.290771128908446
11663,-85.16254501778641
11664,-63.63436424786654
11665,-73.22922780307239
11666,-84.05023916448897
11667,-72.0232385221127
11668,-88.79633886400784
11669,-89.85591203539597
11670,-121.31785703620332
11671,-148.50012554892936
11672,-121.28040836182711
11673,-103.7543800153995
11674,-70.17963858175895
11675,-63.30040813456853
11676,-51.78099011862855
11677,-48.06661525612495
11678,-24.849472331061484
11679,-17.908693353637737
11680,-17.584308862057036
11681,-0.640984178421995
11682,33.82702144171242
11683,42.771812438321035
11684,38.316411205807896
11685,20.71253211419696
11686,18.533696091564956
11687,-25.913436303942696
11688,-65.68777289985903
11689,-65.05497812948437
11690,-56.84861640269402
11691,-37.67848688810646
11692,-38.714701653616444
11693,-38.11699569853734
11694,-2.3506937675545103
11695,8.979133860875372
11696,5.200411559643776
11697,-27.152086486887764
11698,7.465942490051965
11699,15.819270574301648
11700,20.923354683518717
11701,25.572655885786
11702,25.490116892802234
11703,30.782971550517686
11704,23.398621748180886
11705,8.412298441562854
11706,37.92977907214923
11707,32.95542622885672
11708,36.28608408128214
11709,24.928989013479438
11710,14.220419663628228
11711,12.369009813058476
11712,23.10967784176767
11713,27.501443821106548
11714,40.38420277823138
11715,35.029698724407524
11716,19.56531375608143
11717,7.638833249329203
11718,6.851834374740051
11719,13.15754605345829
11720,16.692454051426765
11721,12.616018578538885
11722,10.397168761896317
11723,14.99013717766507
11724,8.312639962968227
11725,4.018844379069797
11726,4.936226160517414
11727,11.890980062167138
11728,18.030700894031163
11729,20.597796891318218
11730,18.851307226649958
11731,15.038845902341414
11732,10.659702817816559
11733,12.864315202758483
11734,20.170573146818015
11735,0.8844494002837848
11736,-29.115297854059776
11737,-53.68757459003726
11738,-65.45414994099818
11739,-76.99798898069938
11740,-77.51517120784453
11741,-86.03342357896989
11742,-88.91042525597565
11743,-96.55261040989045
11744,-82.8021947872777
11745,-68.8831554788265
11746,-60.91608979064447
11747,-59.9798132984997
11748,-64.81533202863275
11749,-52.267383981333445
11750,-69.38845370911264
11751,-86.72974422462943
11752,-78.82579085802541
11753,-65.00241959026874
11754,-66.60230625010719
11755,-75.55612729171021
11756,-62.40690940668419
11757,-48.795497604864536
11758,-57.943484343604695
11759,-75.62313545857185
11760,-67.6609323743385
11761,-42.66159789292462
11762,-7.267653390312901
11763,-0.13702659755087154
11764,-22.650484319666603
11765,-39.291574437073464
11766,-34.79251077983411
11767,-44.703900457373315
11768,-42.025475973397754
11769,-35.40198186979142
11770,-3.2164364980436773
11771,-2.938176187830905
11772,-1.9954413158656195
11773,30.984788397814597
11774,39.520252087440085
11775,19.18050569900685
11776,-17.935667333334273
11777,-5.673538260165522
11778,21.753731423165377
11779,36.284843824573514
11780,37.18138689663111
11781,25.77264438730309
11782,12.486984707527036
11783,4.206335374678538
11784,0.8194921516735647
11785,7.857469271360948
11786,-8.363368086103236
11787,-11.69106664412422
11788,-26.508716356665133
11789,-26.7127792453189
11790,-5.328731837154265
11791,12.849899901632092
11792,17.05107970555205
11793,-0.4093483330572951
11794,16.19524048693136
11795,24.129559096390715
11796,34.50035505352183
11797,41.32249189220879
11798,35.14036600835793
11799,44.098835633501324
11800,35.17774166921991
11801,14.13779844433843
11802,39.72852152704499
11803,38.76787519572301
11804,35.8557497891625
11805,27.787934243639995
11806,22.009685579829842
11807,32.22622254112835
11808,37.45394480347849
11809,30.99005164909309
11810,28.142973639763667
11811,14.249198535011907
11812,14.164797250442028
11813,19.971617312240618
11814,19.91333016842907
11815,17.097838630611307
11816,18.831764671300817
11817,18.24204830452865
11818,10.597601038160185
11819,18.62035073754044
11820,23.591539861324698
11821,18.315429828636077
11822,22.81462948656246
11823,23.86752776808043
11824,16.682553746973007
11825,3.772063379104303
11826,2.749160437003077
11827,5.579266934342549
11828,5.699394971693756
11829,4.009681744735424
11830,10.071266199174985
11831,2.2574206746566716
11832,-12.359148537255166
11833,-19.96918381651959
11834,-8.38782941295613
11835,-9.084701635255918
11836,-3.8738971539331075
11837,-7.547825236819612
11838,-3.5696835258230024
11839,-6.635084527307193
11840,-13.176832805387626
11841,-12.15407624064887
11842,6.467517543485663
11843,14.401966190218225
11844,8.909642536888732
11845,12.274814143226997
11846,-4.077439833206562
11847,-4.503480924130791
11848,3.31079047892306
11849,13.711843694179585
11850,6.762797164390207
11851,-0.08051376825810053
11852,-6.3792451550955604
11853,-10.526807962517893
11854,-4.157370817618343
11855,10.660772350261553
11856,17.09542998844212
11857,14.193697189508
11858,10.746305727528046
11859,14.994121433063334
11860,12.815231690346288
11861,23.17224905462067
11862,17.797581665820296
11863,19.347092407402748
11864,4.783777601531163
11865,18.32032139975251
11866,10.967559490039974
11867,14.377420068706698
11868,8.438793905553013
11869,7.371809175798006
11870,-5.281182602636612
11871,11.036241695776518
11872,23.485062858788815
11873,39.811236126348916
11874,40.19880963264458
11875,34.78932313982003
11876,25.741891657837243
11877,24.373170844423072
11878,23.468005933603216
11879,19.70241792854886
11880,20.002490021498964
11881,13.675268551912886
11882,8.13295306881237
11883,9.992213277510515
11884,17.866981795062244
11885,15.00036837940074
11886,6.644704514276349
11887,4.571838363919127
11888,3.738539887970788
11889,4.654131783170911
11890,15.722457090766433
11891,13.811878905742624
11892,7.307824274529402
11893,9.237124862252081
11894,7.525099869691559
11895,9.907077340613
11896,13.178331434676494
11897,15.734697565763156
11898,11.833403644624283
11899,10.07082729401067
11900,10.064938325959545
11901,20.91471058233124
11902,26.19309550312778
11903,23.848938453306516
11904,27.176190704038248
11905,24.64019226637285
11906,32.02532706114947
11907,27.30159092621504
11908,23.432778666192874
11909,26.42639487403345
11910,19.738342507423873
11911,19.786938831174233
11912,22.564390016891814
11913,23.621720574731533
11914,22.984679469546023
11915,25.60684014169513
11916,21.352319836340342
11917,14.34416912375002
11918,14.063483901880815
11919,8.718881343798856
11920,4.014860699335529
11921,1.1158725810764878
11922,-0.6137526942400484
11923,-6.601912061975046
11924,-17.847034369439488
11925,-25.37554190456638
11926,-20.361000945556835
11927,-30.11961967427771
11928,-38.774937276338214
11929,-54.59857160229708
11930,-47.00198925011742
11931,-45.40447975533144
11932,-50.18374973233446
11933,-57.91981818651951
11934,-43.970962729167
11935,-55.97219021823018
11936,-52.1220697544653
11937,-48.31459858654317
11938,-26.751130606361674
11939,-26.524099054555766
11940,-15.41031187716553
11941,-20.43020014630199
11942,-42.129886201651345
11943,-46.50572636616249
11944,-45.36702656618303
11945,-29.547552758065482
11946,-33.23563607067423
11947,-34.98723238806873
11948,-49.31115399984737
11949,-51.80077991208817
11950,-41.64858153103912
11951,-31.326129868405953
11952,-35.981939415300616
11953,-36.13728002939101
11954,-33.60361301332262
11955,-31.132901332340516
11956,-43.32934573759605
11957,-32.610538086814365
11958,-29.503425956680687
11959,-15.528614901361081
11960,-33.3043158544986
11961,-29.28131889896973
11962,-18.89120553142199
11963,-1.691437177073972
11964,-0.39605870712745883
11965,-8.978604233466015
11966,1.3490093803192167
11967,8.125913702808504
11968,10.033803840576809
11969,12.695090374762543
11970,23.71848302943416
11971,20.20127727880901
11972,16.313882598648625
11973,1.7668354495148648
11974,-10.372370392192426
11975,-11.726198844079807
11976,-13.25448574649629
11977,-16.167093287688136
11978,-28.226881327539356
11979,-39.373713498867794
11980,-49.24390941532251
11981,-54.10345262996328
11982,-39.79966188424702
11983,-30.67079564102462
11984,-28.661834535097306
11985,-25.349647725411153
11986,-5.48065680103997
11987,-11.993008172968647
11988,-15.2614298606419
11989,-18.176218277196316
11990,-7.287550241861663
11991,-1.0008082658730828
11992,6.442307636418626
11993,9.597681800806463
11994,7.162738676624549
11995,-2.0650002244494985
11996,-9.255520998411129
11997,-9.365485401045134
11998,3.458934596916066
11999,11.869517705640632
12000,12.669115668023181
12001,21.71666450127013
12002,18.894107126162183
12003,16.602604126722994
12004,19.841099178602292
12005,23.69833602927875
12006,20.913213726340544
12007,19.526967828698233
12008,21.578982015231375
12009,27.624855087516792
12010,11.775603587351576
12011,9.400430968043388
12012,9.149277271046394
12013,4.2584612729787565
12014,-0.07841045079027253
12015,4.385267742313516
12016,3.1842485552929958
12017,1.714347145030672
12018,-4.239897867569752
12019,-5.546411812941486
12020,8.133839694148818
12021,1.3917965474313547
12022,-7.5452724293011
12023,-24.082023359763276
12024,-17.447244321444238
12025,-6.6851762251021185
12026,-16.09651023116517
12027,-40.88632933137116
12028,-39.30353088610049
12029,-18.55981521071847
12030,-12.086328924116145
12031,-20.669900956644938
12032,-15.196518925656619
12033,-13.094032858690866
12034,0.05839736507483906
12035,-14.64534480664058
12036,-31.298201388470133
12037,-30.8129294081716
12038,-36.06053316534316
12039,-35.89383847936996
12040,-36.34010047325144
12041,-20.950536756388615
12042,-38.110013828094246
12043,-45.37401827662878
12044,-40.770958158997495
12045,-6.901834566707713
12046,1.329714895910307
12047,-15.497455925559997
12048,-5.478117895900347
12049,-13.771387189568863
12050,-25.156323343758757
12051,-10.060402658023648
12052,-19.624571637486568
12053,-9.153796702721834
12054,1.3733486946048927
12055,20.109703684956713
12056,-15.403762928271586
12057,-34.09966951271937
12058,-11.459253066140796
12059,-1.426252912935091
12060,-18.754765362029154
12061,-21.838060220802184
12062,-6.4696313234396285
12063,28.259355374492586
12064,38.47937975381454
12065,24.19765451077781
12066,29.202008532579825
12067,45.55255295034944
12068,43.094662658598466
12069,37.59825312866367
12070,34.54679394933538
12071,25.8486086812664
12072,31.512348598811343
12073,39.20031917172713
12074,31.57282647586041
12075,23.180525455389727
12076,17.52762728650069
12077,5.0593972578293105
12078,28.640701947148415
12079,31.390308492493062
12080,28.63451417590781
12081,2.514495825791357
12082,23.332073933047425
12083,25.68530614418181
12084,26.863123245771177
12085,30.464533810481427
12086,30.79751745078893
12087,27.615191261501607
12088,22.991858072142193
12089,16.604225937300058
12090,27.143177361266908
12091,27.88245616803877
12092,32.05927639635962
12093,29.48158343718967
12094,8.950146070343337
12095,5.543119200589089
12096,14.765887816567428
12097,23.61655681079101
12098,27.760340562560827
12099,23.444406179668448
12100,29.592351635950706
12101,30.032928704585032
12102,25.23177950129284
12103,24.139569387544363
12104,18.542438966889797
12105,12.145594015488662
12106,3.8939090909819214
12107,12.080336965581765
12108,14.617337773439672
12109,12.807152680301655
12110,17.417848109897648
12111,9.882420906495554
12112,3.936377658001561
12113,-18.689155888741684
12114,-11.391820495990473
12115,-5.620243989832645
12116,-15.975394238567407
12117,-22.718548312147323
12118,-8.771421432526502
12119,-11.580985262047513
12120,-16.316291059417022
12121,-20.790745210856453
12122,-10.770888352676522
12123,-19.111587396820244
12124,-21.8604511108171
12125,-24.28393530705056
12126,-23.373560916956198
12127,-33.469300720942215
12128,-27.628428075352932
12129,-29.144801882824257
12130,-33.206640941263274
12131,-27.21190094028127
12132,-26.153243535648006
12133,-19.16373752495524
12134,-40.19949807011382
12135,-44.2328946419657
12136,-28.349375917272045
12137,-19.096570305074994
12138,-33.03831824542183
12139,-19.54726041144718
12140,-26.213815569712065
12141,-13.579860237703336
12142,-9.384324313251604
12143,1.9400547387242213
12144,-10.094060575871403
12145,-13.016738543780754
12146,-21.258638916973403
12147,-15.052768711374561
12148,-14.45984529051443
12149,-7.773033470466451
12150,-19.719359707029923
12151,-16.806434004578648
12152,3.45919436007091
12153,3.6266557082137183
12154,0.17713428115414587
12155,11.563602267054996
12156,6.733050300141208
12157,6.136888862334935
12158,-14.531153374233515
12159,-14.912992942061965
12160,0.16998593498614412
12161,-9.829759069656987
12162,-11.624881167209502
12163,-9.909616471525474
12164,2.611617705481855
12165,-5.5510971280151225
12166,-10.918920878789606
12167,1.5439731503988412
12168,-16.202442597651984
12169,-23.154302755659504
12170,-17.511556081129168
12171,0.31825478255475304
12172,-18.744014268125067
12173,-17.35216787953838
12174,-13.836654801084116
12175,-8.632557138120355
12176,-7.502134130993717
12177,-15.167730109717901
12178,10.285234331952992
12179,6.518108173006382
12180,7.919496490917297
12181,8.648731798457149
12182,-2.6794706202942606
12183,2.7452845936430563
12184,11.971298370269217
12185,15.356173900394687
12186,13.713975765560022
12187,10.647327609655278
12188,10.103547239926982
12189,8.112232274146109
12190,3.5223101647520707
12191,5.367835625727281
12192,9.87392448240405
12193,15.74228046211772
12194,17.02319365996273
12195,9.365609815420143
12196,9.120126747322544
12197,10.699347837872423
12198,15.586690520943698
12199,21.721328079954695
12200,20.876907778669043
12201,11.025427510727745
12202,4.550016762274225
12203,4.70544035040615
12204,2.9067483863499035
12205,-0.8552531110244388
12206,9.83749017964702
12207,2.400437342548102
12208,-4.216905061408156
12209,-23.881907129980863
12210,-10.03978623233397
12211,-0.7494602434592537
12212,-1.4239086786709834
12213,-5.874546754667591
12214,6.979117474000226
12215,-2.2763798306042347
12216,-8.305792496508186
12217,-10.616085106892736
12218,1.462313490571404
12219,-7.658334486920385
12220,-6.819604747893383
12221,-6.618323070786662
12222,-3.6934361094614445
12223,-17.64960330615894
12224,-11.400331320091016
12225,-10.04764747208542
12226,-7.897871873463519
12227,-6.286952418398897
12228,-5.634635063162392
12229,0.8693850844067867
12230,-9.608417009852648
12231,-11.384885768684857
12232,-14.870227508745987
12233,-4.36430884085928
12234,-18.980796315153054
12235,-9.669868468973686
12236,-18.020979053796747
12237,-17.958744799474413
12238,-10.084340690700824
12239,-5.569429428933198
12240,-8.41915791959499
12241,-10.282143077979665
12242,-17.835766604658836
12243,-12.205717938402024
12244,-7.346540512159557
12245,4.379650133268115
12246,-6.720323419831903
12247,-10.735728964285943
12248,-7.080418369505754
12249,-9.743532714293782
12250,-8.161415347501684
12251,10.348902851509642
12252,0.09676222661126843
12253,6.292945995057231
12254,-8.007901678405918
12255,-9.722064633448444
12256,-0.3756040549124293
12257,-10.911824406019381
12258,-10.196820178872496
12259,-12.536155740469905
12260,-0.5499631720171365
12261,-6.453629447202992
12262,-6.1970257963920545
12263,8.645776615136825
12264,-8.868200557358495
12265,-17.723547216574946
12266,-17.322798116408162
12267,0.8432798537689976
12268,-20.92493527729513
12269,-18.82016225599929
12270,-11.7384238515234
12271,-8.604927387549957
12272,-11.488797959204213
12273,-20.89368628692784
12274,2.4071805868862555
12275,-4.643050951824478
12276,-0.9167136191701672
12277,5.747711353627722
12278,-5.762149974878135
12279,-4.061836991352813
12280,4.853869839106544
12281,10.391408597537172
12282,6.868346771318791
12283,2.6440475980148577
12284,5.427627472911617
12285,9.406026455860122
12286,23.867174949338228
12287,24.56505878490845
12288,29.985342085320866
12289,27.90038893893322
12290,30.570668785475007
12291,21.372624312178168
12292,24.706763731983777
12293,23.906775783872853
12294,23.489312430872133
12295,21.349746991440043
12296,26.582407599260875
12297,23.27727453822544
12298,18.401446730193733
12299,18.425572388376146
12300,18.520958243793707
12301,13.791856932827308
12302,23.717441923761776
12303,16.064703159411117
12304,7.770623124311918
12305,-11.287697935762345
12306,4.765984043859568
12307,12.881407594579834
12308,8.193878034448865
12309,-4.578968710855172
12310,8.007411103407392
12311,-2.429323092196924
12312,-13.071882679815829
12313,-25.681674728887756
12314,-19.07178810187991
12315,-28.24439502096137
12316,-29.605684057447625
12317,-36.193210297095696
12318,-33.34446416441424
12319,-39.497610633030014
12320,-38.250272496960385
12321,-33.189982377901266
12322,-23.784269568244405
12323,-17.819409067870843
12324,-13.940101938739495
12325,-9.792556915409897
12326,-23.53982559633561
12327,-25.667916431882183
12328,-18.18330478754506
12329,-14.130680225219116
12330,-27.279031724655567
12331,-13.390830887693255
12332,-22.835479545335318
12333,-20.314646499041203
12334,-17.991681502419638
12335,-15.586741121619482
12336,-21.84524040713184
12337,-14.03190618920685
12338,-25.701472356420478
12339,-11.2377466156081
12340,-14.154656820644785
12341,-10.183617528189298
12342,-17.40158261523201
12343,-18.81697069219107
12344,-7.946042050318148
12345,-5.067952356104492
12346,-6.326807848161479
12347,1.563385441313585
12348,-3.834575981095668
12349,6.983096170094711
12350,-5.979950499022145
12351,-3.278911314140508
12352,10.612560574485322
12353,5.687970058987027
12354,13.41623729521308
12355,13.250404040580577
12356,23.19803723143113
12357,11.286126851354311
12358,2.8366625047314287
12359,16.784224524701493
12360,-2.016780448152794
12361,-11.299238320799454
12362,-14.47947393662703
12363,1.8149410066966851
12364,-17.39674401582424
12365,-12.330247073368596
12366,-6.713651485855575
12367,-6.685752656486624
12368,-0.9427108134601738
12369,1.0740489569766893
12370,16.72958852666597
12371,16.004181345004447
12372,22.69200810630327
12373,24.574240118349287
12374,10.406110409709697
12375,8.636116900353244
12376,27.287536625131168
12377,43.62733023352092
12378,31.59850487144645
12379,26.989726545562306
12380,24.545769430354696
12381,24.89327351829847
12382,28.379601761249702
12383,26.418925447044124
12384,23.263236502298945
12385,15.92680926335472
12386,23.61434635351319
12387,21.00264463297666
12388,22.28673830735716
12389,21.02202539412864
12390,17.10093185602004
12391,19.510959302815493
12392,15.028790395829745
12393,18.2647585122849
12394,13.506619992640644
12395,10.125516208615686
12396,8.397286090371942
12397,3.4456765261470466
12398,4.116144551469439
12399,-1.2052228087121009
12400,-7.369889152588648
12401,-15.543815957931777
12402,-31.974736329738484
12403,-47.65102456917176
12404,-53.36809866844164
12405,-67.47311715969823
12406,-67.15609526678307
12407,-76.7164940150765
12408,-87.574839265598
12409,-96.60051164586204
12410,-92.52429153812938
12411,-99.67900942162848
12412,-105.19203620410579
12413,-108.70370574622419
12414,-92.36032324194353
12415,-112.47666797460884
12416,-92.30826619438044
12417,-87.24104338617433
12418,-64.83894859304226
12419,-62.64477537484803
12420,-54.962407029520854
12421,-68.90830876714287
12422,-82.1909249015506
12423,-76.44653003769417
12424,-63.42795846760482
12425,-71.62810984198575
12426,-75.84047954974137
12427,-69.81891754569558
12428,-64.01851459048585
12429,-72.26684949470702
12430,-57.32670249589714
12431,-71.8426802441958
12432,-66.72231743524142
12433,-66.9751886837004
12434,-79.78601645363813
12435,-55.47243353960426
12436,-52.78659922844703
12437,-50.79816408609493
12438,-56.62266215997652
12439,-37.915474344530416
12440,-40.60515681429012
12441,-30.970154023294064
12442,-45.61266705208401
12443,-19.229242573519077
12444,-12.073260392970457
12445,-14.186059139751269
12446,-15.71297887907955
12447,-3.7070554207557294
12448,-5.737797467713257
12449,1.6736756664524464
12450,9.651911653828606
12451,6.822956515367636
12452,3.463296746788828
12453,2.628881952632881
12454,-0.12456044016357026
12455,-0.4141527235895168
12456,-3.5018021233640226
12457,-7.915251973761535
12458,-11.188886902427782
12459,-14.655822803249663
12460,-13.762021579014402
12461,-20.903846772291956
12462,-14.633321175124422
12463,-7.121777612505667
12464,-11.598064104837562
12465,-25.685132308938307
12466,0.7703397310977422
12467,-0.9362616375546011
12468,6.001508796783831
12469,9.275803230070004
12470,14.09569412703452
12471,13.246927676624367
12472,6.080673644045348
12473,-11.65904169069158
12474,14.482149694232874
12475,12.007739721573103
12476,12.179970280775592
12477,17.149849613569728
12478,13.0714796360704
12479,10.912469473125732
12480,13.704233238666298
12481,16.561326129711524
12482,18.217712091874965
12483,15.077135155277368
12484,17.783334745685316
12485,16.406324687240662
12486,11.948790266730782
12487,15.422853747181506
12488,11.359713435730441
12489,3.7915953681493306
12490,3.4539155371182417
12491,14.331074234613347
12492,5.441286642427265
12493,2.455164813783888
12494,1.8512289625988885
12495,3.460626098892412
12496,-15.118145441976488
12497,-32.661281410049476
12498,-27.82403692593973
12499,-36.21123508271116
12500,-47.242809005065986
12501,-57.11262142303766
12502,-45.89983406227539
12503,-62.78599238427931
12504,-75.48790540290888
12505,-82.96547178697055
12506,-85.86801886951429
12507,-83.40867864309371
12508,-85.54822679307506
12509,-90.62068560863229
12510,-92.63897905931532
12511,-99.67441746784732
12512,-78.1774817398491
12513,-79.78051611898593
12514,-74.81429656963883
12515,-70.3862312477915
12516,-67.03580709048049
12517,-56.31527044678875
12518,-85.7260206247303
12519,-80.80332865321853
12520,-67.73451387417768
12521,-76.29260594765216
12522,-74.74954364748655
12523,-68.83326784367128
12524,-68.98684567190915
12525,-56.08084723788485
12526,-50.059523543241355
12527,-53.63278976648671
12528,-48.96357181798304
12529,-41.79616462906323
12530,-58.736493481264766
12531,-51.39546824373613
12532,-44.9291392091919
12533,-53.64037110216802
12534,-62.003256917974404
12535,-24.609564702428948
12536,-36.797144601888995
12537,-37.61293821871289
12538,-46.14531795414322
12539,-14.142733527022273
12540,-11.430151540328183
12541,-2.5542245224050646
12542,-4.7248416527903245
12543,-4.611595641953464
12544,3.691761111475678
12545,9.252820502598105
12546,18.181880119185138
12547,18.38329019305749
12548,12.859594301136184
12549,7.373479315871748
12550,5.645720636991847
12551,-0.3190495059757623
12552,-9.903604531098189
12553,-9.246621299272057
12554,-7.766232307871192
12555,-14.824697737125504
12556,-10.790165218298725
12557,-27.117431187189695
12558,-13.828355540757613
12559,-11.074300633837836
12560,-8.891532034236704
12561,-17.70101204553738
12562,-2.614927879920309
12563,1.4785397556320632
12564,3.3527743148023106
12565,7.941266519657013
12566,5.2128517701604835
12567,-1.2771166629038646
12568,0.13371424253242026
12569,8.89303276182872
12570,11.857579263283483
12571,10.631295634399876
12572,12.73565344205305
12573,20.631691640799815
12574,28.975779043447005
12575,29.71967807782488
12576,29.004298326129174
12577,26.354865666356346
12578,27.66982277847471
12579,24.556245910557934
12580,24.863170512554277
12581,26.60410532020289
12582,22.624736425953124
12583,21.758455789060143
12584,21.89040739502297
12585,18.153966197808977
12586,11.448872287460318
12587,11.701385956274663
12588,11.822109364586282
12589,4.6104056592713505
12590,6.747992287064548
12591,5.2340687754878985
12592,-1.0287916227705267
12593,-9.0741544841561
12594,-14.605811699777409
12595,-28.394585567945473
12596,-35.7310560433137
12597,-48.27835467928904
12598,-44.23285123369498
12599,-52.472826742877196
12600,-58.272539612607794
12601,-69.73546040612936
12602,-68.03920395715627
12603,-76.8197942538412
12604,-76.9050639023009
12605,-84.29225318224249
12606,-70.30942451637462
12607,-92.66683923402137
12608,-85.09298464618676
12609,-83.35674240174147
12610,-72.4236639132528
12611,-77.52504323233595
12612,-66.99772640077103
12613,-64.58510397696963
12614,-85.97057697398265
12615,-87.26647971821632
12616,-72.17277870457565
12617,-70.97522087558758
12618,-67.29093193480873
12619,-69.47980039077646
12620,-66.6688992467806
12621,-70.08479288099392
12622,-66.59299097950364
12623,-67.7827535336094
12624,-50.109091803899524
12625,-59.57483418228107
12626,-61.581503280840934
12627,-50.2138389223145
12628,-61.256947717745334
12629,-58.23644239374863
12630,-72.16893212049278
12631,-71.11621257202965
12632,-77.26090985332318
12633,-68.78504008689576
12634,-38.11623592244884
12635,-4.631438366821456
12636,-22.010258227028217
12637,-29.767755882008103
12638,-43.729950025293476
12639,-18.519839044459165
12640,-3.729683105910567
12641,-1.9559910784162753
12642,7.017243813113048
12643,11.878260705361747
12644,15.352200693368012
12645,1.5092186479301049
12646,-2.5062879059984624
12647,-8.589269883503949
12648,-19.373156500868266
12649,-34.25796415353646
12650,-45.49936274861587
12651,-45.865087097157605
12652,-52.91720438312313
12653,-53.62460219715958
12654,-36.38231127147525
12655,-25.667410332891983
12656,-24.542331569416426
12657,-28.11969159597077
12658,-8.205995142792293
12659,-5.146259120138524
12660,-3.07280318357698
12661,0.3991794253877856
12662,5.19961956440698
12663,11.09769672638307
12664,16.38940036150779
12665,20.870125619518426
12666,18.238613239265256
12667,14.57086896298464
12668,19.16531030204144
12669,16.359904082577124
12670,22.897283783316155
12671,21.40818918893909
12672,25.071061964660387
12673,25.26437698937964
12674,25.90138816738431
12675,19.538896414418545
12676,29.18476471500358
12677,38.39677351132272
12678,38.200951365688454
12679,33.94741288581396
12680,33.39769398481464
12681,31.712543304067125
12682,28.34595312377165
12683,27.40914472638751
12684,25.352887930252265
12685,14.744300775975567
12686,12.349653012851292
12687,15.791822573327522
12688,20.97061414114421
12689,13.961321884415142
12690,2.2425330512294153
12691,-4.548837312257163
12692,-14.789401955604163
12693,-32.84489954534975
12694,-37.407044602474976
12695,-47.817577748669784
12696,-52.75805009309884
12697,-53.916362762864146
12698,-67.90889398796888
12699,-91.6218835460654
12700,-91.83918897176316
12701,-81.48158042960797
12702,-77.01169264812017
12703,-75.85801549019499
12704,-80.87309271830082
12705,-75.3937050069564
12706,-53.693636725018266
12707,-53.57438879156744
12708,-54.968459665120335
12709,-52.697623524522314
12710,-72.17323142958294
12711,-55.38865963229098
12712,-59.548428173861126
12713,-52.04577781840335
12714,-66.66184154145016
12715,-69.54673496122878
12716,-65.65304507690838
12717,-56.050631050906034
12718,-53.74557113938224
12719,-45.754637043136576
12720,-45.747738738928525
12721,-50.48663191065035
12722,-56.245797681961406
12723,-53.59558640181935
12724,-57.97737705236189
12725,-74.2011621028483
12726,-89.34216447858188
12727,-104.58419761095473
12728,-95.50849107590614
12729,-93.97296782176522
12730,-54.45031675371305
12731,-60.462686507781214
12732,-56.40169099438374
12733,-58.495188545367185
12734,-32.07985813132605
12735,-24.901710802840924
12736,-19.92182929585293
12737,-14.221160748327335
12738,6.6836394674437045
12739,8.46261016315976
12740,15.392058442790344
12741,24.013049313748
12742,30.02590657443949
12743,11.295579584484273
12744,-12.009140143423792
12745,-51.62578731407302
12746,-64.10765450235338
12747,-70.654081268082
12748,-62.90025900957109
12749,-56.102217680273085
12750,-25.022536951305625
12751,-19.827371711290255
12752,-20.88445675002791
12753,-30.192561297455
12754,16.440405843178823
12755,20.322024742198224
12756,22.658542019108538
12757,14.532926764874546
12758,21.513540402228315
12759,30.69192220821232
12760,35.778734289817905
12761,23.300559970139645
12762,40.183031854723964
12763,30.61771309928136
12764,31.922527298918453
12765,35.181115103157424
12766,17.797269680939493
12767,24.40353803849696
12768,28.548563648757252
12769,25.85824371058844
12770,21.94844404113789
12771,16.93587022440974
12772,22.82179021890292
12773,24.287857238887256
12774,28.795752047249266
12775,24.171252788266067
12776,20.25579918475936
12777,16.801547738127574
12778,11.601483833642604
12779,13.040073699192462
12780,11.675062847264215
12781,9.211399819463352
12782,17.239679726716616
12783,51.81802911633102
12784,20.15659924451029
12785,0.3940219207457005
12786,-9.029684066674506
12787,32.94936576670894
12788,30.161160773092874
12789,12.15131493626511
12790,10.676966986187516
12791,-9.765897528684185
12792,-29.025278340776577
12793,-49.79837502711806
12794,-53.140610839497796
12795,-67.5164531640987
12796,-72.85563544183229
12797,-84.00291009201395
12798,-84.62134311786713
12799,-94.69531758178988
12800,-100.52789214569856
12801,-97.07294403429148
12802,-95.8783842146684
12803,-100.6952372507606
12804,-97.20780311397998
12805,-72.23721319107777
12806,-91.23303503873116
12807,-97.14304040385089
12808,-106.59733484265094
12809,-91.14656743738057
12810,-96.28706156308733
12811,-96.21195238426891
12812,-76.21360554710608
12813,-65.02791778636063
12814,-60.52761606069871
12815,-54.4404814230164
12816,-42.225056222741706
12817,-43.0452105761373
12818,-44.82059668425838
12819,-44.19334584375624
12820,-49.80162691798025
12821,-43.1744222236127
12822,-43.51283964264309
12823,-45.97120851092325
12824,-36.84081075543031
12825,-36.382637972312466
12826,-33.59429761629022
12827,-25.568799351247346
12828,-19.60975114302047
12829,-16.255946114332314
12830,-15.755878157011995
12831,-17.695555822600927
12832,-3.563944778071445
12833,9.716426942538234
12834,13.873666171045478
12835,9.462418080320425
12836,2.885799717531235
12837,10.063063250666154
12838,6.119109663553928
12839,-11.508782270020987
12840,-26.588676476234188
12841,-47.83320577888594
12842,-55.76283417868917
12843,-69.31163200808794
12844,-67.0966990286548
12845,-66.58979237638462
12846,-42.84143435557437
12847,-32.54999368838285
12848,-29.16478200164878
12849,-40.80456971790691
12850,-17.75760745668761
12851,-0.46453810815860663
12852,4.5821137276223425
12853,3.866744071894388
12854,-3.9822925217074143
12855,-4.875650768164995
12856,2.403210290886996
12857,12.55356187961889
12858,18.357498163497112
12859,19.529166628751298
12860,29.152493390765315
12861,34.52718368350908
12862,24.743423316700017
12863,24.34887287736794
12864,20.89914942946217
12865,17.845349810597753
12866,18.72727192918289
12867,16.19456574856592
12868,20.09407965089993
12869,20.227284492196972
12870,19.493232992329744
12871,12.724669949211624
12872,7.708523458042173
12873,3.558106667943825
12874,-3.6652490061887306
12875,-1.7748207991267861
12876,-0.8208187072255271
12877,-4.973257630192279
12878,0.8411289681940417
12879,10.182494209987581
12880,5.875301730405212
12881,-4.007494080318949
12882,-5.078647307274451
12883,7.158574650512946
12884,7.568670809998281
12885,-11.47470863663833
12886,-13.662728127132507
12887,-23.82747759643271
12888,-44.66404732289865
12889,-64.10248741574694
12890,-77.21017938257236
12891,-93.47949000765814
12892,-103.97145401611058
12893,-100.49178156810032
12894,-118.51649514975104
12895,-137.2781165125689
12896,-141.3767521148859
12897,-113.93144623285143
12898,-119.64639436778376
12899,-133.29043147038092
12900,-113.4543206626985
12901,-93.25033809083996
12902,-96.56491198728037
12903,-110.05143023843016
12904,-104.82774595826697
12905,-93.65929361094402
12906,-92.72145420707115
12907,-94.83278270946961
12908,-79.2799692037803
12909,-77.22548128129154
12910,-71.92190934224661
12911,-86.52529446585524
12912,-91.08707774533408
12913,-101.9922886220597
12914,-89.59250394915819
12915,-76.85142161705153
12916,-85.6017978957426
12917,-97.53111806778224
12918,-82.06401122420753
12919,-59.21720194087446
12920,-55.49921627331189
12921,-77.46150612338475
12922,-39.98672654231645
12923,-6.6171178622223685
12924,-24.830556900345314
12925,-73.14302578819525
12926,-69.17621301716872
12927,-35.74827199790752
12928,1.485742362825988
12929,16.398855807176403
12930,29.447773801763148
12931,45.45447323665519
12932,39.497818097303536
12933,35.279806144691804
12934,28.071603313666188
12935,17.687378273361176
12936,-7.0664183443991995
12937,-41.262356826783744
12938,-66.88089616317112
12939,-76.1652331107046
12940,-65.55597207800398
12941,-51.070846835855626
12942,-14.847223629396716
12943,-10.279020694303163
12944,-15.34912431968447
12945,-37.876161584384555
12946,-13.258342000417318
12947,-0.9367781015566834
12948,7.306374500340382
12949,13.787197413881586
12950,7.430631218234275
12951,-2.7888110084368307
12952,0.37938446315120444
12953,25.208132759205306
12954,27.66733237482444
12955,15.22177925198202
12956,15.974248864853855
12957,14.865662021637128
12958,34.696523592812696
12959,38.63952498014493
12960,36.82777697830349
12961,38.70579800701253
12962,34.82757697827746
12963,31.308138500716055
12964,29.486994322166694
12965,31.560104823955683
12966,33.78226070957405
12967,28.541430845808037
12968,24.249123879844404
12969,21.97214534274849
12970,21.999446353258726
12971,16.13329474229915
12972,4.218209257142902
12973,13.241942903772305
12974,28.344945040251858
12975,39.87688922400754
12976,17.075648451652675
12977,0.5178557330315456
12978,4.6638182566466995
12979,23.729213348638076
12980,21.200019252963052
12981,12.236199166934746
12982,16.573966252185997
12983,-3.8235967011888903
12984,-35.278525241880246
12985,-57.603463118167795
12986,-63.09919701674638
12987,-66.4254298352462
12988,-73.22190808555737
12989,-100.15512342298702
12990,-127.50764584847971
12991,-144.10937552412926
12992,-104.91815938390496
12993,-62.61623725804865
12994,-52.238814836943526
12995,-61.81855791506526
12996,-48.70068438027899
12997,-50.62303628537571
12998,-57.051702076482904
12999,-55.9438597904201
13000,-56.613323840261266
13001,-47.92414782498167
13002,-63.208683598893856
13003,-51.314311490585
13004,-50.37929191359524
13005,-36.087754691236626
13006,-43.14075482695877
13007,-39.929352963053546
13008,-34.427383634734
13009,-20.816062376085213
13010,-14.119459127005026
13011,-31.16135961243378
13012,-19.519810339670013
13013,2.662458306506558
13014,15.853008246796058
13015,-12.446409146905332
13016,-14.020112963950773
13017,-20.361592715318956
13018,-24.061047322114177
13019,-10.79103407023075
13020,-4.547744535331788
13021,-1.0387811164421237
13022,-0.8673440618883816
13023,2.2379470171932
13024,8.221322651819925
13025,16.1606003682274
13026,18.212588999883735
13027,14.766961280904127
13028,11.69222685698162
13029,23.292758188318032
13030,25.82821318207248
13031,12.018155484300046
13032,-10.302471360782086
13033,-35.63330984765154
13034,-42.53803643411523
13035,-22.55200788964892
13036,-16.737022402674555
13037,-22.836303562842048
13038,1.099014050071382
13039,16.618101608026556
13040,10.138045231098083
13041,-9.927305518775665
13042,15.747696507225847
13043,28.722544458354776
13044,25.259539631980893
13045,23.01613023412586
13046,16.72957788033949
13047,24.958330497708857
13048,33.16696737142439
13049,29.979436535145737
13050,36.357162717407235
13051,22.755522540349702
13052,18.298509350739593
13053,11.638790058789013
13054,10.562095364711546
13055,15.70593819781822
13056,14.702598273771734
13057,23.736659726195192
13058,20.969231340369795
13059,26.806988641014527
13060,32.34482289182989
13061,21.672005312236173
13062,24.64997264471681
13063,28.839686466951107
13064,26.881552780217632
13065,17.921273696966026
13066,5.244928423481461
13067,12.75320742992644
13068,21.707217591512823
13069,1.8941966513375732
13070,6.772713588572039
13071,10.611980946659891
13072,-4.293741724085542
13073,-13.192036417858667
13074,-10.698488312273504
13075,-11.428026147589442
13076,-17.63350218441557
13077,-22.15777954725997
13078,-7.9598469212866405
13079,-17.69814755616673
13080,-36.44756772686597
13081,-58.05241243298795
13082,-52.55052861883471
13083,-58.09399279225509
13084,-67.50699152028099
13085,-73.24480979534181
13086,-70.12403544063301
13087,-65.51804664880962
13088,-55.159188911227936
13089,-68.497053060481
13090,-53.0466344436097
13091,-41.323477605052666
13092,-34.522684651919214
13093,-37.1045319341329
13094,-39.85129643909364
13095,-39.28366931615279
13096,-39.72766135395137
13097,-27.11821843928619
13098,-35.476195483747134
13099,-43.884371241940485
13100,-32.73906764904679
13101,-29.478116573472462
13102,-24.395868756936665
13103,-23.777223071752957
13104,-19.069743316010346
13105,-7.86500476442248
13106,-20.869422172314398
13107,-21.80598156398254
13108,-13.514885985187917
13109,-3.048986798524382
13110,-25.222809146379966
13111,-33.71905335259225
13112,-12.913978071433512
13113,4.785065454645128
13114,11.072060845205542
13115,4.19642187479819
13116,4.0090369512308115
13117,1.6334358554097577
13118,-2.305169157042151
13119,-3.21226183094317
13120,16.713564156397005
13121,15.412735785392378
13122,11.954627607995505
13123,30.97527485543121
13124,35.24379665322668
13125,46.29168096125727
13126,24.038228647736027
13127,14.015224476059139
13128,6.915946379725121
13129,11.386430025321864
13130,-7.046311835685316
13131,-3.843168246806357
13132,3.7552915365183708
13133,3.584310577959002
13134,12.592476095386424
13135,5.843986162306436
13136,4.7226550451896685
13137,-4.075385996608844
13138,6.731658603218101
13139,5.691872110780871
13140,14.016533748319425
13141,19.633714759180684
13142,19.066483271919296
13143,19.64236314722443
13144,4.607378245212814
13145,-1.5585056890027573
13146,16.76835601712787
13147,6.510308007278411
13148,10.924249423586446
13149,9.601025085493603
13150,2.9330384815809296
13151,-0.11766238174774202
13152,3.830309020725714
13153,7.826085680987752
13154,-0.5181212588031272
13155,-9.951111675173486
13156,-4.103220202378715
13157,4.943401989119614
13158,7.580773765965404
13159,17.505376622038966
13160,8.944899747730659
13161,1.4705013291182922
13162,-3.5705203165633677
13163,4.830175906247071
13164,11.453740751968503
13165,6.654335404789158
13166,5.036460415064475
13167,-1.3987934951055152
13168,-10.181845726771435
13169,2.8786352700449456
13170,12.332840647274402
13171,13.926057231317152
13172,12.977472783744709
13173,2.8127404278639645
13174,7.37411320208021
13175,-8.03930554194288
13176,-28.063502127898815
13177,-43.916680103058
13178,-33.294233458059516
13179,-36.589520483080825
13180,-43.060280546851395
13181,-54.669606260381435
13182,-59.12498477820555
13183,-49.83014504165153
13184,-34.88877932200405
13185,-34.281977259163746
13186,-32.550134490802115
13187,-21.354366508470655
13188,-3.8751733243836313
13189,7.143658810313532
13190,-10.519730299649858
13191,-12.941872605796355
13192,-7.865175028485645
13193,-3.615196959835224
13194,-10.801517425951175
13195,-5.585202999882398
13196,-4.135612747729766
13197,6.561014794118847
13198,9.63953697915521
13199,2.234785932642083
13200,7.480928509739286
13201,9.034632496212353
13202,9.8459125854802
13203,2.5368147236042944
13204,1.9363018104881178
13205,-0.4847256557808066
13206,6.136141178279551
13207,14.74186429248487
13208,23.968865815316512
13209,16.572371871017417
13210,7.916652861875178
13211,-3.385941383482816
13212,-8.03386087863845
13213,-13.637517603585195
13214,-7.587552993586733
13215,-2.327458564334357
13216,17.245729099623965
13217,12.444956361560891
13218,33.181753325445044
13219,42.4227427929486
13220,42.41384460537721
13221,39.20993070262321
13222,46.39581201616778
13223,37.94160977874951
13224,28.801261155571055
13225,15.234877381702937
13226,-9.861947613649406
13227,-15.077807506656214
13228,-2.654934170716942
13229,1.952493468301995
13230,17.4791829192853
13231,16.54688674461365
13232,7.282162384997228
13233,-2.1482840583225737
13234,23.09437825441274
13235,24.009995885345297
13236,25.29489235833379
13237,27.28781918227142
13238,18.65562937236669
13239,8.323581083758455
13240,27.908449810081976
13241,56.90285281218938
13242,24.462515072242226
13243,27.622269331716424
13244,23.386274529679852
13245,21.60986411140469
13246,19.911881314282112
13247,22.314143706313814
13248,23.849679578762903
13249,18.284713662173147
13250,28.06848260941574
13251,32.22028131962951
13252,33.15361518358627
13253,31.391078769845862
13254,28.85185465117023
13255,21.969807743134844
13256,25.642971364326932
13257,27.092065277966313
13258,21.48246038736525
13259,17.31847678259541
13260,14.190857198169539
13261,11.626984715017926
13262,20.93056612996166
13263,19.569567316979416
13264,6.923620388791889
13265,12.759558512027283
13266,5.441113775620323
13267,4.609517018851875
13268,1.7791759729633156
13269,-13.873279645754568
13270,-11.746582330199114
13271,-22.549909664542124
13272,-33.13059806010088
13273,-47.335850708688916
13274,-44.59033780761601
13275,-49.60678337846369
13276,-53.89550293747189
13277,-63.07120295385087
13278,-52.270870326432984
13279,-51.77578952189076
13280,-55.74884325101645
13281,-53.95256901423072
13282,-45.61698836485587
13283,-41.46136376058766
13284,-28.10692745878291
13285,-23.212770468045935
13286,-47.64133279730004
13287,-49.14393130193929
13288,-45.25488547758795
13289,-36.94617417543952
13290,-36.663852730089516
13291,-32.94004009112287
13292,-32.06533431828184
13293,-25.195427224570334
13294,-20.08567336963065
13295,-20.57646871615591
13296,-7.996422921096805
13297,-13.79536979592947
13298,-18.3928436451746
13299,-22.89923258853026
13300,-17.301899043560248
13301,-10.421516752374664
13302,-20.651657825238303
13303,-21.77596312996512
13304,-22.9802188474781
13305,-24.241150832114712
13306,-14.042573423029083
13307,1.7666125989664394
13308,-5.341006643693689
13309,-13.335429195875705
13310,-6.259823267224277
13311,0.24546140406826567
13312,-1.0046944923117849
13313,9.316532464689715
13314,17.431484784866818
13315,22.51662731994508
13316,27.341224735734258
13317,24.728374635074935
13318,23.155140240713862
13319,15.177826126667142
13320,13.990035558542516
13321,9.326328004242853
13322,-5.283879774424086
13323,-8.904826915918104
13324,-11.615333487028547
13325,-5.993008533947169
13326,2.0297288497336368
13327,-2.8362338666774676
13328,3.0549779524859915
13329,8.903833857450884
13330,8.905635584868065
13331,7.855312302150821
13332,10.246907715546229
13333,10.672880508948083
13334,3.871783338338183
13335,0.6179906628369096
13336,3.690937214511017
13337,6.439369607004771
13338,13.379518456423092
13339,13.054261728110909
13340,11.878825014484285
13341,14.350735839839906
13342,24.000393206402478
13343,20.949134716220243
13344,18.638808161227857
13345,19.354011037671583
13346,29.003753410617435
13347,28.13183619395201
13348,30.99922306362052
13349,25.383054775903588
13350,21.001145739049605
13351,19.734947162803763
13352,19.986091285018944
13353,23.31726847077495
13354,17.452723385951636
13355,11.01725952698316
13356,9.21134789448913
13357,7.363891123286088
13358,9.09874847607864
13359,6.048789110624156
13360,-2.2825604240478015
13361,2.318149050934707
13362,-8.698482818522194
13363,-13.107010963194924
13364,-17.708573353822587
13365,-33.088677259277446
13366,-22.987995439179606
13367,-34.02694730560797
13368,-38.00216515385325
13369,-51.82577169240202
13370,-48.11880718588286
13371,-56.08108335162483
13372,-44.15558476205838
13373,-52.43470951727845
13374,-50.04052630939219
13375,-39.93391454438344
13376,-44.06803185070174
13377,-37.36386212937151
13378,-16.61878822830481
13379,-13.027297890581949
13380,-15.058129083499793
13381,-17.508787475483345
13382,-36.41890538359492
13383,-26.715256668026726
13384,-40.6959951500469
13385,-21.07823763089057
13386,-22.637230071909322
13387,-33.31339589371233
13388,-38.743938823970915
13389,-34.706552865461695
13390,-23.649189373970763
13391,-40.27538624240098
13392,-45.100730539256894
13393,-46.75766993803095
13394,-56.410332864518054
13395,-31.97458977899005
13396,-42.07677776937426
13397,-43.19510680902006
13398,-39.60438743491483
13399,-25.985247810768158
13400,-11.459343470487195
13401,-12.481923945344473
13402,10.80247428155731
13403,13.487652230946154
13404,-9.596147311089247
13405,-8.873747278530992
13406,-23.679878182995154
13407,-9.746991775428185
13408,2.8125332147880755
13409,8.993224393766738
13410,35.822180188933075
13411,36.73456177333473
13412,23.182697259186867
13413,20.45179048212411
13414,30.981162512329234
13415,22.781775014688947
13416,15.313187072001199
13417,8.905717028961163
13418,12.07714613263326
13419,7.8757030958767515
13420,10.782972497676639
13421,5.009959976088332
13422,4.890451986379787
13423,3.9372035375391192
13424,6.745869557545319
13425,3.7432447224037446
13426,16.961353071431986
13427,17.668421618627107
13428,18.279536109655382
13429,21.808231086074684
13430,18.00234044917356
13431,14.558677760900295
13432,16.608702704655983
13433,11.127466610941767
13434,17.82598162991013
13435,18.73790036060052
13436,20.77361405837115
13437,21.374463823095283
13438,4.202632281246352
13439,3.916199352996969
13440,6.2468324120145695
13441,6.420656048532933
13442,13.597411705445268
13443,13.178330396971319
13444,17.3957054196849
13445,12.792793660572784
13446,11.599285566144069
13447,12.549882525870494
13448,7.103358352000761
13449,9.102867424491627
13450,3.7044435148092845
13451,1.088023907629136
13452,1.8119168041423706
13453,-5.206494263624037
13454,-8.91199390669145
13455,-12.507729211521863
13456,-17.332490840295907
13457,-28.319279772073703
13458,-29.272142352059777
13459,-39.94853664392568
13460,-55.06328546241794
13461,-69.31118134298787
13462,-61.50558325325168
13463,-74.88592244819415
13464,-86.32759334425441
13465,-96.82297404311537
13466,-83.16057654561486
13467,-78.90468055479961
13468,-94.32486704754437
13469,-100.7949844766669
13470,-89.90901841793954
13471,-87.75533614279885
13472,-93.03502175689562
13473,-93.02416828653293
13474,-73.10191763896107
13475,-71.99573541366736
13476,-71.6399742909753
13477,-63.93418300631099
13478,-87.82040011643893
13479,-81.30477541662692
13480,-75.07402169338697
13481,-71.11415846706116
13482,-78.27360156697287
13483,-78.5828441035649
13484,-79.17911988941287
13485,-68.002923958955
13486,-69.16462607150501
13487,-76.3533347516055
13488,-67.47065099238333
13489,-66.13498575525975
13490,-75.30634074898252
13491,-61.60847918551703
13492,-65.7763682842541
13493,-54.74533650327631
13494,-62.13482175214682
13495,-54.60787558111576
13496,-41.11747457380966
13497,-44.396888423379664
13498,-35.520473904440195
13499,-31.83089795028721
13500,-17.506991021387616
13501,-22.63122773007549
13502,-23.695077965821003
13503,-6.975871480890717
13504,-2.11913062597894
13505,-9.578163525229073
13506,-7.894250126611574
13507,-1.7569711807964765
13508,-1.9777965991151163
13509,-7.241678743700781
13510,-11.4274224913039
13511,-7.376640243856002
13512,-6.969980041965357
13513,-15.90781851830457
13514,-29.400424423966268
13515,-44.73761500905304
13516,-51.754522653146076
13517,-60.019601119200935
13518,-61.78434307185992
13519,-63.37051989426425
13520,-63.275801329508425
13521,-61.40879406271361
13522,-28.647879875854315
13523,-31.188534483886045
13524,-23.353353955492892
13525,-8.670552191879281
13526,-4.482231775726937
13527,-13.83855386970864
13528,-5.071695968195307
13529,-9.151344291337828
13530,4.750764765164249
13531,-3.537959876999352
13532,5.537217325445809
13533,13.018524587325473
13534,12.404738410804782
13535,16.60973509000246
13536,16.09976336613721
13537,17.062707621082012
13538,15.005818836642348
13539,10.316407888440281
13540,8.983460221130443
13541,6.8134353005667805
13542,1.4261180343643147
13543,0.9230878962082372
13544,-1.0082554027595805
13545,0.05962169385295368
13546,-0.18716610335752648
13547,-0.564852928539068
13548,-10.214739766141093
13549,-12.4557018116937
13550,4.539097425316513
13551,9.08515851914224
13552,-4.990442513735573
13553,-26.623530736067682
13554,-7.226848106926415
13555,-2.8290104959100972
13556,-6.091718319074147
13557,-20.68369831104565
13558,-14.880193631467701
13559,-22.805296855436236
13560,-30.521308086371928
13561,-42.10452415745774
13562,-40.2308206286456
13563,-51.319585418181276
13564,-61.50195345532407
13565,-74.44770570517196
13566,-81.80015139449999
13567,-84.28444823646969
13568,-84.9826330907798
13569,-90.54641566551742
13570,-77.26943050116805
13571,-53.78479665303925
13572,-33.087825629767934
13573,-36.49271288058364
13574,-56.92904890770399
13575,-59.85104876774545
13576,-45.79374655978859
13577,-27.100501810588643
13578,-29.82991808488499
13579,-25.827818081960356
13580,-21.086005985853216
13581,-11.754918768171716
13582,-21.225746554350476
13583,-21.446931159808823
13584,-20.279492041237315
13585,-17.22999955889517
13586,-19.575302251666024
13587,-23.635220425173152
13588,-34.46924866225965
13589,-30.934894030626033
13590,-19.530821629962972
13591,-14.418242545702231
13592,-9.668640695916384
13593,-24.972694690418663
13594,-18.359524825083852
13595,-2.458285451853648
13596,4.2410830241826645
13597,4.243666422729397
13598,0.6208039885530638
13599,-0.6611664947928375
13600,-14.245460893704891
13601,-38.12493895765945
13602,-31.367871918622836
13603,-9.283527982840393
13604,-3.0756228998208215
13605,-1.2621898517853154
13606,-2.259434900281221
13607,-16.42808154042341
13608,-20.08950630817502
13609,-13.053548671272853
13610,-17.008278357925345
13611,-14.202641738838874
13612,-10.539373276163754
13613,-3.732119048827819
13614,4.208629537624276
13615,10.846851706124212
13616,5.827891433002591
13617,-8.733635715772174
13618,2.93274468065448
13619,4.631973842892364
13620,9.072771228572606
13621,2.1404515161432585
13622,-11.543947460800506
13623,-5.2912394649137084
13624,0.39059640348090596
13625,8.431538975389962
13626,15.123254157832129
13627,7.621964495666397
13628,2.6196615527638087
13629,-2.2457370182938448
13630,20.20798571532891
13631,26.813223822553766
13632,19.067161916919083
13633,17.790122300309868
13634,21.00691495481822
13635,24.42600621284648
13636,28.178915186231947
13637,30.82197574302215
13638,39.84898688179376
13639,48.60801620254104
13640,48.02382056487771
13641,41.511928288802494
13642,31.14547929096969
13643,25.05449952458057
13644,14.56205494204415
13645,14.75374647862845
13646,18.3238774121645
13647,10.652352553146237
13648,0.8341584269975257
13649,10.787501510448372
13650,25.641243813538416
13651,32.80556171900531
13652,19.805074319442305
13653,10.469824935741606
13654,30.318261732879947
13655,27.235142479900972
13656,22.95788400933587
13657,13.702134946121916
13658,22.263994257198853
13659,11.126738541846187
13660,6.294708779594465
13661,0.42063212027697006
13662,2.226018200887914
13663,6.073241846640961
13664,7.098108698568147
13665,2.9854156792910302
13666,11.594803705444896
13667,11.430205249847383
13668,9.762571691014479
13669,20.958611935497892
13670,12.952084264139735
13671,9.159447611699427
13672,-0.8590930774806722
13673,-3.337166073908854
13674,-16.117086476914608
13675,-16.28343495679627
13676,-13.014963724135896
13677,-8.998554298854344
13678,-12.200326952442325
13679,-3.031726515145536
13680,-1.576469083781447
13681,4.602178691879814
13682,-4.0444491580322435
13683,-13.136118183143932
13684,-23.988900640602477
13685,-11.24706898528444
13686,-2.81268409246875
13687,4.050367960457287
13688,0.9969537525602377
13689,-4.145499925125172
13690,-3.0433537267010706
13691,13.270849885471932
13692,6.20938125757624
13693,9.609083651210625
13694,12.825505687500943
13695,19.985648545006235
13696,37.76718261909684
13697,36.77165264941931
13698,39.51180207515159
13699,42.68446999924299
13700,35.19220323650893
13701,47.876405391491645
13702,53.87531576800373
13703,48.26168498621243
13704,36.14084208364723
13705,31.24744913783509
13706,19.94545146384182
13707,23.391482606241354
13708,27.141561081515775
13709,15.896183525502906
13710,-4.428333677866796
13711,-5.3511884930260365
13712,-7.653076801043806
13713,-12.08026330567277
13714,-4.354627808519176
13715,-2.5779837155836773
13716,-1.9864520460517596
13717,-3.403682609922832
13718,-13.218497578929316
13719,-15.695318587978988
13720,-5.586363766446254
13721,10.899710445418805
13722,-4.6272241186986065
13723,-7.615284730665351
13724,-2.0930417052092736
13725,-4.8877960977187485
13726,2.722323214092448
13727,5.024014966293741
13728,9.353024332090932
13729,6.313640634734234
13730,2.529007253593825
13731,4.374451159084295
13732,14.843394884251616
13733,25.25747208386199
13734,33.65643905330013
13735,35.73316264233192
13736,27.841333567216353
13737,23.781326171956394
13738,22.68093379704404
13739,18.765734112061857
13740,12.69162487771515
13741,3.714506173814435
13742,17.88929329249104
13743,24.12083201636819
13744,2.0493101020698887
13745,-11.97915621759494
13746,2.6347193231481967
13747,-5.114371461325284
13748,-18.532459411486606
13749,-35.91005604896689
13750,-32.53682333653566
13751,-46.28555418340753
13752,-61.680624080646425
13753,-75.46636591191177
13754,-72.050287508244
13755,-70.49510427743175
13756,-66.0660385568817
13757,-71.80895798595068
13758,-62.351932337981275
13759,-58.73925149571499
13760,-58.62821075941627
13761,-56.29780979897384
13762,-40.348043155141944
13763,-40.58272936160055
13764,-27.18895146730714
13765,-18.827486458098043
13766,-42.82294335977674
13767,-36.55916236883247
13768,-34.407301428977924
13769,-22.66112173981532
13770,-24.420427962692102
13771,-27.984944277822777
13772,-24.470318436206767
13773,-25.606820668409696
13774,-26.61753749725787
13775,-34.90180364729977
13776,-22.905648732294907
13777,-14.684609101271377
13778,-16.184121768883145
13779,-9.531551356612013
13780,4.11848644599813
13781,0.701635593269927
13782,-0.6012976671836938
13783,-5.069662176255967
13784,2.7416764319178313
13785,-0.9325994246593652
13786,-4.099413503854706
13787,6.751982092537716
13788,11.686602838195697
13789,13.797632447158819
13790,3.002417364973546
13791,8.532627729188071
13792,17.56100367235222
13793,13.919637320998753
13794,13.354444510226173
13795,15.825839337532031
13796,13.834788506573219
13797,17.45736487461251
13798,15.643535535543528
13799,11.217057713397601
13800,12.29503819774164
13801,15.919941209895832
13802,5.0848359835448775
13803,-0.18075009610777215
13804,-3.3945898898066105
13805,-3.85335386622026
13806,-4.662628926670692
13807,-0.4251021550919347
13808,-1.0530727730390197
13809,-4.626489049580783
13810,8.032062962528236
13811,9.661406445888353
13812,8.718494972691865
13813,7.957598618336128
13814,5.183297214409876
13815,13.6538456115441
13816,7.405088896187451
13817,-0.8706585414660566
13818,22.18495483551746
13819,9.826493190794935
13820,21.661128431501226
13821,26.21700418901679
13822,18.208955694182556
13823,15.962043855483763
13824,18.31333562852152
13825,15.144098294884294
13826,19.66886326444827
13827,14.528736453469797
13828,6.564308786277529
13829,14.246367865366004
13830,16.68776956631865
13831,13.41807849980566
13832,13.256173879040858
13833,5.157381749270144
13834,-8.933271319358276
13835,15.186413670780986
13836,17.555064223058714
13837,-10.85073361894009
13838,-4.788254808340703
13839,-6.6975150828122665
13840,-14.688565491149582
13841,-30.190426691230194
13842,-24.51422275923408
13843,-24.417169921001793
13844,-25.377254677033726
13845,-29.95528851864747
13846,-13.300309306881715
13847,-20.257564071367867
13848,-31.418696795895286
13849,-40.98818230925063
13850,-35.84580276808912
13851,-42.77808621067856
13852,-43.09064612354279
13853,-39.18700888230307
13854,-37.702084005465856
13855,-46.666306976286826
13856,-43.07679877327366
13857,-36.46492629587977
13858,-29.604915262024853
13859,-34.531511658407446
13860,-29.13161031303246
13861,-26.8034464076295
13862,-39.23427254373737
13863,-32.500193868505924
13864,-31.528768798477493
13865,-27.441221130687858
13866,-39.46245462403195
13867,-42.88865916296274
13868,-42.00276129123901
13869,-45.17509506841978
13870,-33.78668078058955
13871,-37.11949768448652
13872,-40.38063344598207
13873,-44.62881717816184
13874,-64.19263327296366
13875,-40.18479436959572
13876,-33.00728788440907
13877,-31.80845820413802
13878,-31.427207705930705
13879,-14.046772810663136
13880,-4.707979382923277
13881,-11.700690824890906
13882,-14.712421351069029
13883,-11.419009503333967
13884,-3.820465271151562
13885,-3.7135727066777235
13886,-13.136999233376308
13887,1.6668418625748203
13888,10.40305499823777
13889,15.035417460261932
13890,28.477830378529887
13891,33.751688673621544
13892,32.043299119592206
13893,25.64966438268172
13894,21.042226409313223
13895,22.917935655970517
13896,24.734292098302255
13897,23.359827883612688
13898,19.914824589995433
13899,12.69761715237776
13900,5.26728650046401
13901,3.444281333731581
13902,5.153597209741768
13903,4.873217966461837
13904,0.15653492980418093
13905,-9.262508377102662
13906,-2.0487090894649427
13907,-5.580763219087878
13908,-0.9688378466892331
13909,7.178244739180208
13910,-4.629734897215172
13911,-4.966092259388802
13912,9.614954467273975
13913,31.730741804106344
13914,10.570900687824334
13915,11.329532696051686
13916,8.553558227395499
13917,10.751220322417808
13918,25.188703055174045
13919,29.291334258980328
13920,21.748030466800287
13921,19.593264437058707
13922,17.036612756940784
13923,18.480278917985302
13924,16.639667537937797
13925,15.8290004624712
13926,18.414105492301353
13927,22.44557447995262
13928,22.95495055593522
13929,27.052646622869176
13930,16.7732915981818
13931,12.348578810705135
13932,10.262025672966303
13933,0.4121388492935978
13934,1.5526382409355364
13935,4.72521466768481
13936,0.47976180782366384
13937,-0.2730483838043227
13938,-0.044106309424705614
13939,-12.161388208547269
13940,-18.35745996141667
13941,-27.860258496714355
13942,-18.855981352829783
13943,-26.007751062797237
13944,-30.11562618136284
13945,-36.320291883274535
13946,-30.702870626510137
13947,-36.33091328781714
13948,-41.04920161714253
13949,-47.21216921643733
13950,-38.034261692008656
13951,-46.43005094291833
13952,-47.74321742644308
13953,-48.384533021068634
13954,-35.79440209432684
13955,-42.76168785679866
13956,-38.78955587167596
13957,-34.02718937224634
13958,-60.692937694046634
13959,-61.97437708723828
13960,-57.167826592064046
13961,-46.33951216026594
13962,-54.93819353731431
13963,-60.555915814766486
13964,-47.491201146640556
13965,-39.24898361760098
13966,-36.62029598622277
13967,-41.34180447495421
13968,-40.58273732112442
13969,-37.962007588427326
13970,-40.93899286191783
13971,-34.333123953327636
13972,-35.297151796597696
13973,-32.27179429969352
13974,-32.42656249700194
13975,-29.37097532985426
13976,-28.585573617009274
13977,-18.977852865920212
13978,-25.214413353990736
13979,-20.537559568269288
13980,-24.17890507721434
13981,-14.079297134891036
13982,-0.8711223364775833
13983,-2.0843727430366243
13984,-5.920299448121142
13985,-0.7768706116829378
13986,6.954956681288188
13987,5.731600636685293
13988,12.659741021768518
13989,12.583992739187515
13990,12.421976384512263
13991,16.50175297686782
13992,10.333006755524409
13993,11.460038993002527
13994,9.128120972792864
13995,3.3711222911832763
13996,-7.7662326075689485
13997,-18.407867294077445
13998,-18.98729157588476
13999,-21.887118928281858
14000,-11.180518764769737
14001,-2.4155292250690295
14002,8.887403989790698
14003,9.45713462484784
14004,7.65983297858233
14005,10.454426454091617
14006,5.221825490093288
14007,8.150104954634962
14008,17.063186094574796
14009,9.86720742658192
14010,21.739341623904075
14011,15.356302457096866
14012,15.397064610462202
14013,16.14680948144403
14014,27.14298074769097
14015,27.643845823764693
14016,28.016351746931306
14017,24.37253708186755
14018,25.347625915551674
14019,24.845470907128913
14020,24.30595801723703
14021,28.39715931116885
14022,26.87455701309203
14023,23.597758127630996
14024,23.02728960429225
14025,21.896091828158504
14026,11.084869627446444
14027,12.517447677171383
14028,9.669757362415702
14029,-0.26598140293858563
14030,2.906334509044626
14031,-0.26930594650737305
14032,-9.847069978979619
14033,-20.016958986619287
14034,-31.827230101099133
14035,-42.80865393151697
14036,-53.85250690394433
14037,-63.475535054965306
14038,-54.06711585892322
14039,-57.57130523904209
14040,-68.84055713183807
14041,-81.2894781125339
14042,-85.04274976654291
14043,-97.62381430490366
14044,-79.01079729698709
14045,-95.56488094600765
14046,-82.09000037581848
14047,-88.11371297560214
14048,-81.45585703397347
14049,-69.26935520961484
14050,-64.94836972206524
14051,-64.07341884115571
14052,-45.65796099187939
14053,-49.5761327294358
14054,-72.28218053772726
14055,-71.81816126180628
14056,-57.820835120985706
14057,-58.692110106446435
14058,-56.82924397710072
14059,-48.93763335446831
14060,-47.5191964868658
14061,-41.81605335048081
14062,-33.38498636368386
14063,-37.29930259549187
14064,-36.47275755010893
14065,-48.397094839901946
14066,-39.398778412335005
14067,-45.46840809836688
14068,-50.73732079350539
14069,-32.041030013109676
14070,-21.38889175854035
14071,-19.629342883428418
14072,-36.33502416087893
14073,-49.85510299464741
14074,-22.81069775628813
14075,17.04107308791957
14076,1.3565204846527266
14077,-51.80717263833764
14078,-53.03969606361717
14079,-27.866221183294115
14080,-31.536254325292376
14081,-39.93645625716671
14082,-4.538506561066775
14083,29.85514624359324
14084,31.73006878789174
14085,21.388412653532257
14086,18.105519167347722
14087,5.639896985851294
14088,4.579919671841822
14089,-2.1079480571616784
14090,4.798806711653604
14091,-10.333431294422532
14092,-7.262923540004216
14093,4.306031123987019
14094,14.576058618988583
14095,2.3245472062422152
14096,-0.1986142788603047
14097,-0.8308396689288031
14098,8.858640278634525
14099,6.834565352339084
14100,13.044525940015049
14101,31.368422689745486
14102,48.196591754420396
14103,49.541924646185876
14104,28.298407130059147
14105,5.171613361709241
14106,28.1691513568108
14107,29.210075796043498
14108,41.2952179369893
14109,38.8636030306252
14110,19.672693225289507
14111,12.44597850159495
14112,11.310535295956655
14113,14.324254998509716
14114,22.4389569197065
14115,21.632535121895984
14116,15.226707709388279
14117,9.527518712204596
14118,14.387268802684737
14119,22.048101737184744
14120,18.633071397573964
14121,12.79512559634069
14122,9.602183319939044
14123,13.476629467621152
14124,8.015880840305314
14125,0.814679151908436
14126,9.904887105262702
14127,4.77174712588635
14128,3.2925884275465194
14129,-11.18306140028838
14130,-0.6942208551032962
14131,-4.990657365041713
14132,-12.404279020453927
14133,-16.446778517094675
14134,-7.221201035431399
14135,-8.16384023897485
14136,-13.442832789327788
14137,-26.8491773294494
14138,-28.855816124805404
14139,-43.90092874425595
14140,-49.772298965834054
14141,-47.77723267105732
14142,-46.40810007255442
14143,-45.97921171080634
14144,-46.10399797034319
14145,-44.6689843825622
14146,-25.476985794910764
14147,-25.189097046068913
14148,-28.158941996541888
14149,-28.418316818182166
14150,-53.78382113040006
14151,-49.105555473609186
14152,-51.55902737289007
14153,-42.69593675906374
14154,-43.807769590819724
14155,-41.9937875840882
14156,-42.06599919958668
14157,-36.91727128987949
14158,-22.774424353009618
14159,-33.26148697144672
14160,-32.474617413146326
14161,-30.2641339571238
14162,-32.98460070958222
14163,-32.933852444033924
14164,-26.71374546231882
14165,-19.609613392934158
14166,-20.128399126966315
14167,-17.996340972772998
14168,-9.42171695176404
14169,-9.410518039448448
14170,-1.5856887542345461
14171,16.95456772306685
14172,3.0179977186050806
14173,0.39579410598739884
14174,-1.905230318150629
14175,-0.6428755554791081
14176,4.151806289181408
14177,-2.1580946651270523
14178,1.2623080579613841
14179,10.644258738966109
14180,7.8558645120088855
14181,3.6434771441478873
14182,-0.4948566222983004
14183,-5.093215480172574
14184,-11.259695297974389
14185,-10.616786210506746
14186,-13.87455990870658
14187,-6.683690729527292
14188,-2.2938546922533547
14189,-1.6416434490419718
14190,-5.2002501756576365
14191,0.7197067920369236
14192,1.2510861142582925
14193,-3.185088773946269
14194,4.037200002047527
14195,2.214475131783942
14196,-4.059840110011677
14197,-7.343547535550059
14198,-12.321909087794232
14199,-7.563580223523637
14200,-5.306342934807525
14201,6.562962390980125
14202,-6.259948607257243
14203,-10.348757163102405
14204,-7.144107284616908
14205,-6.084772588253642
14206,-9.376528014460067
14207,-8.796937246185767
14208,-5.776319912546455
14209,3.8954347525067305
14210,9.038739611918558
14211,2.139203996040081
14212,-3.102217698436604
14213,-1.244388456757477
14214,-0.14588516306572075
14215,-0.33885613622738475
14216,-7.463901299691951
14217,-6.103467598360119
14218,-13.009765373496208
14219,-12.03544894378254
14220,-16.722709971507328
14221,-14.569298960830821
14222,-3.3659454400235944
14223,-0.715021340455607
14224,-14.576677560237716
14225,-18.99422404464902
14226,-3.407191209253625
14227,-9.370394150576463
14228,-18.965012393537027
14229,-33.12783386134382
14230,-21.97528767698736
14231,-34.90109085073425
14232,-36.35990662335516
14233,-38.275819993272734
14234,-35.93961544263229
14235,-45.82513539145063
14236,-43.66399060218728
14237,-38.10781143557509
14238,-32.476241575363176
14239,-30.540223030522487
14240,-23.537200083146775
14241,-30.232351618768053
14242,-21.831124518203442
14243,-22.881817639504877
14244,-15.753103635452451
14245,-6.3930742857436655
14246,-25.37031783772085
14247,-17.580262036489675
14248,-21.312435386794792
14249,-13.350368474826102
14250,-33.261875016790285
14251,-28.62581007394557
14252,-35.56893624134359
14253,-35.89179531407014
14254,-50.936580611571536
14255,-49.79535731587466
14256,-44.4352778184951
14257,-35.84652342238596
14258,-47.26721933101209
14259,-41.19687793971429
14260,-38.531065459494876
14261,-34.40599186159677
14262,-41.21360449601609
14263,-49.085150877416694
14264,-37.33750580770372
14265,-30.701540376167983
14266,-22.78863787844729
14267,-9.752645580505611
14268,-12.525613815120618
14269,-3.572583106135262
14270,-15.028674584614127
14271,-8.896633524092753
14272,-0.9961972221648807
14273,-2.608622977305089
14274,1.1875574508306883
14275,9.253025557269233
14276,9.953584606035115
14277,13.86262102261417
14278,11.945990359863785
14279,-0.15490053224918654
14280,-4.654196633191631
14281,-3.4379283607891153
14282,-15.045082087671855
14283,-28.86459737706741
14284,-22.495666501032385
14285,-27.672707818298957
14286,-27.832586476805794
14287,-48.204458836712114
14288,-52.328930853869984
14289,-61.30432612918096
14290,-38.99072034188083
14291,-35.15927066989667
14292,-37.01257988555221
14293,-37.95809733311853
14294,-42.80225438528118
14295,-39.694292237908435
14296,-31.30363483891757
14297,-7.090810738335261
14298,-7.365679085797151
14299,-8.377307559167686
14300,-3.895094425620975
14301,-1.3838720228495376
14302,14.780110339709502
14303,14.36242083545654
14304,20.19752140333771
14305,19.22875510210114
14306,15.379606249460515
14307,11.368806749896855
14308,19.489606167842673
14309,17.60507498408696
14310,16.78176552559404
14311,18.18815415819455
14312,22.253917155805198
14313,13.47819792350299
14314,7.033583652346195
14315,6.870115769496337
14316,4.089508990226747
14317,-12.838199798585766
14318,-13.292793060330872
14319,-13.846873000544129
14320,-27.791496838418176
14321,-31.47392023780288
14322,-21.125526212544877
14323,-18.430132636744723
14324,-22.310048036929167
14325,-22.605095373118864
14326,4.071841945552947
14327,-2.195678057701386
14328,-8.970121839446378
14329,-23.51364736644696
14330,-28.50372191247012
14331,-35.64936287937828
14332,-35.3929493916016
14333,-39.3999012695327
14334,-44.52909859437742
14335,-31.825127975298393
14336,-11.954704872765866
14337,-12.438248883609994
14338,-26.94159727074699
14339,-32.69689174980859
14340,-15.078732009412498
14341,13.095610231881302
14342,-1.8195852486608075
14343,-3.9083692820312237
14344,-12.043849293477756
14345,2.6733627198286243
14346,8.944434155814179
14347,16.57164644331567
14348,8.506525167193843
14349,14.1296725713201
14350,4.852584844132693
14351,2.896029079162062
14352,4.417197512341929
14353,25.036373222670008
14354,25.11446148728738
14355,13.290650523073857
14356,4.987860544777114
14357,24.401135114105337
14358,18.642217991331698
14359,24.560226327238603
14360,27.15122940707893
14361,21.625036918479076
14362,12.414820473707948
14363,30.901817966724792
14364,25.02608535851229
14365,28.763294670163248
14366,20.537411043389262
14367,19.776277684588088
14368,21.15180981693144
14369,18.97497619541742
14370,30.369449166786865
14371,41.81513355982287
14372,38.88886027791767
14373,38.422105744519854
14374,35.24720277873884
14375,28.749825424085245
14376,25.53829865623785
14377,25.440231792250124
14378,14.477661181665141
14379,11.255056726011176
14380,17.1784583324433
14381,16.66642973531576
14382,14.983663271766396
14383,13.542720416878005
14384,7.12584898506082
14385,4.295784246991552
14386,13.757721678962362
14387,16.136098741237056
14388,19.652174200414244
14389,26.224269104708476
14390,22.609827668364204
14391,18.7106435538181
14392,21.295275711387944
14393,39.96989418095143
14394,29.659557014291508
14395,26.425064974865236
14396,26.160976407548944
14397,27.55648018546735
14398,28.351229484081998
14399,23.18034135730499
14400,24.797468171463997
14401,20.720559856355713
14402,22.466188035759565
14403,19.88846162555513
14404,22.908110025856452
14405,18.762848716043216
14406,18.105658425019968
14407,20.139785417434055
14408,19.256923759135177
14409,16.430960795326328
14410,10.401616382520551
14411,6.733503771256686
14412,12.270665374140087
14413,6.71495935225709
14414,3.9653893301140286
14415,-2.0251108293923537
14416,-0.14008862906219832
14417,-11.560352837977682
14418,-13.048544916803003
14419,-17.817263638182716
14420,-25.676312788185534
14421,-31.509708884476872
14422,-16.19453323025948
14423,-26.337647674072144
14424,-33.767757890795764
14425,-45.24897387914433
14426,-40.06934153925173
14427,-46.09092519034679
14428,-48.39832672968604
14429,-52.42359253866264
14430,-40.95903849305636
14431,-42.6813847284298
14432,-37.658380593296776
14433,-33.80507920374435
14434,-17.402182235411125
14435,-37.386534514362644
14436,-35.978360551779794
14437,-31.30937199368831
14438,-40.821538107150225
14439,-33.749012054616806
14440,-26.176304544504212
14441,-25.465277098091413
14442,-38.08642307913222
14443,-34.053010509638355
14444,-33.10564399103562
14445,-14.690436239396334
14446,-11.056951925958543
14447,-25.28497797106226
14448,-29.936404158786587
14449,-17.23495247436162
14450,-12.17287068804741
14451,-11.95135855771629
14452,-14.683602622093261
14453,-21.21548166507149
14454,-23.82790267441589
14455,-19.682094951464585
14456,-11.986719062618754
14457,-13.806080767112682
14458,-23.61218860285216
14459,-25.51385954532437
14460,-17.001743835622126
14461,-9.464164698365796
14462,-11.68073735458291
14463,-17.733626220696074
14464,-18.0837789445418
14465,-13.469677949031684
14466,0.9153139594520354
14467,-0.49081234382923355
14468,-3.951451929567739
14469,-10.023245882772457
14470,-3.296324390504246
14471,-1.0431958924682405
14472,8.744727826326773
14473,8.037499673402927
14474,-1.7711079568429966
14475,-3.5790405452178504
14476,-2.016338023305451
14477,-2.6460087722835794
14478,-6.647880877206319
14479,-8.189875342240526
14480,-10.383971357248896
14481,-2.8227001555478637
14482,5.342507105788762
14483,2.467494873047251
14484,0.9558733282096838
14485,-2.957144009080203
14486,-5.900176619704197
14487,-1.3965287343653614
14488,-3.495263809396434
14489,-19.954197957138675
14490,15.09425656197439
14491,8.56512654421968
14492,8.395487652102446
14493,8.730238035769759
14494,13.6574927781407
14495,17.580783786708118
14496,15.092746071832586
14497,13.02036996712554
14498,13.805748925137003
14499,12.998185140161802
14500,17.61942050534619
14501,20.215146384265687
14502,10.302078950137997
14503,10.872237807282204
14504,11.59914464172715
14505,7.902779058099071
14506,0.9400421833022179
14507,1.023538957690512
14508,-0.042488720878473885
14509,1.144751804776213
14510,10.28199458917208
14511,-0.2103096959165569
14512,-2.7325076530270067
14513,-9.395075522016647
14514,-11.392194808238337
14515,-9.446989362939483
14516,-6.855779747095248
14517,-6.338792551053437
14518,2.343585205311385
14519,-2.031928634393907
14520,-3.100247871272657
14521,-9.429543306932331
14522,1.8383196233145966
14523,0.9805594964084108
14524,3.7672898158937542
14525,2.435058711374843
14526,5.253499667258232
14527,-4.281828645446588
14528,1.4281618283964619
14529,5.923814189501847
14530,9.673842666988499
14531,-0.9164958475162663
14532,-1.6306912994620504
14533,3.7289955318237347
14534,-13.502741982776591
14535,-12.478669205699894
14536,-11.406334763754636
14537,1.6396174403060186
14538,-15.974546814142315
14539,-20.548763471606748
14540,-27.39411487877507
14541,-24.456981024411817
14542,-18.306991979512404
14543,-25.813349949924074
14544,-17.119669591433578
14545,-10.284285444282304
14546,-13.227555795179029
14547,0.6399449211598665
14548,-8.946287072149488
14549,-10.967616413006994
14550,-19.168178911382036
14551,-14.740062498373852
14552,-5.149497417392418
14553,-9.371438917441488
14554,-17.04368748993281
14555,-11.318741188781104
14556,-8.073719529171342
14557,-8.498481608626037
14558,-20.62687326313314
14559,-17.647679073540182
14560,-10.839337283926362
14561,-3.764295954119028
14562,5.044954154906776
14563,7.4893556725624535
14564,7.94693860222003
14565,-3.2100293201734473
14566,-9.124551003465918
14567,-5.295517805434692
14568,4.003469841011217
14569,-0.40255102362392137
14570,-8.323764885227533
14571,-14.395783655719171
14572,-6.562023522906671
14573,-5.622039496402479
14574,-12.90736472944188
14575,-21.03532987791733
14576,-20.998649108728255
14577,-18.81795224767917
14578,-1.5173147579683004
14579,6.488695594986702
14580,5.414492282908192
14581,3.0310013010095602
14582,-2.9329053357913892
14583,-3.217751831624156
14584,1.4383050810366171
14585,-5.6813032267634185
14586,11.16856936542895
14587,9.430325902046675
14588,12.518050726182523
14589,8.97587307523581
14590,43.47698360150862
14591,40.20154622335896
14592,38.509151175786954
14593,39.32270082057464
14594,40.195530288115066
14595,44.9302579918471
14596,48.063785389010945
14597,47.758973683276
14598,48.397130770663
14599,44.714544326728046
14600,47.35706749328965
14601,48.47348092971397
14602,36.87345963125891
14603,35.888064797283434
14604,40.395811725372155
14605,38.83739615295512
14606,42.79241350571229
14607,40.83954065841479
14608,39.04776552971279
14609,40.55195658302634
14610,29.60749454781559
14611,32.22826054955881
14612,38.06932328267409
14613,29.778335277584162
14614,33.69584432161217
14615,25.62225296963185
14616,23.040046371090135
14617,14.472439077568133
14618,23.830310002603497
14619,14.524712304726265
14620,13.721891332239224
14621,8.361316828683286
14622,13.271597762326763
14623,3.096601606434632
14624,9.154624035398541
14625,12.158173317716745
14626,14.82086916185169
14627,8.41385611368581
14628,13.673178294111707
14629,21.128593101334374
14630,14.980795967210625
14631,14.398006254457144
14632,19.083112064059165
14633,18.32868373058126
14634,1.338729621365026
14635,-8.849829717408333
14636,-8.34586555058143
14637,9.842818454625338
14638,10.316378013184526
14639,4.1461529010631395
14640,-6.530358011040342
14641,2.0183214840538355
14642,-18.00395965992822
14643,-10.219302461757188
14644,-28.13141324924304
14645,-17.9770377357924
14646,-11.378655517012731
14647,-2.6364857209924537
14648,1.343412704628662
14649,-11.299799375590993
14650,-8.168824054109727
14651,0.17603816781195292
14652,13.399795909397085
14653,11.120575836764942
14654,6.329669943947991
14655,26.285637970181753
14656,43.253360965705454
14657,46.40395336718423
14658,54.97213369846564
14659,46.769878653829736
14660,48.985564668394844
14661,46.51807184254075
14662,41.58622492565726
14663,42.12858325393111
14664,46.05211972288541
14665,45.60727436625311
14666,31.46990130770537
14667,11.160737134078083
14668,13.498967247139653
14669,18.750806199042863
14670,30.208025400419885
14671,18.58237668038725
14672,14.919992681378567
14673,14.549403771998435
14674,35.490003629575725
14675,37.35340824804628
14676,39.98118480425576
14677,45.460390417008355
14678,42.41002182049458
14679,34.99000240056155
14680,27.31637896612402
14681,23.10069746717671
14682,47.705046147031325
14683,50.563966829444084
14684,52.66199897767844
14685,50.13232520636093
14686,66.27583736830599
14687,60.069859630641304
14688,58.3596084745989
14689,49.96610851976402
14690,57.79857965357779
14691,60.48176223989505
14692,56.05596486411501
14693,56.40009043557261
14694,49.67408230955934
14695,38.008516754742104
14696,38.70230200866557
14697,46.825215718743436
14698,54.70667497540515
14699,58.56300638695609
14700,54.35558665338354
14701,42.012280366658175
14702,38.95825296478809
14703,25.557998081080527
14704,35.52411722931866
14705,47.36804096091238
14706,41.89256348519683
14707,28.12673949812617
14708,17.348381318155873
14709,20.52600854091824
14710,34.50215794373854
14711,21.950244569829195
14712,15.334304125248863
14713,20.92495455162792
14714,34.3795273494236
14715,20.815718778144202
14716,30.988184568880314
14717,33.76780565907683
14718,43.45243226139094
14719,33.90606261142035
14720,33.7322879161285
14721,32.648679447522696
14722,37.579519508632444
14723,30.637556347343292
14724,19.786606595608276
14725,19.594308969683283
14726,12.098267959002555
14727,17.68140731915406
14728,27.342769738617733
14729,30.048045568952034
14730,24.375648134360915
14731,16.14019106992174
14732,-0.16766577685223183
14733,8.07208063039235
14734,19.925323096858264
14735,14.160352671093662
14736,15.993205807764397
14737,3.9894943896270405
14738,-0.785755197802871
14739,9.477768482492365
14740,-0.7376219065872647
14741,-3.134705351555226
14742,-1.4425088440609528
14743,8.164117665799687
14744,8.829854627762721
14745,2.89944685798271
14746,18.187686209131805
14747,23.86099789047335
14748,14.491337989727178
14749,0.7134583026239625
14750,9.836889100043066
14751,22.908080747076127
14752,26.93745500020529
14753,38.610221623181644
14754,62.33771331011337
14755,61.17747136709232
14756,60.82405143097438
14757,63.94010634028251
14758,64.86248674308193
14759,58.41797323600282
14760,63.10534973482511
14761,62.675746908498766
14762,48.04620304367798
14763,38.14344885329358
14764,46.211185875981315
14765,55.044786459453135
14766,65.18130705224318
14767,55.94503270553365
14768,42.29650294937743
14769,37.54528658936913
14770,55.135044704847786
14771,58.94156439886086
14772,56.21787889624065
14773,57.47828665107812
14774,58.73607551257297
14775,56.498397621557416
14776,60.12199316521185
14777,55.98841313951408
14778,70.44101582776956
14779,62.782920360711515
14780,61.39668283166198
14781,64.59239532188103
14782,50.715049319085495
14783,48.78909127594048
14784,48.27491108570035
14785,46.41455644144841
14786,46.391337566382745
14787,47.441884418374016
14788,48.73433106712254
14789,43.54394892338517
14790,38.543675843857145
14791,37.415579661138096
14792,40.69217186515779
14793,39.797788614466455
14794,37.387561927936076
14795,35.9441639266027
14796,39.451349991143445
14797,37.86839211129379
14798,46.04465978065913
14799,45.97937488756547
14800,39.02943645126997
14801,21.218219554252087
14802,29.491573911605798
14803,27.624297675096557
14804,26.8271034320818
14805,30.318479097444367
14806,42.26534579968158
14807,39.36696020549148
14808,32.86383876449922
14809,25.0483725677855
14810,34.14877346138968
14811,30.220638912789212
14812,36.67081765843929
14813,32.03523416796932
14814,39.72503669894327
14815,37.27455966854275
14816,33.43621642827016
14817,31.090601134452314
14818,41.99680715413942
14819,42.559145682166076
14820,39.96019791391629
14821,33.606635648763046
14822,11.309118801029797
14823,13.13538632452969
14824,13.63872520163784
14825,12.991492437224679
14826,-0.9398155125188126
14827,-3.0328307964790113
14828,0.5819656675017129
14829,2.585908796050539
14830,3.7012253851992014
14831,14.51373235305497
14832,13.283427230790473
14833,13.9825356119022
14834,12.58123386454212
14835,12.065023685328235
14836,18.693776391800156
14837,21.276427472655428
14838,9.91868056132894
14839,17.31049661459612
14840,24.963884764426567
14841,27.512693764784913
14842,26.531762722706894
14843,31.43475758571593
14844,32.5779121215176
14845,27.056718418595167
14846,22.59919542286798
14847,24.155841941409676
14848,22.736083753671693
14849,31.451019254340736
14850,40.031304021169106
14851,36.568345033431925
14852,43.20651530785277
14853,49.16323335299178
14854,48.857992797405146
14855,46.1748733114665
14856,39.367406547951745
14857,51.823695287642025
14858,42.22832292108201
14859,39.06386227106772
14860,30.90798290962657
14861,32.21597322810054
14862,26.130553684920713
14863,22.944688176301625
14864,24.712399209229474
14865,25.634071317521077
14866,38.39714830848507
14867,39.64925215448301
14868,35.57949353378575
14869,36.55165950092538
14870,37.94797344406972
14871,35.35287906705837
14872,35.400459233249066
14873,42.926696793309944
14874,49.19886343240617
14875,45.26743944097828
14876,43.82898972112068
14877,47.306497200508545
14878,43.66217817328648
14879,43.3360837435509
14880,44.572069958602796
14881,43.8105982280383
14882,43.454493521168814
14883,43.060197822248966
14884,43.98438224198344
14885,44.380881088095975
14886,41.72192582741086
14887,41.09946974343184
14888,38.80557493430534
14889,34.66582253418109
14890,31.60381363358492
14891,31.853799219266975
14892,25.448735955001624
14893,15.267593176811957
14894,28.662987364640657
14895,29.77536347646148
14896,16.064077520703563
14897,-9.714920540131345
14898,4.462058908653816
14899,-2.763728290259408
14900,-11.385139099404356
14901,-19.5481612424869
14902,-13.933715766824783
14903,-19.78848634507873
14904,-26.269552547653014
14905,-33.11620783692741
14906,-26.03956689366585
14907,-30.186840891750492
14908,-21.540525258225117
14909,-26.316914117021398
14910,-24.101321904172124
14911,-15.030703847631202
14912,-11.492918190997472
14913,-13.650512861593853
14914,-0.8505093817624498
14915,-1.5119034184407525
14916,-9.214675481100826
14917,-16.339910855403687
14918,-34.83487691031313
14919,-34.398972525068004
14920,-28.132628212171923
14921,-25.476819786416158
14922,-42.40552362325075
14923,-40.45566949929178
14924,-34.74536663511588
14925,-32.40086458217768
14926,-40.07911464286145
14927,-35.60170990292358
14928,-38.9337072176258
14929,-29.028353254394638
14930,-36.0867917509281
14931,-34.9915193029368
14932,-26.928744219782395
14933,-20.198846429827704
14934,-13.460144005827743
14935,-9.390732256912969
14936,-15.558015176233965
14937,-24.832905740104735
14938,-21.406564560209794
14939,-2.158041965029213
14940,6.358242988330687
14941,8.368627016865503
14942,1.5188796178721446
14943,2.228391579767006
14944,13.895691139425836
14945,22.895793413032564
14946,31.88246354577636
14947,33.67008561891602
14948,41.037693875191636
14949,40.506383472207816
14950,36.52501252246546
14951,25.894712694022047
14952,17.21072148816367
14953,22.590198039565763
14954,5.5824486536805225
14955,0.0037192803640024863
14956,-8.875681706821418
14957,-2.8703568470551843
14958,-6.199562094712867
14959,-20.560246220115296
14960,-29.791587463705703
14961,-33.38192236008286
14962,-20.365632878066307
14963,-20.362598643101478
14964,-17.226435092752368
14965,-9.104803639417966
14966,-2.2772967456053763
14967,-12.319278424948145
14968,-15.97014249746146
14969,-13.055922480843002
14970,-27.949668740212623
14971,-28.607248973503765
14972,-15.438856051980604
14973,4.657968702772763
14974,28.16858086280753
14975,45.23766208895215
14976,46.48162891706092
14977,43.83938605257849
14978,27.94966196155029
14979,19.171995378305148
14980,19.326134475007485
14981,24.93850336306881
14982,34.09454694009354
14983,37.177329055226025
14984,46.47275841465317
14985,57.234470744195946
14986,84.01902275679234
14987,99.09625413999952
14988,78.92314112218426
14989,47.45373666102044
14990,44.281097386413094
14991,47.13704378966695
14992,41.383125906152785
14993,45.20493631770664
14994,46.11131399602753
14995,45.196920454693995
14996,53.86387993256831
14997,44.04188437277277
14998,29.615987536044685
14999,3.6042414101686973
15000,0.621343967147709
15001,-6.956045907605414
15002,-4.149289990383643
15003,-6.928001780699397
15004,-1.313672517974119
15005,-0.7512289876983189
15006,14.55283447119647
15007,12.841210265962594
15008,7.887099857194563
15009,10.682249890013146
15010,29.643615039056712
15011,36.06476204966991
15012,40.19679082129794
15013,45.71899519584666
15014,23.5597043455979
15015,16.097987689594753
15016,15.141873726175298
15017,18.01096451135887
15018,14.170730333507223
15019,1.563378075501717
15020,1.1803071916073264
15021,14.104375226595565
15022,12.009907634672174
15023,28.47413181298083
15024,29.302075262185156
15025,17.29598589373626
15026,5.636161525664555
15027,13.268232248073012
15028,18.513530617084278
15029,10.95777642864757
15030,8.768810816434822
15031,7.414646468812904
15032,24.5538217048434
15033,36.68818540603023
15034,31.015655743396636
15035,21.585303889658704
15036,33.43484664403532
15037,42.44108595859127
15038,30.917676528541406
15039,28.628775138762037
15040,30.349805447006716
15041,39.413193953860926
15042,43.59278385938113
15043,51.44001065084346
15044,65.73679097512918
15045,74.65939547125214
15046,68.43855537589114
15047,62.71938956731897
15048,63.54393059312396
15049,81.49485587166755
15050,61.36842543345554
15051,42.686582602934095
15052,28.081129463030834
15053,40.875957989550756
15054,48.06065029739251
15055,38.70437870185499
15056,28.10561743987536
15057,30.114246310397974
15058,48.582743536013666
15059,50.32892551034236
15060,40.837433666760646
15061,32.05925712113192
15062,28.352396749640448
15063,40.17699371589215
15064,48.49992349138823
15065,46.938171562867254
15066,53.37504903422311
15067,60.16437227806966
15068,64.17419539854112
15069,57.09138632133187
15070,45.95007615349253
15071,46.66561534116464
15072,51.46631038982075
15073,45.94225998617539
15074,45.66457660067367
15075,47.35970569325299
15076,46.10646048776981
15077,38.964399734242264
15078,39.990518562580775
15079,40.64018665430473
15080,38.805272142214704
15081,34.80976532511187
15082,33.75288350115524
15083,36.6261344107056
15084,35.9745326641992
15085,39.755867165633376
15086,45.851581474292814
15087,28.610861998791606
15088,16.075473275590717
15089,4.825391195385826
15090,8.191700167120338
15091,-1.9624617298612392
15092,-22.938253337964447
15093,-29.560485589323626
15094,-24.75668006695163
15095,-23.046924734549876
15096,-28.18541362319327
15097,-42.96679598093603
15098,-39.00416974989914
15099,-47.67215132260886
15100,-48.75194210441841
15101,-49.04419348463775
15102,-43.08728796150198
15103,-53.33205973241295
15104,-52.65981745076241
15105,-50.47331594220825
15106,-38.26649000500063
15107,-31.93497105629691
15108,-37.834454606384746
15109,-50.283624246816224
15110,-51.57996901996943
15111,-41.42907936791703
15112,-21.90999432008538
15113,-24.185217136988506
15114,-29.599140441671125
15115,-41.81027849138741
15116,-44.34289792963136
15117,-18.234412887206076
15118,-6.694615175081381
15119,-8.312750549436558
15120,-2.229438211571292
15121,-5.930230507586103
15122,-9.35446828546895
15123,-13.520192010578565
15124,-27.672194606471287
15125,-13.155044512263483
15126,16.4416866750042
15127,32.8476972374785
15128,14.279278082274196
15129,-6.703226519329895
15130,11.67995506006281
15131,37.14883689955229
15132,35.6263316838897
15133,37.83537903395211
15134,24.73134888496299
15135,43.2851776478861
15136,39.470190723223865
15137,41.201329724080225
15138,48.78755680304562
15139,51.555151425047654
15140,59.89213996984938
15141,59.98299858925202
15142,51.951709165510366
15143,44.899783337982385
15144,51.03520134037116
15145,53.964153354514636
15146,40.814080376985984
15147,31.029882079712436
15148,34.22679364458956
15149,35.96016852886139
15150,31.696715311306136
15151,24.62173188480982
15152,24.879783940907245
15153,25.425932315190366
15154,34.99909236680203
15155,38.52171218335447
15156,46.13740921930203
15157,46.84462678161874
15158,37.64673509824138
15159,44.17719198934185
15160,43.11009747869292
15161,36.331265905076094
15162,47.35956175079478
15163,45.603422387227496
15164,52.20103561798429
15165,51.04814979295584
15166,47.80888158453574
15167,47.228128726055886
15168,48.47734987705864
15169,47.12027897739266
15170,50.74633098210863
15171,48.98869374369106
15172,43.51881458523492
15173,47.37608918290995
15174,45.83775401291133
15175,44.661533448247056
15176,43.98517893055974
15177,38.04042530859603
15178,28.5441047073393
15179,47.288489660386304
15180,48.575924731582646
15181,25.322482830029287
15182,30.86645838441207
15183,25.60158247050169
15184,9.8614328227738
15185,-5.19757540597535
15186,-6.475175071000997
15187,-16.739019676887303
15188,-22.851850494543278
15189,-31.882678812415726
15190,-19.42077199843004
15191,-27.924398812904855
15192,-38.8855271228783
15193,-48.76702980005908
15194,-55.550246650541546
15195,-65.0683575392002
15196,-59.52716361791332
15197,-74.21389090920903
15198,-80.71628006472393
15199,-80.97494520527049
15200,-55.43015017201997
15201,-34.604815652162465
15202,-31.54002144298469
15203,-52.03212363263632
15204,-51.11776783203616
15205,-41.971229951466945
15206,-45.155127186292425
15207,-41.678393450960876
15208,-45.892126420314874
15209,-36.17659395918697
15210,-52.84754363692322
15211,-50.92049914396132
15212,-46.958913303950354
15213,-38.20257051121895
15214,-23.44795353575833
15215,-26.600656084775352
15216,-19.416676959959176
15217,-7.32467266857995
15218,-14.157084047467105
15219,-5.675049812158715
15220,-11.053709750061739
15221,-15.370652103341467
15222,-9.617763496322073
15223,7.652284336303985
15224,2.1615693830432363
15225,12.400915820283679
15226,10.028123018573567
15227,26.180183321453953
15228,35.196450114066224
15229,41.12702728699263
15230,30.82476976524542
15231,26.77464824971416
15232,31.919980880836405
15233,46.82815625613175
15234,51.7540429183059
15235,58.49275771307559
15236,49.336965720756396
15237,46.52009193671795
15238,47.40986954777726
15239,47.43192828587807
15240,55.53414891509932
15241,54.34459898220548
15242,42.48168967432943
15243,35.72501528115552
15244,25.576647549226266
15245,26.399317776965887
15246,28.53721944992475
15247,23.01232956903013
15248,16.930493907052153
15249,17.70027928622804
15250,29.35457724181309
15251,27.80003776128224
15252,26.281252001773474
15253,27.481425258895015
15254,23.511792125168355
15255,19.435000206888034
15256,27.665319985729937
15257,47.124053525857605
15258,39.60498711825301
15259,32.22475167330424
15260,32.21395522161484
15261,32.98878486140143
15262,39.957868085825496
15263,38.99790096795063
15264,32.67364084785176
15265,37.198221686503345
15266,29.527778939187584
15267,31.99273096161808
15268,32.420023949017505
15269,36.70878898677822
15270,35.423951579563365
15271,39.17382941528895
15272,44.402514269535615
15273,48.942036164631375
15274,44.307350463136586
15275,34.14643316756418
15276,30.163557272831966
15277,24.946336406852424
15278,24.067441343545795
15279,19.522151191137553
15280,-3.4891370225705742
15281,-15.589822603777549
15282,-16.23905318580948
15283,-31.85193754596513
15284,-27.788028402861116
15285,-26.259253621876
15286,-13.518212941683863
15287,-22.497779764789364
15288,-46.070074131290376
15289,-67.53031735570768
15290,-72.03731628615544
15291,-82.67513330963352
15292,-78.90076015919722
15293,-66.15204411906196
15294,-88.24024460113108
15295,-90.6698024180885
15296,-88.3945406413649
15297,-69.13721780123987
15298,-77.52952597698426
15299,-84.7020840998572
15300,-68.24370725474752
15301,-45.8742791056974
15302,-66.56801601081757
15303,-55.42572727225301
15304,-40.945199418940476
15305,-32.207869022576105
15306,-40.48713281828497
15307,-42.006956736004206
15308,-40.30820969984995
15309,-31.504519655964707
15310,1.4874643306513278
15311,24.597335124820624
15312,8.561088061939067
15313,-13.375608509926458
15314,-24.057084686331436
15315,-45.254922043599194
15316,-31.686666460673038
15317,-4.336204340168926
15318,-1.7117066369070528
15319,-22.390709427941175
15320,-19.440852768409087
15321,11.65964100800457
15322,31.31616525846762
15323,28.82717073894601
15324,17.12870727219223
15325,24.492945416492432
15326,40.913173702448844
15327,42.83713370149472
15328,33.77243096982063
15329,33.29389562008613
15330,38.342441515604165
15331,37.616199923722505
15332,33.24313652688856
15333,36.5895006976573
15334,33.53275591622594
15335,32.253862853309585
15336,37.42444665459519
15337,42.49669655083645
15338,45.14261712195433
15339,40.05704287040514
15340,37.22367235522846
15341,29.37455541933211
15342,47.59181189888258
15343,34.748898937784546
15344,30.06822645476869
15345,23.207751180724294
15346,34.99361067074467
15347,38.69353784986252
15348,53.67451421238057
15349,67.17216310203013
15350,58.84218014072134
15351,49.42004714725677
15352,41.05761867048774
15353,39.13511693288281
15354,48.92660095165614
15355,44.32455087792444
15356,40.7907783416877
15357,37.745323364372766
15358,51.69270569075232
15359,57.64935699517221
15360,60.25804996069428
15361,55.51568793878562
15362,54.99608060900782
15363,62.87398659750845
15364,71.68353321437785
15365,74.13316988893523
15366,63.92692461384863
15367,57.89836597666675
15368,48.74940374562891
15369,46.07392589628486
15370,41.20276922441566
15371,50.010608770569135
15372,55.96585594817401
15373,47.60837787462431
15374,27.619247639094382
15375,7.7084274655445455
15376,44.880110329866866
15377,70.51241115781615
15378,53.413438158315756
15379,21.56050717464258
15380,-8.305517376621363
15381,-24.929979410186487
15382,-22.576354537466887
15383,-35.67375042804416
15384,-51.050005506790484
15385,-42.884615384252484
15386,-63.12418641245222
15387,-74.96050251598317
15388,-67.12060988854256
15389,-29.85357594655744
15390,-26.47468648487343
15391,-25.758300927855444
15392,-21.51773344027883
15393,-12.59805290960325
15394,-10.250387482752014
15395,-22.765081420429308
15396,-11.931796037308427
15397,9.555426735764428
15398,24.290524795218175
15399,3.1005457979318862
15400,-1.3891008856924714
15401,-25.121249547543126
15402,-17.340330963835303
15403,-1.3951118046230135
15404,2.261386157216066
15405,-2.926590945711041
15406,-4.673266747853248
15407,-14.499314602702857
15408,-2.1199177178421706
15409,-2.413045543320962
15410,-20.64032023116857
15411,-26.359367725720347
15412,-25.065713459600826
15413,-21.538563800400592
15414,-41.0689967489286
15415,-38.09767131651135
15416,-22.754022255775322
15417,-31.026913244549903
15418,1.2747782033096087
15419,7.459398131893288
15420,6.688199041598345
15421,-19.190028450020638
15422,7.285487773601858
15423,26.255263193219434
15424,32.28863710012325
15425,35.59647383069682
15426,78.17258543798752
15427,85.27852335108611
15428,76.56083249118029
15429,74.23748846881762
15430,81.7302141846988
15431,69.57616798713816
15432,62.84037530910798
15433,61.821016245035125
15434,58.33367655501449
15435,40.068656005619786
15436,34.32309876658893
15437,34.98770916278367
15438,49.05973338389667
15439,47.573758596906586
15440,40.19938383387925
15441,31.916180741994012
15442,49.17854708652635
15443,45.863916862742144
15444,47.44394350869982
15445,44.24238652059174
15446,43.38115729561008
15447,36.9045152542285
15448,30.952662386908713
15449,29.22568879750702
15450,44.25118786950269
15451,48.239309459693615
15452,53.87999156971368
15453,55.40097259088604
15454,41.38157453594221
15455,38.64709832036712
15456,38.944945744942146
15457,43.46160889436533
15458,49.34712148119472
15459,51.616540633634926
15460,48.126152345405714
15461,47.92357432103465
15462,49.63737545078034
15463,51.17992008678836
15464,43.50757092971317
15465,37.02986244045398
15466,34.89014957590584
15467,41.56012152203243
15468,44.13761194008512
15469,48.02761727714045
15470,56.70249586385991
15471,45.16610780105013
15472,27.608923778706398
15473,20.573010962475323
15474,23.534858313356068
15475,12.69519335016821
15476,0.3641128582301292
15477,-7.385120716679211
15478,-7.121958854216892
15479,-19.03581096185436
15480,-30.602157854212543
15481,-47.42036220499798
15482,-41.61182265493338
15483,-49.44467378899574
15484,-38.86702956930546
15485,-40.97984651813343
15486,-33.029403360984006
15487,-45.16263562583059
15488,-46.930371985610165
15489,-40.71361915033843
15490,-31.238030819686372
15491,-19.774208540580247
15492,-13.187072114403662
15493,-14.128742725427315
15494,-23.385036227770456
15495,-18.02605651849899
15496,-18.784053405532745
15497,-18.093586857980256
15498,-30.687186716996457
15499,-24.83948972911896
15500,-24.09436081399071
15501,-22.127324039736614
15502,-10.375193960782006
15503,-3.688326077607506
15504,-5.7243431627515164
15505,-2.274919906250396
15506,-0.7383004886131133
15507,-1.4220598518698537
15508,2.2544735372425677
15509,8.005637499534252
15510,6.253107388031779
15511,5.809233454455253
15512,9.595701116882779
15513,9.888230801523619
15514,10.795133510050952
15515,12.657938649876591
15516,11.557226114907898
15517,-5.521112498445643
15518,-13.474315930784542
15519,-8.886474190548995
15520,4.212054821592801
15521,18.88967870550391
15522,32.07785276249079
15523,33.538256765223295
15524,29.84983766228133
15525,27.866822153751954
15526,28.354571095536542
15527,22.721395233060505
15528,10.650151787633732
15529,17.022671555350556
15530,7.414500143115198
15531,3.1671987860832544
15532,4.0600760155896936
15533,12.751920417755379
15534,27.95140347370129
15535,26.837028474981523
15536,14.941173936883118
15537,-5.044045625174604
15538,7.504686587065407
15539,20.131593891560357
15540,21.885506122454558
15541,11.911157503811381
15542,0.5651515952181896
15543,11.632037703086318
15544,28.98523034961623
15545,36.47993403043607
15546,26.46160535257647
15547,28.429109782018855
15548,25.936586228540108
15549,20.664636549426007
15550,23.550421045312632
15551,26.28178419578144
15552,21.88766045714739
15553,16.575616382316028
15554,26.27424585881957
15555,33.6029822937065
15556,36.65941423977074
15557,32.257151778662035
15558,31.887454484187927
15559,30.31569810722128
15560,29.844696596408752
15561,28.6948371137063
15562,28.58016415156216
15563,33.96125640930889
15564,29.813149599192272
15565,30.219069242560224
15566,32.017182462757006
15567,29.445461491132676
15568,15.018693704508706
15569,24.37034341500342
15570,8.022533179800533
15571,-4.698574451361608
15572,-5.448247890604264
15573,-4.4654718925155095
15574,-3.0746282252076256
15575,-11.943432176162169
15576,-3.8057393970282263
15577,-7.8827657054836
15578,5.344060799299129
15579,-14.952129210434933
15580,-12.618639078237393
15581,-16.88333453206475
15582,0.46112229702239915
15583,-0.6973294982997515
15584,3.265608230291747
15585,0.570179800514353
15586,20.193866365703784
15587,23.16886765612223
15588,-1.2246020310930277
15589,-4.211858580436129
15590,1.3229287161260146
15591,13.388984558704593
15592,5.620344400288175
15593,17.007975613340037
15594,-10.889044279115062
15595,-18.53611110411577
15596,-11.124958706695274
15597,17.315854440569304
15598,18.631131073344015
15599,0.2688947944949902
15600,-4.494527666779568
15601,-2.0864185370618955
15602,2.239509281554099
15603,4.737242995842799
15604,16.931539780328713
15605,11.55125764453664
15606,-3.2720314727374955
15607,-20.847337003639353
15608,-16.14272030673399
15609,-22.356293871193856
15610,-13.8440306922767
15611,7.253212678848911
15612,29.960151894620836
15613,35.76071748935847
15614,14.330649613115853
15615,10.98717787936927
15616,24.334930982631036
15617,67.59630032422719
15618,77.87376682888568
15619,73.94038229330097
15620,65.7643256394144
15621,81.0462362917457
15622,89.60303213532237
15623,77.82260634304654
15624,57.42078412218015
15625,64.25761987020678
15626,47.85126422601384
15627,28.054117701060918
15628,23.866561771349517
15629,28.624244461535895
15630,29.736062642726154
15631,18.437595033969835
15632,19.02783475319506
15633,13.337494717700558
15634,20.74220013333884
15635,18.470279672170605
15636,17.011404849435834
15637,24.838813867743525
15638,15.441010989063166
15639,19.790456529356824
15640,28.45947099148755
15641,52.145971314875666
15642,30.461615206654088
15643,30.05044279216831
15644,22.770781085531006
15645,21.198144840741627
15646,49.70622207539084
15647,59.80558393584518
15648,58.604610247579316
15649,57.32033267185132
15650,59.913176989440316
15651,56.78183840701989
15652,53.07772975690064
15653,44.88825871486323
15654,40.921690055761005
15655,39.87666225606968
15656,41.1522746550943
15657,45.532479414960804
15658,53.80588874105102
15659,54.486758001949525
15660,48.07588339882925
15661,51.84977912082137
15662,64.69471398573857
15663,51.63612350638452
15664,34.505828982794995
15665,25.794017023602613
15666,29.43797422990609
15667,15.051364304375191
15668,0.3186506158411291
15669,-17.303176556999183
15670,-27.276082833471662
15671,-33.62232352931392
15672,-37.779333884032326
15673,-55.040677523343504
15674,-50.64655565766885
15675,-49.83662991636846
15676,-54.31912181250994
15677,-47.291529346641546
15678,-26.382975226033714
15679,-30.164575968713926
15680,-35.680843033849406
15681,-9.134414979534675
15682,-15.086792912588301
15683,-2.3475543290498493
15684,-12.271682049053886
15685,-9.142753544699595
15686,-24.079226313687663
15687,-7.944242092912738
15688,-0.5094995673636973
15689,11.29055271457505
15690,-16.304783895357716
15691,-14.20942091420703
15692,-6.753615951634842
15693,-19.599107098494173
15694,-22.38104086956929
15695,-37.54852438300776
15696,-33.62681459529631
15697,-14.8975041701255
15698,6.799825482345021
15699,21.497289199951886
15700,15.64583691615379
15701,-10.250075844064646
15702,-11.823441749747268
15703,5.480199650572942
15704,24.457362209670848
15705,40.704888521457164
15706,38.63714776159499
15707,45.859937738080546
15708,43.87110300400077
15709,57.02128352744627
15710,43.790912727083494
15711,33.61679524420215
15712,31.687853366259006
15713,43.91206069180954
15714,49.95808971898724
15715,70.2027973080563
15716,72.50789300845135
15717,63.72632772996688
15718,58.326731168003946
15719,68.45275524990042
15720,71.38155561134646
15721,81.04059355425001
15722,58.67303439284095
15723,46.13561364717668
15724,37.3586059327657
15725,40.08031092545383
15726,42.388919062583696
15727,39.92762898986065
15728,33.92407142623735
15729,27.63715918275527
15730,37.426077212511174
15731,38.19862462308474
15732,38.77698616537735
15733,37.6436212498168
15734,32.050864725624834
15735,33.810068736992676
15736,41.90909843114714
15737,41.22516948889559
15738,40.499450809666456
15739,37.21566814985195
15740,33.8297174495969
15741,42.54765836392971
15742,48.39917181792161
15743,51.085799807621086
15744,46.89037871126253
15745,45.987178244355746
15746,47.87074233729889
15747,46.65584680905947
15748,49.38470472964805
15749,51.75179951984323
15750,49.39245364642261
15751,51.66433676749244
15752,46.91055812867472
15753,47.266428151074706
15754,44.08863939400611
15755,49.457898561193005
15756,54.848507457816694
15757,34.3685586264282
15758,41.23524380470893
15759,37.1805742572097
15760,24.92255598298643
15761,17.79509809513538
15762,25.08850358302923
15763,18.869330721235748
15764,5.49680494950821
15765,-10.692827567156222
15766,-13.979869361785077
15767,-27.928114319412842
15768,-33.71925424361872
15769,-37.72248448233354
15770,-33.20841499248032
15771,-37.55386338149875
15772,-33.21269714341846
15773,-39.51858947148204
15774,-37.50029339489888
15775,-38.258891570932214
15776,-36.59906656807548
15777,-28.064558011941564
15778,-11.126957369509533
15779,-19.88250981115501
15780,-11.79744800226839
15781,-27.109709781138882
15782,-33.24350921648533
15783,-9.138158158616527
15784,-0.2406586834264246
15785,-9.221226496900776
15786,-34.685415350245194
15787,-33.89494942758171
15788,-21.78745585651353
15789,-20.34127675087251
15790,-19.724805063668114
15791,-12.422194177666896
15792,4.832214525480751
15793,1.8348310433967043
15794,-6.967121653487137
15795,0.06571623516833824
15796,6.4689432419447215
15797,17.628455279701484
15798,8.14014603344409
15799,15.24329231572758
15800,12.948697883331953
15801,19.547661563165
15802,11.646205525118091
15803,16.851959920923548
15804,18.83895260789717
15805,29.086751794464533
15806,29.108864874861254
15807,37.76131786486043
15808,36.517503204309335
15809,43.517155436185604
15810,47.035970321242104
15811,47.10831026190746
15812,48.30663103325702
15813,50.86842151604438
15814,47.69431540933165
15815,39.103927157290215
15816,36.46740873049903
15817,38.66365884451365
15818,26.3345272161812
15819,13.870373992820575
15820,8.017515201278243
15821,10.35291911402173
15822,10.331159259749988
15823,0.05951928460508782
15824,-12.581567762390943
15825,-16.379461452623854
15826,-0.5726173678971165
15827,-2.215166923693026
15828,0.05776967890489715
15829,4.715559700347576
15830,8.005035813284337
15831,3.8219313692426056
15832,2.4241193758752786
15833,1.1124241076408339
15834,18.915257524993237
15835,17.119082028814077
15836,22.175740047174415
15837,24.487664043081324
15838,24.601035948902357
15839,21.483117409864086
15840,18.20473832371041
15841,17.329711981465486
15842,28.03379154062354
15843,33.51824368926579
15844,33.43407164242207
15845,35.458180284738134
15846,40.12969580234868
15847,43.941152902778626
15848,38.71901892203029
15849,33.11265505892915
15850,31.87435487153263
15851,32.74687759380731
15852,28.36115571264901
15853,26.91454186314556
15854,33.75855509651443
15855,33.63661600961255
15856,30.428248069956666
15857,41.698400913746624
15858,50.168491577643195
15859,55.49070511690509
15860,62.302120765235614
15861,56.75149917464863
15862,55.64282348079303
15863,41.62470064877414
15864,29.09357979111482
15865,27.047049517310427
15866,39.15231806786319
15867,32.58718187367516
15868,33.876276994499236
15869,32.79613581965087
15870,28.538883849048105
15871,10.165952538592428
15872,1.5136853666126129
15873,-5.932824615569352
15874,-7.418749495606541
15875,-13.490748631449925
15876,-8.95856979391042
15877,-3.7647672768464204
15878,-22.552775902907293
15879,-20.67461740722502
15880,-22.624359372254567
15881,-2.9684493681205097
15882,0.569577604174512
15883,12.548835675824975
15884,16.067644672086587
15885,28.639405759301823
15886,28.248859954822564
15887,24.173992858482876
15888,22.18205370543339
15889,30.59886167152436
15890,31.599802085857092
15891,38.48294711278304
15892,34.75401951388453
15893,41.90112350799181
15894,31.272050796198997
15895,35.63046366535583
15896,46.40296587701887
15897,55.58409595667372
15898,28.882519922203628
15899,29.37752211878312
15900,32.698880299774274
15901,39.546960072886364
15902,45.71300221667393
15903,28.178774031752553
15904,26.235224494791815
15905,28.810695410676303
15906,47.33535032131367
15907,49.44757519658667
15908,48.13552686728262
15909,44.203487460630114
15910,48.544506735871025
15911,49.983773235051515
15912,46.09002721741426
15913,41.00462932356096
15914,23.379697062208805
15915,3.049540661743066
15916,-10.227759100749182
15917,-3.5637135626724046
15918,8.480864845745067
15919,-0.1092438497019188
15920,-16.29596657456963
15921,-19.04059201566886
15922,-2.0001365104129505
15923,-5.672618837553507
15924,-5.584182309394642
15925,2.1080889343835665
15926,-0.9648770769157551
15927,-0.729063119197761
15928,11.326784793633848
15929,29.824028657575624
15930,25.54032907653655
15931,38.766685703245
15932,42.29235046961185
15933,41.012406678810095
15934,43.51531126564653
15935,41.43670291833921
15936,31.619554781895047
15937,37.52539564079605
15938,30.015615221865062
15939,22.82422677828481
15940,25.562540173746612
15941,39.81422382496325
15942,47.65450975979009
15943,44.81900036938639
15944,35.29357570273059
15945,27.831268846550373
15946,23.327821867233354
15947,15.135694102989532
15948,12.72294885593756
15949,2.2583749199830265
15950,-2.4928811310207664
15951,-4.143562071391045
15952,7.636863758397411
15953,16.514924719359783
15954,3.2517401626274562
15955,6.284892726796713
15956,8.25820094915862
15957,13.392725834905903
15958,10.534792941590204
15959,4.517432292155426
15960,5.141165455278546
15961,0.973757666181136
15962,-8.868742715111537
15963,3.187367346395874
15964,29.2944058171273
15965,48.1192948611275
15966,34.27636616845368
15967,17.21722125467491
15968,39.65021248455159
15969,53.840936816352354
15970,34.98434812349841
15971,16.846838574630723
15972,15.797874381390827
15973,32.09684390027182
15974,19.821511881748123
15975,52.977980678022405
15976,62.12444583493159
15977,37.81967854576892
15978,63.19407236872799
15979,67.0864037267644
15980,36.96168660568095
15981,-7.3724912797118165
15982,0.907434322167255
15983,9.538183841867742
15984,0.7286125533959122
15985,-13.16408707465741
15986,-52.0525482370944
15987,-69.49549514868589
15988,-62.34210208161123
15989,-42.002297553736
15990,-54.83313104980695
15991,-70.57235892269287
15992,-69.60297573146315
15993,-24.7562188160002
15994,-4.428334542866537
15995,-3.2106707765694864
15996,-47.5088514334219
15997,-54.87724585811827
15998,8.13248713452505
15999,68.61124071504663
16000,58.77720993893094
16001,58.474302746659234
16002,87.02506167696653
16003,96.70456555866294
16004,90.78614083711274
16005,100.59546915543861
16006,108.27391096517822
16007,94.69260890574115
16008,87.74700718398404
16009,79.07296546101179
16010,60.42671895207546
16011,51.58055930116818
16012,37.86956689989678
16013,22.166201922394002
16014,24.816849699210643
16015,11.245014920752418
16016,13.505465311023293
16017,7.935419389192013
16018,21.573721835673993
16019,11.959478078962618
16020,15.57809561449308
16021,26.713381993360414
16022,26.41124434714849
16023,23.719792409651696
16024,19.829030428375866
16025,22.90980581956328
16026,44.49432375953286
16027,40.76685450185373
16028,37.465796101032694
16029,39.28106217747448
16030,56.69604662406266
16031,54.62319501947712
16032,51.99414742531289
16033,48.347203261273535
16034,58.63780070792457
16035,58.379108118842495
16036,53.82340416595163
16037,46.838026979919405
16038,49.83924899847659
16039,51.866560197339
16040,55.00060480082601
16041,54.18635373814547
16042,49.83785576382236
16043,43.334165512086614
16044,43.68578434803872
16045,46.60115750353451
16046,51.90113120080606
16047,47.65159845616357
16048,47.77083007520112
16049,34.98558491509898
16050,22.057127352642908
16051,18.694264234243235
16052,24.71528876597614
16053,10.582914106196796
16054,21.56798753238708
16055,8.43850958880138
16056,-6.798471332225478
16057,-31.711063817321033
16058,-29.435132272458247
16059,-31.142092118320534
16060,-19.626192829080193
16061,-31.949560144750222
16062,-46.319703393610396
16063,-48.408999385335946
16064,-43.619582970879534
16065,-22.75435988198141
16066,-37.331863224420175
16067,-40.29532945176388
16068,-26.993626089954688
16069,-10.614219579369344
16070,-18.38601820663342
16071,-34.99023099828446
16072,-24.464722937550103
16073,-26.32038458864497
16074,3.632436750319698
16075,8.571381200624444
16076,-2.574926001568258
16077,-4.001630765838229
16078,7.549586474759096
16079,12.798581013078135
16080,13.292771503975459
16081,37.18664704379408
16082,4.879229513640951
16083,-1.8701166140827468
16084,0.10788332496872499
16085,5.7007785501818375
16086,10.135081677504466
16087,19.20535780983564
16088,22.702260122706342
16089,-11.510313146868764
16090,4.511624043022543
16091,6.891232932754342
16092,2.5205615535639367
16093,5.41832358410101
16094,49.19803553858634
16095,61.61457591023046
16096,68.4702749078383
16097,59.96476623290164
16098,101.78103317762428
16099,93.83953346177326
16100,73.89491064132068
16101,62.85461682658632
16102,68.46017826924741
16103,76.8179233504007
16104,74.03249016470515
16105,66.25855878876207
16106,56.14896797228907
16107,42.1447738639947
16108,46.76028237582533
16109,50.18183994221785
16110,56.29170764674366
16111,42.660490891301535
16112,24.896506049532135
16113,20.15768810697493
16114,33.22791756368679
16115,29.38257847777254
16116,29.040091187196197
16117,32.88485375040898
16118,35.57503016198635
16119,36.63169392159142
16120,40.55697794550275
16121,37.551698381299474
16122,49.05145879764136
16123,50.553430564199104
16124,54.20558564406117
16125,54.29499712968827
16126,45.43862992321306
16127,51.57641443983468
16128,50.75603395203524
16129,46.97529415218378
16130,47.431660703751376
16131,49.80029034940024
16132,50.59065904990426
16133,44.151121583900604
16134,43.62593251560797
16135,44.74388243172517
16136,42.3343106702046
16137,39.128708760108466
16138,32.92612202128129
16139,33.26354787507398
16140,29.77935118442238
16141,18.951571329133685
16142,27.79291957161321
16143,26.199170717389663
16144,18.376489527300876
16145,3.8258609234357124
16146,8.417200401958581
16147,11.66997710415481
16148,11.244811004749238
16149,7.899501778049597
16150,12.832464037813033
16151,10.527322826534977
16152,2.09792514179194
16153,-7.5413217678100395
16154,-11.483932024378504
16155,-28.192534462295413
16156,-35.34241799237677
16157,-37.907639634927676
16158,-32.404326142295346
16159,-35.99543710734194
16160,-41.783857000479415
16161,-25.062040353896847
16162,-16.58767929043293
16163,-14.981875862406952
16164,-15.005880074360192
16165,-22.609368952130495
16166,-26.588820847648833
16167,-20.39204653199539
16168,-7.592813020526137
16169,-6.226250553195143
16170,-32.45648227967752
16171,-34.11387297075829
16172,-19.436032450354112
16173,-9.871907495604496
16174,-15.000777554810291
16175,-21.01700268344566
16176,2.5995518560159567
16177,11.630895420758726
16178,19.06612336209264
16179,12.62296894217382
16180,3.3634205154941625
16181,16.38913051884623
16182,13.314039534304655
16183,11.698897285864078
16184,28.22494786390935
16185,25.757336338000144
16186,34.99124921299976
16187,43.29777502712885
16188,35.802297304252974
16189,36.690772018824745
16190,39.74853803722647
16191,50.83889050770563
16192,54.98678566171526
16193,57.44400613194509
16194,56.90204880173924
16195,47.12505797201753
16196,53.70831696003124
16197,53.67016692845384
16198,53.307216615859105
16199,32.1674630023865
16200,17.032496268664644
16201,59.51043075828831
16202,146.44124546287668
16203,39.824985406033974
16204,-46.49282076245745
16205,34.29155851892405
16206,38.0208259386729
16207,30.35900565120805
16208,26.468090795091214
16209,25.02273939274427
16210,38.359521662411936
16211,39.3027613519717
16212,36.32795740175362
16213,34.42084576021443
16214,26.67229820264736
16215,22.222710833759855
16216,34.494850001032106
16217,50.18377133771018
16218,37.443275268598114
16219,37.35441409983159
16220,38.36000757170177
16221,39.59948797073659
16222,34.54684185119204
16223,35.74444936437153
16224,34.79322526862167
16225,35.41469491372071
16226,36.91996303072372
16227,36.089803862665946
16228,36.41076720234207
16229,31.991634914503834
16230,32.73310498496154
16231,32.46606328323274
16232,31.970536374761892
16233,29.30576420563007
16234,26.742189812169542
16235,26.136648493645097
16236,20.527188890842908
16237,11.399976806584888
16238,23.1794316541407
16239,18.20368833709452
16240,1.2544851915502875
16241,-17.0538321327885
16242,-16.670843029959272
16243,-20.069905437259578
16244,-22.731297382365327
16245,-34.804033801000244
16246,-29.492380323386676
16247,-43.033735733742624
16248,-49.43331150987826
16249,-58.26706419745592
16250,-52.863208017604634
16251,-56.56887674813068
16252,-51.24641103892374
16253,-50.660224605860165
16254,-47.32976083100519
16255,-48.649936552822936
16256,-49.95684435810003
16257,-39.905175394820986
16258,-23.72278864130932
16259,-17.775397943500664
16260,-19.30928224507126
16261,-17.86171760432684
16262,-33.09461695532768
16263,-32.16781805991842
16264,-14.674104169442032
16265,-10.03287014358311
16266,-18.715464983544614
16267,-17.84279809131663
16268,-16.131103841186068
16269,-15.64718561167603
16270,-14.270653142211422
16271,-9.674180751439913
16272,-6.79674079018077
16273,-4.897843646402812
16274,-15.60728383124421
16275,-15.055426561190295
16276,-6.565035803273467
16277,-0.28937105527159446
16278,-8.385998151586449
16279,0.0755056417984008
16280,14.198573990936524
16281,20.208821472136975
16282,17.0224573784538
16283,16.06736179892909
16284,22.97041264219758
16285,14.3243103970404
16286,10.463075239864892
16287,-1.5392974530016517
16288,-2.696718892990006
16289,5.796298352639681
16290,24.790825912766998
16291,29.32760667639262
16292,26.70140774614604
16293,25.21441017684456
16294,24.255138794751048
16295,15.28571807938809
16296,-1.6925708912699235
16297,39.78542541097872
16298,120.7523765723247
16299,18.760228555519795
16300,-63.34499013705248
16301,16.87090243314679
16302,25.06065871692669
16303,25.911524334643552
16304,32.07481380568112
16305,33.72401757056397
16306,42.675828103685646
16307,32.981312361385974
16308,29.026814662690654
16309,25.64490360139088
16310,14.994295482762375
16311,11.219159523097211
16312,28.88325945635175
16313,52.46434796689762
16314,31.761883328949367
16315,25.870332805230326
16316,30.71533888705825
16317,32.99953140344353
16318,44.34919854624941
16319,41.02673632611284
16320,39.448581823581335
16321,35.93483643993419
16322,38.63175921275946
16323,46.017236823457566
16324,53.6090829593998
16325,54.99955241802054
16326,58.72430308857575
16327,57.1357193200469
16328,58.66635143189556
16329,52.3672977725915
16330,50.562154988062375
16331,52.11322840651921
16332,37.66750779724484
16333,33.95453592643807
16334,43.4053892785261
16335,49.49775928595493
16336,33.008914326892594
16337,18.747023894258724
16338,24.969995909327103
16339,17.776627316486348
16340,13.22536621511744
16341,8.173777261929608
16342,19.800840254158743
16343,12.547899052226228
16344,13.186636487312995
16345,8.681454602755394
16346,14.465522122972395
16347,8.70334084663721
16348,11.792041443919452
16349,15.393947869535502
16350,7.1275378830052105
16351,10.803700102354505
16352,12.108394916248962
16353,14.657101789595835
16354,38.62318637725478
16355,28.303034266735082
16356,30.896730750194067
16357,17.925248261014524
16358,4.320648433364816
16359,-0.5647013279105764
16360,6.554252148605109
16361,8.460550774026522
16362,0.2605017981998259
16363,0.066416736714487
16364,-11.762781135525174
16365,-13.685363489014478
16366,-3.3770443534172614
16367,-0.04106517327392112
16368,3.887508401245441
16369,3.3447858045812495
16370,-1.2580918449822107
16371,11.873523986159022
16372,11.664354030398918
16373,9.823925169251616
16374,1.44130190916637
16375,8.697010231659121
16376,17.879679659066184
16377,11.504349943616646
16378,7.632805558562453
16379,17.031317713265153
16380,9.732467988489262
16381,14.034183801514544
16382,14.744323474168844
16383,24.952938887953415
16384,31.427996346238515
16385,41.00539785644516
16386,45.405991644275915
16387,43.273871444867
16388,48.34899640555035
16389,56.88574540109734
16390,60.88355577342428
16391,45.41800961391708
16392,31.952754957172388
16393,74.77413813758646
16394,151.86766062982605
16395,44.07933556058623
16396,-43.97863377566435
16397,35.386133657816146
16398,40.33472021868944
16399,33.26085216534271
16400,19.42421149869984
16401,12.791603975157365
16402,26.72614888260263
16403,32.59022057273013
16404,38.05079366216343
16405,40.71779587957734
16406,35.5260845099922
16407,29.740271392598757
16408,39.99133583023719
16409,48.441193109039276
16410,41.82402029443227
16411,49.44781009042197
16412,50.919741841544436
16413,47.94446988944529
16414,47.42501992841913
16415,45.76714127397871
16416,53.24322101663621
16417,60.063368562737494
16418,59.91235300549248
16419,58.2547231660681
16420,56.355953331075526
16421,48.73681711480076
16422,45.278386638365475
16423,49.38494438149982
16424,53.86184071712876
16425,51.95950509981779
16426,43.51835166303265
16427,38.60624389829108
16428,30.738386268206924
16429,25.04153316655696
16430,30.797606078869407
16431,6.477679275328448
16432,10.669793608926334
16433,0.6975621753953689
16434,0.5178114078719105
16435,-6.9997847565600395
16436,-5.854574547374362
16437,-2.8347982953511845
16438,6.8268650042155485
16439,3.8966878732458525
16440,-1.8348734218353826
16441,-11.979550950639535
16442,-14.589644304674628
16443,-15.067985679021966
16444,-11.564754825051658
16445,-16.3432501505143
16446,-11.58926518339954
16447,-22.010274304530277
16448,-30.438296590143274
16449,-32.90364743879352
16450,-29.437972606352012
16451,-26.699821809130434
16452,-21.7057693746494
16453,-6.165846462148828
16454,-16.64942967560483
16455,-31.79939211516716
16456,-6.518851439865095
16457,-1.9379379150724318
16458,-2.365024710354703
16459,-0.7219350815595931
16460,6.753987837173327
16461,21.39928749171804
16462,19.56881329269781
16463,15.457870642949146
16464,19.47602934310349
16465,14.199251361316655
16466,13.318105134797065
16467,15.267261084147776
16468,19.89789348423062
16469,24.469081729312336
16470,16.611610467065383
16471,15.260872540254944
16472,9.03060944279266
16473,30.247725519373617
16474,29.60090754484503
16475,32.071076097523644
16476,23.317041637729403
16477,21.9662691360175
16478,16.523275298315617
16479,22.639058992233267
16480,17.71204287499672
16481,28.15853867432334
16482,31.150167850858452
16483,30.022711520044083
16484,30.687443801596885
16485,41.18108557512696
16486,38.94324877162249
16487,29.499006566598084
16488,28.159398012880715
16489,33.428928332338856
16490,25.803957450455002
16491,25.60521098234976
16492,27.64851478142056
16493,24.019030697866995
16494,23.85483930714976
16495,13.571195004702432
16496,14.750689796045478
16497,14.3355744171851
16498,30.16837384177036
16499,29.235261322231125
16500,37.9090330657054
16501,39.41718851240968
16502,44.02975126748038
16503,53.636388887422555
16504,42.09068686168965
16505,16.9861396462006
16506,44.01518906638911
16507,36.37609736427673
16508,37.573145766420666
16509,36.235605475055436
16510,48.16141535265608
16511,42.87717341639471
16512,43.10624954473552
16513,45.34205396622163
16514,51.48303912658004
16515,50.40055790176375
16516,58.47385812559152
16517,48.24460727393675
16518,44.42802758478622
16519,38.51233316939867
16520,40.0279109204338
16521,36.676688281035965
16522,29.922376889566664
16523,32.41153283837457
16524,39.81678382575156
16525,15.783987922279692
16526,23.206235901405087
16527,17.07722718555693
16528,2.9126157278194356
16529,-8.193712914934132
16530,0.16906763699926586
16531,5.219488952157427
16532,2.7008682061998783
16533,3.8633055292640606
16534,24.714799569944688
16535,36.412900841275615
16536,35.09879691715338
16537,24.528115224770914
16538,27.448856247421944
16539,30.053928137866492
16540,28.579748020965795
16541,26.13936432778919
16542,24.012931808812603
16543,16.733781119142925
16544,21.59572068059834
16545,9.11661693070375
16546,17.42980194501032
16547,11.30489965999876
16548,25.595301835571227
16549,38.807080046408615
16550,13.11656705608305
16551,20.67921261303791
16552,21.28688264252377
16553,34.68745784973713
16554,22.136305352752274
16555,12.976686687260141
16556,-4.438771147766786
16557,3.5551561774606597
16558,13.821713066462422
16559,21.99079498943067
16560,18.47480775759439
16561,13.657158785596692
16562,12.113189647550819
16563,21.02220489880652
16564,30.51303755610398
16565,13.67851468978693
16566,3.756967728112791
16567,-0.23189121379515854
16568,9.597554433796695
16569,18.159729979092795
16570,12.331771877628924
16571,22.47620209415946
16572,22.992277355818302
16573,11.268731140535138
16574,22.19412341187921
16575,11.447186742341636
16576,-5.86424983037552
16577,-14.419513224194368
16578,7.562266836126767
16579,19.650366820050564
16580,30.609397853709694
16581,36.50348413524971
16582,42.60802994458801
16583,30.153032443641322
16584,31.367912474718608
16585,30.714663769367135
16586,19.901657467992777
16587,1.9756688949269972
16588,1.6894010361182552
16589,4.821807705782447
16590,17.06970378320895
16591,16.429026326306285
16592,10.569680204608666
16593,0.5865580531991057
16594,-0.5901035972779667
16595,-0.09113560000412946
16596,14.13032420777494
16597,17.356396647366715
16598,1.0304372434130897
16599,-6.191167300538737
16600,3.7979125090063945
16601,24.484545706797505
16602,27.97946496618482
16603,29.153320419052335
16604,27.771002831261967
16605,30.269862613556086
16606,39.64532614989669
16607,31.305544341766208
16608,44.95597560850153
16609,53.107157753812984
16610,65.9133420055714
16611,63.40453263370543
16612,49.74718089799441
16613,37.00255718223917
16614,44.45829424739709
16615,58.22627799350694
16616,44.61191668464217
16617,36.860672635838554
16618,40.08473735008151
16619,45.8087675641646
16620,46.29851704641267
16621,35.798011904466634
16622,28.251234060877195
16623,18.662969898721684
16624,28.442550897364526
16625,32.63245746390342
16626,41.32572783260336
16627,31.468868443939087
16628,19.40537321392749
16629,13.397373061694267
16630,25.8869077391927
16631,24.86567274328626
16632,4.198369330115803
16633,-21.458754888952974
16634,-31.195676235828685
16635,-15.71598400779068
16636,-26.132999304621947
16637,-13.16417484960904
16638,-36.95548723841753
16639,-51.90035552069358
16640,-45.45784524588399
16641,-1.1185897747045317
16642,0.9025690119192262
16643,-26.588277754437357
16644,-30.12770456420715
16645,-3.23043578914924
16646,-23.332220812542047
16647,-19.953106279565574
16648,-8.087453796849658
16649,12.661454659797485
16650,1.6484784390514804
16651,-17.00913922315879
16652,-19.32043194379127
16653,2.1890769345808465
16654,-0.7085487738525629
16655,-0.7525506180787218
16656,-14.58713664727788
16657,-7.003014830534092
16658,3.4230467502695276
16659,15.348197849089395
16660,5.713388561472989
16661,15.64495826668469
16662,1.8009851379729582
16663,-7.2341366481696525
16664,-8.173619390644404
16665,-10.098661298960423
16666,41.659357386249624
16667,52.060626974264736
16668,30.27599341600832
16669,-1.0471971310676054
16670,8.099147782894207
16671,26.859222324235887
16672,33.49386902635895
16673,36.98246725833921
16674,54.97409818471171
16675,66.01937632917394
16676,73.51219503450704
16677,61.47763976521195
16678,65.19015207430866
16679,69.25840062481404
16680,68.22948875874712
16681,59.28207898476322
16682,46.69857153137856
16683,37.349476607701874
16684,35.93408252491871
16685,36.993547887010536
16686,49.0201539235581
16687,38.74053252664278
16688,21.73664567923344
16689,18.99118553660852
16690,36.294404030851396
16691,33.782506619092956
16692,38.164064712543976
16693,41.286734270470575
16694,39.49040352060631
16695,35.41709393771792
16696,35.865210468749765
16697,42.05433875406358
16698,48.574551837808386
16699,46.65819667647587
16700,42.191481744304596
16701,37.29579342499538
16702,38.96337716592022
16703,41.46771715071861
16704,41.66364731444847
16705,43.448929751727405
16706,48.09503653777928
16707,47.12321326140368
16708,54.37589759170818
16709,52.79443045425454
16710,50.721347325950106
16711,52.944584041648994
16712,58.75298679570952
16713,65.62712364677338
16714,57.92707148657698
16715,50.45814999721809
16716,49.889719107768585
16717,50.20657791041383
16718,57.6654459179578
16719,40.88246761846868
16720,42.318648247590104
16721,46.70816790641463
16722,28.907355649797836
16723,23.906675851526714
16724,10.768276886132838
16725,-0.7953957086700427
16726,-5.773285910235888
16727,-24.582473042841873
16728,-30.664663677328846
16729,-32.895065165408894
16730,-25.224927480761746
16731,-29.81742903775782
16732,-36.291220321880814
16733,-35.665908903246276
16734,-25.58937225777335
16735,-21.086522996126018
16736,-14.151940919080783
16737,-12.894808683947797
16738,-7.8713976199925035
16739,2.4490282115271214
16740,-2.331005585814438
16741,-4.320399478182054
16742,-34.84767056216879
16743,-32.28055856044011
16744,-14.362479166980389
16745,-33.11452520214749
16746,-30.20703743665888
16747,-28.529823774993872
16748,-27.226058398637974
16749,-19.04724034486043
16750,-10.839486829156915
16751,-4.7151776513278065
16752,-3.051678467404159
16753,3.178515636868255
16754,-7.573532326899453
16755,-3.108899101669863
16756,-5.592780876556333
16757,-10.830196170851934
16758,-15.400598172532892
16759,-6.135518130972326
16760,5.6211664906829455
16761,16.32060333068548
16762,11.965636244442173
16763,22.1106192353215
16764,28.22234504090163
16765,34.579675783578736
16766,31.874872318448183
16767,36.21252804436813
16768,36.43616294309595
16769,31.549381059740767
16770,59.04526843521657
16771,59.987336373184746
16772,62.618132367212866
16773,66.88460681833087
16774,66.2001933981651
16775,56.5230045965247
16776,53.55204681989038
16777,47.28226630149727
16778,42.698696366394
16779,35.68683053627119
16780,33.51732823166675
16781,26.932785535831798
16782,36.056956861497426
16783,34.81007927666728
16784,26.22207486899292
16785,22.76166259062127
16786,38.80991646165958
16787,40.437561014417184
16788,41.66211813872812
16789,45.38753423179523
16790,45.30264262651485
16791,46.93375033573352
16792,43.504059850292435
16793,40.38166952613642
16794,49.887574041658965
16795,51.85087092568459
16796,52.321853652015236
16797,51.710071093771276
16798,35.019609200377914
16799,36.12413554984562
16800,35.7326354880708
16801,39.076882176094074
16802,41.181930072256435
16803,38.20584016490001
16804,37.71858961485442
16805,38.43547930995983
16806,40.13602086714188
16807,42.092124417320164
16808,40.474185338045274
16809,39.06526767549805
16810,33.63987647608488
16811,33.058476233710735
16812,27.022773463415007
16813,19.651102052137503
16814,32.692776973069456
16815,21.208384844647483
16816,7.993193672347715
16817,-13.551058039492986
16818,-12.849907037854138
16819,-16.144197246799138
16820,-25.637527529204732
16821,-32.9199489993712
16822,-32.47782080804958
16823,-40.647220618211996
16824,-49.66324530612709
16825,-61.53649572238996
16826,-56.308961390561905
16827,-60.42871802967872
16828,-59.468856020103686
16829,-69.8130124996135
16830,-56.11069884171529
16831,-61.75287770216828
16832,-54.81837657141391
16833,-60.053922605971295
16834,-37.093326839783145
16835,-39.27302846666666
16836,-32.666752703362675
16837,-28.230160352412753
16838,-48.051010885153346
16839,-43.38099598059773
16840,-34.505050239059756
16841,-27.286709837070248
16842,-49.117522305573694
16843,-39.91243358079618
16844,-42.43976306143413
16845,-31.583274329398314
16846,-40.31523202416846
16847,-40.685911903614134
16848,-34.493586591496886
16849,-35.22286549098791
16850,-38.6768384926109
16851,-21.629760553903
16852,-28.35508720956131
16853,-33.05792164029174
16854,-35.381168981609605
16855,-17.887702256200825
16856,-25.871190214571
16857,-12.940538042685077
16858,-11.729070791064839
16859,-5.80049754917486
16860,7.821389558487446
16861,5.084271445000688
16862,7.777311941475375
16863,12.00442000134791
16864,17.8716781996593
16865,30.554356677871965
16866,32.3136121891241
16867,36.298831817972584
16868,35.01420803175738
16869,40.83444067913818
16870,38.92128105889638
16871,30.068793266205958
16872,26.139708361215682
16873,27.92816362902984
16874,17.64663696728693
16875,4.4669339342209256
16876,-1.4671321027799067
16877,-4.785394586520475
16878,7.163360178475365
16879,1.3763850667266198
16880,-3.5834877455604186
16881,-6.568398705253021
16882,7.323974364493836
16883,8.261147619653087
16884,12.654941534085168
16885,20.396867539854952
16886,19.735171295849334
16887,16.334690850073308
16888,24.219350202176592
16889,45.45378911237741
16890,35.63431770021509
16891,40.91622964469465
16892,42.60073454955821
16893,42.681305618682785
16894,40.11209122371427
16895,43.12909909026426
16896,42.57793661951696
16897,44.13202595919087
16898,47.08287001021637
16899,43.84542521329527
16900,46.46624054758422
16901,48.99667012656877
16902,52.15618856487281
16903,49.86455624048632
16904,45.333369513535914
16905,41.53391658643652
16906,34.94279195371983
16907,30.271844865049857
16908,27.496130938052218
16909,25.353124701579773
16910,40.30038453113775
16911,24.096669356825316
16912,9.746912368103864
16913,-8.711775904136772
16914,-4.2764993613984785
16915,-6.532933155954154
16916,-7.583340547802024
16917,-22.031730774939106
16918,-22.038330779995825
16919,-36.883305631928074
16920,-53.52184212844856
16921,-66.33914675198658
16922,-66.24769019074996
16923,-76.69867293208661
16924,-80.36461786995876
16925,-88.3741070295002
16926,-80.94733200234933
16927,-88.92807379392227
16928,-86.05740171112748
16929,-88.5860689907224
16930,-77.69871535413189
16931,-69.43733813338805
16932,-64.53064977846783
16933,-66.40031570620592
16934,-80.4905949152345
16935,-89.28823013064157
16936,-75.36594508888952
16937,-63.658298964081595
16938,-72.48045812856701
16939,-80.6853272195713
16940,-74.69618251424355
16941,-65.5710327354247
16942,-60.8732881726868
16943,-62.534768609298865
16944,-60.65725940027899
16945,-53.791860494705766
16946,-55.086964735637125
16947,-39.6776487952752
16948,-33.2242718903513
16949,-37.575820492626676
16950,-39.145691602334836
16951,-42.08034113403917
16952,-42.20693885542428
16953,-40.950249736453685
16954,-36.50416664715021
16955,-15.226626463306896
16956,-18.899930615858406
16957,-11.27361210279025
16958,-3.157670193341673
16959,6.31019048368502
16960,15.953203112948259
16961,25.462060622753896
16962,29.203097585253673
16963,31.78506201286423
16964,36.86704494150648
16965,43.75929885705564
16966,46.18060957024639
16967,38.6445573362831
16968,32.10917288567393
16969,28.538287234504224
16970,11.257491943015673
16971,-7.428702348567846
16972,-20.505275123022024
16973,-25.457151569987282
16974,-2.5829001609430193
16975,-3.2196564725073884
16976,-6.108557866697801
16977,-1.3695466825762495
16978,21.165754219152987
16979,22.038348766169477
16980,23.23582910302231
16981,30.468079860574917
16982,29.854012517560264
16983,28.561148056688822
16984,35.8560319535443
16985,59.135443213295574
16986,53.537523184926854
16987,50.936057974329984
16988,54.40940051558589
16989,54.81917503381929
16990,69.27041389998324
16991,68.94980502119303
16992,68.1679095019244
16993,64.76525453916771
16994,61.435482391574695
16995,63.62108820468249
16996,60.857370140316974
16997,64.97074306447091
16998,58.897653976023875
16999,55.607813412243146
17000,52.07319315279368
17001,47.565740112389264
17002,41.771826486097936
17003,32.22889926158629
17004,16.719492584865634
17005,27.77979754005449
17006,45.10706990113981
17007,33.33011431690723
17008,27.105648203074978
17009,19.555133592633418
17010,27.14718445316528
17011,31.224647584146922
17012,27.956516390499743
17013,15.684108150685255
17014,10.492310645899124
17015,-9.791595919966596
17016,-24.95475815884072
17017,-41.7757090454611
17018,-42.07440544598422
17019,-53.87963294861715
17020,-59.75662410326822
17021,-65.82265610224357
17022,-65.83110695522687
17023,-66.46787897712154
17024,-60.852903510576326
17025,-60.64873501659913
17026,-49.959310745426144
17027,-41.31263721570708
17028,-45.887700809187045
17029,-39.90373806232953
17030,-43.36314923119276
17031,-45.951758055938264
17032,-38.775883249282664
17033,-28.08099120119372
17034,-34.36790574899855
17035,-40.04384882917968
17036,-37.9042334325827
17037,-29.734556552253295
17038,-28.239455095625033
17039,-13.391440550117181
17040,-8.85409746484612
17041,-6.670339249303197
17042,-4.265850788578554
17043,-3.58775151685726
17044,4.633246235617797
17045,8.929236745880551
17046,4.294520651439925
17047,7.579934665581149
17048,5.821454788458979
17049,10.984923980675703
17050,4.656286076096379
17051,12.774710908515388
17052,16.284039989244164
17053,14.426169135734781
17054,3.863127699479115
17055,4.508745683272217
17056,23.13845203216166
17057,42.84835559402357
17058,52.30127612448008
17059,41.39852932978597
17060,41.247716741466505
17061,44.222083868035
17062,48.652174403030116
17063,42.83712875468332
17064,39.52436694144937
17065,44.27914881859847
17066,30.765052873786374
17067,14.32477863994768
17068,6.460135283850377
17069,1.4423148907670225
17070,18.76432320393156
17071,14.316348371622901
17072,16.57304314956901
17073,20.838810884759432
17074,39.802198435224156
17075,42.468705404756875
17076,42.026869099471085
17077,42.970285409193096
17078,38.231863072904346
17079,41.506532857051766
17080,42.788972263651104
17081,48.89429762350095
17082,59.84701962697949
17083,55.92629801417621
17084,56.006621021418425
17085,57.902426528864765
17086,57.24022296526282
17087,55.32074810286896
17088,57.457644768981865
17089,55.630018887651616
17090,57.031124794596636
17091,54.08388756128896
17092,55.39294530237403
17093,53.1379797063329
17094,52.61921558046279
17095,52.39541036921952
17096,50.78191549408214
17097,45.21505949340815
17098,48.1124604784177
17099,45.58212106139378
17100,40.38289789748531
17101,28.666745517386218
17102,41.921458560264526
17103,35.06890608331686
17104,25.79288744487308
17105,7.759859112110284
17106,10.779098454371258
17107,10.140885545610537
17108,10.431756135318643
17109,6.127791258711518
17110,6.6609412836800885
17111,-9.116982278378956
17112,-20.805020576108134
17113,-30.322292867890283
17114,-18.781807023311806
17115,-22.289554265732214
17116,-19.509675248951645
17117,-31.553178017795197
17118,-33.63964422688637
17119,-42.878706378623725
17120,-44.45003681101739
17121,-44.42151819296428
17122,-30.87508385252314
17123,-27.97703624066005
17124,-22.309821056921315
17125,-16.921931755113597
17126,-38.37968682222344
17127,-40.306762565469676
17128,-36.02991353074736
17129,-35.64710042480953
17130,-45.257836437556705
17131,-32.50906925524657
17132,-32.91488992805688
17133,-33.379397101940526
17134,-25.498086007635848
17135,-25.866235345032592
17136,-23.937729408406497
17137,-16.377251485938487
17138,-21.736094734890624
17139,-17.536597195172472
17140,-15.564019070449998
17141,-4.616690843374954
17142,16.62824459369292
17143,28.522445619047758
17144,21.955051465194707
17145,16.91634548214116
17146,25.306295316191893
17147,24.3118497255183
17148,31.32723872372287
17149,14.593957103436367
17150,23.274928957833886
17151,42.559819227173776
17152,68.31640856034154
17153,85.74874908783563
17154,87.28354702763944
17155,77.96286677908945
17156,59.68940379457706
17157,40.24373878385228
17158,33.45683549109414
17159,37.12112067209215
17160,47.782235184998584
17161,48.745183911792495
17162,40.824495387119995
17163,39.82063223866557
17164,37.3191566860737
17165,36.103566962247086
17166,30.935403094191983
17167,14.342707205312493
17168,7.935019374724327
17169,5.7136021448593155
17170,17.907679052816725
17171,14.941578964669425
17172,26.40929949433204
17173,29.68127228237536
17174,25.448314507110013
17175,25.142635874971745
17176,29.46924833163223
17177,22.979409630922618
17178,17.93275812484039
17179,20.923159084677863
17180,26.894357258052068
17181,31.173465822296848
17182,31.36119058761888
17183,26.448851161104606
17184,21.399518051906817
17185,26.948228672801562
17186,35.416673888157405
17187,34.64619637974964
17188,35.87016562353948
17189,24.865402675207527
17190,28.19374947412645
17191,28.276408789048517
17192,39.530310499264274
17193,32.21095308883865
17194,25.009776320880803
17195,35.480348629947244
17196,34.2974846947766
17197,10.332147660438608
17198,26.328835883394284
17199,31.35590028502405
17200,7.706872242215844
17201,-11.402276440151603
17202,-8.00231548155589
17203,-11.221043584803148
17204,-18.990639254690457
17205,-24.120886326658002
17206,-14.0514099146977
17207,-32.45679269805285
17208,-41.33322567078025
17209,-46.38548184279071
17210,-36.397768865872685
17211,-45.32390033473698
17212,-50.671684933670214
17213,-71.13564236520111
17214,-71.38750712095968
17215,-68.48585144087632
17216,-65.70407558481052
17217,-77.26004652160326
17218,-58.56880411985125
17219,-41.12946465757208
17220,-35.40161392144828
17221,-32.956236146278435
17222,-65.63378380618894
17223,-39.35494876341807
17224,-44.265761788176356
17225,-33.05667915383402
17226,-52.03100087975055
17227,-59.55229078506052
17228,-34.99237639818513
17229,-10.819881946357057
17230,-22.588476056563906
17231,-23.982707712581288
17232,6.212880625564054
17233,2.1250271740418896
17234,-5.827411337968282
17235,-19.890630320179763
17236,-17.53086365981427
17237,-30.596253052195955
17238,-4.547857140624657
17239,-6.061616121624116
17240,-17.437777656561757
17241,-60.793588695153616
17242,-8.86299937024991
17243,4.460617177682067
17244,13.042842254974502
17245,-5.334404022281447
17246,27.984762706482954
17247,67.67829335825512
17248,82.36388751751554
17249,89.7184964299409
17250,88.40924979220904
17251,78.9086260000762
17252,75.87365866903895
17253,92.80626378371407
17254,94.53941831574402
17255,77.25406473052307
17256,69.07841132870182
17257,62.058579332117645
17258,52.21968290059115
17259,42.840995544740935
17260,36.02140738510229
17261,40.248416339708456
17262,46.42578497377973
17263,39.05768440122661
17264,31.392036676351893
17265,26.88342118780804
17266,46.21848121559928
17267,45.12717552015893
17268,46.65876463325593
17269,47.66508055190518
17270,42.25222008302758
17271,37.145093355811966
17272,36.54629573077243
17273,36.37999063764748
17274,37.17340496592854
17275,36.835208669203666
17276,40.880300943020615
17277,43.550634632194885
17278,53.13184509125183
17279,51.45241217414265
17280,50.41384367733134
17281,52.305992053181015
17282,50.10978245397044
17283,49.280144347976915
17284,47.93713032032602
17285,51.51384963189736
17286,52.71713310389866
17287,48.34489105807587
17288,45.83169420530301
17289,38.87694366176349
17290,33.5924193912188
17291,32.42853582021233
17292,26.839524786316204
17293,21.84792523495237
17294,28.975968408756444
17295,19.727062430497284
17296,11.153548391760467
17297,-0.8980670043060144
17298,-1.3932856127521802
17299,-8.246579737168375
17300,-14.906818320446334
17301,-29.811345699250992
17302,-26.588401868720503
17303,-32.62424982539205
17304,-42.28838382812507
17305,-57.39863657672662
17306,-48.93238206462054
17307,-57.01709520460908
17308,-58.576359181245564
17309,-53.92270129206487
17310,-37.847414669136214
17311,-57.61404250164614
17312,-52.73732422753059
17313,-52.96971590344506
17314,-40.2376670708086
17315,-39.57046585886606
17316,-33.612964965844256
17317,-40.49004551357923
17318,-51.92204059893321
17319,-52.81366511326188
17320,-49.42146913277814
17321,-46.278919609574174
17322,-50.14146520265512
17323,-56.95611301794928
17324,-47.19852082636776
17325,-44.753906440075745
17326,-38.50305904142807
17327,-33.54610289293863
17328,-24.356612803320452
17329,-29.6069400874103
17330,-22.763569264955706
17331,-17.921705734515847
17332,-9.171946592753606
17333,-6.967325103217483
17334,-5.066316691718185
17335,-5.755999674258163
17336,-2.0600987743801227
17337,7.356848583347102
17338,0.1656965015449714
17339,6.962895189435017
17340,5.668891499281187
17341,15.256680518864869
17342,12.314538174372345
17343,18.18582455964976
17344,13.21361195231951
17345,20.590583742122718
17346,20.019412834586838
17347,17.023070543139347
17348,8.472801922012827
17349,9.75130672109291
17350,5.705154006058848
17351,-14.730155025583002
17352,-15.155724036546303
17353,-9.351808774867493
17354,-5.076888493332952
17355,-12.772583514336937
17356,-20.194224644836403
17357,-21.72444961892318
17358,-3.0035954321814486
17359,3.0962576103651642
17360,-1.6242627259269753
17361,-18.036610110188455
17362,0.3374668633660889
17363,-1.3568344645021853
17364,7.075406865779627
17365,19.894944185342595
17366,28.50823014006302
17367,42.809333164603416
17368,58.268317978531755
17369,64.57995075004656
17370,49.42177026768131
17371,29.75830945881053
17372,15.61820899095433
17373,12.074973009428248
17374,29.44728476294725
17375,49.152272156612455
17376,71.0410073413349
17377,97.67636393302625
17378,108.82627001399355
17379,67.76318887561207
17380,45.67957013946683
17381,62.79619565492341
17382,76.14755675773742
17383,76.92162573723934
17384,48.178491539219436
17385,33.4153356524819
17386,51.95997746944289
17387,95.77753465240157
17388,86.05416081045985
17389,68.97255574144725
17390,76.51167180998077
17391,76.41864472292
17392,73.1178335882045
17393,71.15497063157046
17394,61.01704536604231
17395,54.19909260022607
17396,42.24699293423629
17397,29.273177913033493
17398,38.49767562366978
17399,25.87635848439379
17400,12.839799255120809
17401,-6.0401548153328015
17402,1.4478879115200698
17403,6.729754897132011
17404,4.507713974453736
17405,14.754138507399915
17406,24.707163082317166
17407,25.42780753657196
17408,24.501448043598273
17409,17.615793645568672
17410,23.336147195869586
17411,18.22613084089798
17412,26.823700432639242
17413,24.693748324134248
17414,20.27383146635384
17415,19.84590786085164
17416,7.473813511361016
17417,14.337783402854882
17418,14.029147479228811
17419,10.533126147791961
17420,19.936005974884324
17421,22.054324878002774
17422,32.72036915304294
17423,29.017772186176487
17424,18.685801139399345
17425,20.034771009693415
17426,19.855255404798754
17427,38.44024503864915
17428,33.63669513360776
17429,30.45352426923006
17430,16.28477425690462
17431,21.262939246506185
17432,28.191549671253554
17433,24.23911327653709
17434,26.944808873522234
17435,51.96694338706442
17436,53.43908739790726
17437,48.92026567341901
17438,30.795466203284604
17439,32.52150214614784
17440,41.44713366281783
17441,49.838880767849815
17442,52.40301151491198
17443,56.89056218692281
17444,58.86094743965742
17445,65.29557677744094
17446,62.30957251108482
17447,57.1063792227808
17448,54.62842190003319
17449,61.08826158185455
17450,74.04708829427106
17451,71.72121615680355
17452,67.58423781826404
17453,66.23825294594023
17454,77.92939147925846
17455,63.50596408162902
17456,43.87003705072071
17457,40.94367637806441
17458,64.60795723150588
17459,59.59019758080501
17460,53.63535334595875
17461,54.48738699062815
17462,50.74422615024079
17463,52.47142124094049
17464,43.31730217891604
17465,35.222806462973494
17466,54.297767541126674
17467,55.32975624660109
17468,55.71191860557151
17469,49.240358561532915
17470,7.248022741618136
17471,9.663361727128198
17472,18.425755310890246
17473,19.937795758512742
17474,16.832361462338646
17475,9.158109451603288
17476,10.351540749386892
17477,12.364858281830017
17478,13.266138217084759
17479,11.08577493261457
17480,1.851338786273331
17481,-8.650049224545242
17482,-8.649796717729007
17483,-6.941779795782399
17484,-3.345630787527085
17485,-0.7096009016923404
17486,10.993978880562317
17487,-7.353305231017764
17488,-4.928580134879773
17489,-17.368656922550166
17490,-27.232709687525194
17491,-29.001674008256494
17492,-36.44584108308624
17493,-38.99881411546699
17494,-17.060224661659845
17495,-18.90362583632779
17496,-26.245809573902818
17497,-39.22441474201625
17498,-27.70418520394515
17499,-23.622485407920983
17500,-28.70282577056225
17501,-30.651712216239567
17502,-28.64531306605877
17503,-28.274572987146676
17504,-27.74581425646098
17505,-36.91687203701186
17506,-28.307011246920133
17507,-29.51764416984168
17508,-23.02745925381226
17509,-35.29951867478719
17510,-53.98853807967496
17511,-52.105949977994534
17512,-41.09284222388718
17513,-49.34516839405271
17514,-52.45100580875946
17515,-43.75171461941521
17516,-24.691854991388297
17517,-45.118555202171805
17518,-59.93631493269277
17519,-54.767142424808526
17520,-51.0457925399225
17521,-32.71966521325339
17522,-46.777374101709185
17523,-37.66930202789932
17524,-29.313484339207246
17525,-12.976142412136294
17526,-29.208696434043098
17527,-38.285459756269766
17528,-28.86986694873942
17529,-40.18905168695098
17530,-36.69371465220995
17531,-18.691339929184654
17532,1.751745724324465
17533,7.164688356060779
17534,0.545752718812615
17535,-0.6785207244828726
17536,6.377526364455427
17537,29.380913513734
17538,52.7313849735266
17539,44.77731355518792
17540,32.71898966003887
17541,31.24355159334401
17542,31.341186155865202
17543,29.57076611226732
17544,23.690570742313845
17545,32.567140082416685
17546,29.567911711747797
17547,18.478520410450756
17548,4.431606660739192
17549,2.5055789378957343
17550,6.879123473299167
17551,-0.8975778400948684
17552,-14.840820940473062
17553,-22.28140297811228
17554,-10.634488538102097
17555,-5.671623423989821
17556,0.4963733026756856
17557,6.83545165550651
17558,-0.5626219830110841
17559,-4.190178983344637
17560,-5.612020239182229
17561,-2.171837121055816
17562,0.6378494581547614
17563,7.1166022281020105
17564,8.015174065621231
17565,11.362722510598637
17566,10.579340200713212
17567,6.994438839096951
17568,6.233208247687095
17569,3.6852738804251786
17570,10.441628030841478
17571,11.943988802745189
17572,15.185649091146125
17573,15.058907865298373
17574,13.553962952734622
17575,10.031031545926623
17576,6.088400019422181
17577,4.522430954445582
17578,-1.253394668621489
17579,-4.649942303567393
17580,-11.556909733091167
17581,-6.172179933126294
17582,7.798971189453816
17583,0.6790918600560687
17584,-14.556801308651053
17585,-28.02467899304765
17586,-14.176016323444394
17587,-17.425105232787722
17588,-31.07332441090886
17589,-38.967268890064126
17590,-25.11207653826868
17591,-27.564601457190165
17592,-39.76862820571468
17593,-46.32567730034553
17594,-40.665671374291996
17595,-58.18386023401688
17596,-49.22161040021398
17597,-50.856194130693375
17598,-37.31269048572353
17599,-24.982887707148514
17600,-26.66306090447103
17601,-18.495957639893
17602,2.48560771749397
17603,10.656729645378853
17604,12.765617350091198
17605,-7.803648154589773
17606,-12.654453447026263
17607,-15.808386727822061
17608,-12.41942107710073
17609,-25.96430996189971
17610,-32.058011085704464
17611,-26.381304017231486
17612,-24.514500228887783
17613,-15.834735846219445
17614,-31.261105420286512
17615,-27.8357121931097
17616,-9.77773260420814
17617,-6.584039142309209
17618,-13.66666302888919
17619,-10.485094907174442
17620,-0.1410554721030266
17621,6.479568784822824
17622,-2.357626488453384
17623,-8.287266458541076
17624,-10.778392631107302
17625,-4.397433927646894
17626,-6.543252360091884
17627,-2.5181268911893824
17628,0.48019492444922207
17629,21.287643975342093
17630,14.075428157740653
17631,19.012740775169256
17632,2.020670847854923
17633,0.858008319503007
17634,5.017311557425074
17635,9.449585441878497
17636,9.009843997192178
17637,15.026890324603613
17638,13.739701542508264
17639,14.730597640554684
17640,12.353818846967549
17641,14.198321353760825
17642,-1.634311053809867
17643,-3.1098331126872694
17644,7.129912026216928
17645,15.69505876999061
17646,22.764394344876955
17647,8.362797783135782
17648,-0.8167440329405125
17649,-13.033264983962496
17650,0.24372215235931805
17651,2.0790585977221454
17652,6.967073312920043
17653,5.888587697418508
17654,-0.732162535658972
17655,5.769923354077292
17656,9.375559778618907
17657,14.839044167807288
17658,7.5133473382249605
17659,11.211065329221313
17660,9.410244752188063
17661,11.253091765856837
17662,16.998959546468555
17663,15.444502919436715
17664,27.4108981525478
17665,30.477444837447152
17666,30.1612142646469
17667,23.905930094304864
17668,21.756383781698048
17669,24.62531244929633
17670,23.602497146877518
17671,19.648898148749602
17672,28.025453048740914
17673,28.609880126327667
17674,18.521622890430294
17675,1.7279010623793098
17676,1.9631889189531293
17677,9.451213422612646
17678,30.449262413693333
17679,35.24559076675871
17680,19.45292993449428
17681,-1.2054613563114742
17682,3.992288024519965
17683,3.495547431129367
17684,-11.173434506588976
17685,-24.093174777249928
17686,-13.030753888998454
17687,-17.39412876052851
17688,-29.020490497372727
17689,-31.728993327213807
17690,-23.417705801916426
17691,-29.828392734340284
17692,-32.16386872859685
17693,-39.009409410402995
17694,-36.7864632006698
17695,-29.583456850338052
17696,-23.528923754821562
17697,-19.133945038598824
17698,-7.089739613620154
17699,-8.212271221054138
17700,-13.760142534499877
17701,-9.852307628662558
17702,-26.044227805418032
17703,-14.034043390541811
17704,-11.914087404360558
17705,-6.723707631759353
17706,-10.12909173996163
17707,-6.851511293569125
17708,9.912700516025986
17709,22.667499854502275
17710,20.13716158415766
17711,8.164918924690049
17712,17.15382882606209
17713,16.557217912378086
17714,17.68728770887678
17715,25.475456048208102
17716,31.364524474956383
17717,34.099709527303034
17718,13.515909535691776
17719,23.027592809211455
17720,15.079283405689466
17721,13.81913763390827
17722,-3.7199454592664196
17723,4.9875994953029945
17724,14.844660093991514
17725,20.06671919778723
17726,-0.24651443510113324
17727,4.61656595351478
17728,12.247236335895494
17729,13.559427743849469
17730,12.6891997479784
17731,19.611638049773042
17732,28.622607044079544
17733,21.598302107163597
17734,19.03786793655013
17735,15.6647216233402
17736,14.102288989465706
17737,20.775106087664142
17738,11.87031442450705
17739,2.228417227054898
17740,-3.607380257311185
17741,-3.076315571878389
17742,-2.8109400678942222
17743,-13.3847622523503
17744,-29.54759472787032
17745,-38.23800298095975
17746,-27.737736391584534
17747,-28.268762079627223
17748,-25.21918498602362
17749,-18.05756962499227
17750,-16.82532381739835
17751,-24.528381598542147
17752,-30.975040316226533
17753,-24.77812595950399
17754,-10.949664512955202
17755,-14.516769886868822
17756,-15.666737489713135
17757,-14.51049493789909
17758,-11.788310954541402
17759,-10.224015656999597
17760,-11.55149020246634
17761,-8.873555126500662
17762,-2.276138877782259
17763,-0.3191602143280221
17764,5.369815341707167
17765,2.61988214483371
17766,-9.014443808938644
17767,-10.527469967140156
17768,-6.1871571864069566
17769,-4.547377732739285
17770,-19.27803654130963
17771,-25.056200768678902
17772,-29.664113167136573
17773,-18.326372180913292
17774,-21.802655402033324
17775,-29.20843085314904
17776,-35.03222393933136
17777,-22.848819476098484
17778,-16.463843732759216
17779,-13.774041733967692
17780,-18.770658598704017
17781,-24.147530684569176
17782,-15.678204175599255
17783,-18.17373947236097
17784,-27.76987246796852
17785,-44.9341110630487
17786,-27.417147156654607
17787,-20.692452155978515
17788,-11.633052865264858
17789,-25.27464547886518
17790,-31.806073296324385
17791,-55.458362243519005
17792,-68.07783041188573
17793,-47.947850282523476
17794,-21.185950678384017
17795,-10.531392039390653
17796,-9.207152866471745
17797,-12.314914160306273
17798,-35.114487078644544
17799,-41.68510365632946
17800,-20.66927799692408
17801,-5.75278148700076
17802,-13.188816453986227
17803,-35.069782367042116
17804,-10.466226463953241
17805,-16.88038089565695
17806,-6.191832382249281
17807,-27.80961313615881
17808,-17.461304626183384
17809,-26.132613053750383
17810,-18.08208828894843
17811,-20.258228578065175
17812,-35.6109245516524
17813,-26.24759277450457
17814,-16.904686283974925
17815,-26.916976103453536
17816,-48.47644002694388
17817,-32.884477136093565
17818,-17.98566341737351
17819,-46.443587854104045
17820,-40.91821642194285
17821,-27.65484556426035
17822,35.24369637559627
17823,12.625862392743471
17824,17.935326352758665
17825,10.41506698411294
17826,41.91585436011074
17827,45.43657910938667
17828,45.74697951605019
17829,43.57910192713716
17830,43.22440892840579
17831,66.33915497767207
17832,86.06394639987
17833,84.03152689037215
17834,56.53509615639008
17835,12.97384768979277
17836,0.09598643838854315
17837,6.481105995318565
17838,28.95488394530757
17839,16.9313425600903
17840,-8.404182398638842
17841,-30.817541694650277
17842,-26.720334636839965
17843,-16.507651469488223
17844,-5.185458855642253
17845,7.968972311024714
17846,0.9345952733601948
17847,-8.739169344763077
17848,-24.778048988583045
17849,-32.074605881602984
17850,-19.961118794451686
17851,-11.307415075405025
17852,15.181466914192278
17853,31.85616992096176
17854,27.186755177418817
17855,20.765129544589612
17856,21.675237164348133
17857,18.06676679521952
17858,10.636303274099077
17859,6.110488848754727
17860,6.036676368011882
17861,16.328198062472666
17862,22.89788102330653
17863,19.07422299636614
17864,1.6953020701897756
17865,-3.119013057508191
17866,-5.413597332179972
17867,-11.413222800926302
17868,-7.640170946147787
17869,4.9909420699452625
17870,12.029754330218765
17871,-1.6371163560249897
17872,-6.039656964965104
17873,6.352282025082843
17874,10.270577845503382
17875,7.009880661432774
17876,-7.048697958653818
17877,-22.36828520817737
17878,-29.169993400965986
17879,-49.49931789570346
17880,-66.95092373958943
17881,-100.8323804483378
17882,-114.55466358097665
17883,-124.34000762793126
17884,-118.39877069538365
17885,-119.60882028489955
17886,-113.96344085333381
17887,-100.623916486956
17888,-103.56903984697455
17889,-84.3849640498544
17890,-50.05746644306153
17891,-44.67278283302126
17892,-43.72486317861019
17893,-33.31255811579071
17894,-63.44680370127928
17895,-100.05041957175919
17896,-82.20259111145644
17897,-42.17068674535288
17898,-27.862160556855876
17899,-23.01011688589295
17900,-36.09311606772541
17901,-22.0619815038442
17902,-46.8784263093711
17903,-72.74968560929545
17904,-76.71176163603263
17905,-53.959130609589245
17906,-43.99393175609394
17907,-36.045814329116396
17908,-26.53648515330541
17909,-25.092503656305713
17910,-21.54139892644289
17911,-10.537305769197786
17912,-6.12385821991856
17913,-13.483440779231412
17914,12.917285836471372
17915,28.987708648285107
17916,41.740337477813526
17917,32.13581965587788
17918,34.09771106215972
17919,32.30399974821303
17920,43.01194991491833
17921,37.351583962999726
17922,47.91234798899798
17923,26.1716925720555
17924,27.667129690431622
17925,60.61389254395108
17926,59.28511663921141
17927,57.71625301993912
17928,56.09074825910038
17929,45.80392807094451
17930,30.714305682230403
17931,11.005212727873804
17932,8.244705045563641
17933,8.416489330012318
17934,15.030020392633986
17935,1.0077372680150347
17936,-14.069446173551572
17937,-24.977638410978475
17938,-14.15744544423113
17939,-20.808519665783436
17940,-12.411550500084687
17941,-8.072940323418592
17942,-11.640630429693026
17943,-17.048879616398345
17944,-17.623642481010442
17945,-14.33411113568092
17946,0.6293173106404524
17947,-0.7637827551390686
17948,-4.902239917420083
17949,-12.283030526438871
17950,7.441219760787369
17951,9.066957051599822
17952,9.690770165524448
17953,1.4933651692327672
17954,1.7387582807654027
17955,-3.024092466633668
17956,8.959688450526862
17957,6.228497912150679
17958,-10.008043717295351
17959,-15.706511428783685
17960,-8.403269668407205
17961,-3.5740075379435297
17962,-21.53187566351648
17963,-30.22995550607269
17964,-28.897928330104428
17965,-7.176185464856722
17966,-2.159046538748022
17967,-15.043008888765378
17968,-31.790791850892568
17969,-11.75506032414453
17970,-33.23967054372715
17971,-41.20878652263922
17972,-50.69613246131208
17973,-35.964943175193234
17974,-23.06239216969827
17975,-37.348024678009594
17976,-55.342609428517946
17977,-61.40580082099616
17978,-22.381372014090395
17979,-20.948212780239423
17980,-55.193898436702845
17981,-101.15256883126477
17982,-123.54234392119737
17983,-141.41633977148132
17984,-142.88972314706285
17985,-104.4692345127856
17986,-65.06225618424861
17987,-63.742376043720746
17988,-57.21826551807214
17989,-45.48195205417107
17990,-71.73862165387501
17991,-71.03557341702603
17992,-70.61107881249367
17993,-54.96266314196949
17994,-37.980022079486304
17995,-31.932193790252057
17996,-27.553179018992893
17997,-44.66276283143921
17998,3.911384946237277
17999,22.620044974838393
18000,60.08000177061224
18001,26.610648070809262
18002,-32.93640642743648
18003,-96.20196458829307
18004,-106.50667766524323
18005,-83.22047031463993
18006,-68.08870462619353
18007,-61.23686906618918
18008,-56.57066626079183
18009,-52.29382690706951
18010,-46.41886539973862
18011,-57.067547662102896
18012,-52.847217254880576
18013,-44.77475886093666
18014,-36.750836867760846
18015,-56.46488601769837
18016,-50.766806035426576
18017,-18.500198435345474
18018,55.9920058820541
18019,48.759310489292645
18020,31.573205075837365
18021,31.846257771346842
18022,32.47578706952088
18023,8.26532738604751
18024,-0.9637902453981226
18025,25.966397596973415
18026,18.043565454793352
18027,-6.700672693017125
18028,-20.393788025872382
18029,3.4182986220082654
18030,53.35095605819775
18031,48.924738049249655
18032,18.748195317691675
18033,-9.68729244851427
18034,26.690674848826156
18035,38.0734242825129
18036,38.77672921011823
18037,35.09757220493479
18038,40.0492086236806
18039,24.965119571303887
18040,24.951323000695425
18041,23.309584415317858
18042,25.040209861967227
18043,31.890331519274625
18044,39.142626880535246
18045,43.068579502017926
18046,32.937379994754124
18047,40.30370918000794
18048,36.84674394954199
18049,42.029141443833836
18050,45.29107887308429
18051,49.46093353658112
18052,45.391791414526
18053,42.1898285511523
18054,53.85712596848579
18055,48.46823119365423
18056,41.47512185758204
18057,31.122761126200217
18058,28.40172282172712
18059,21.66813560653477
18060,29.240576202296737
18061,46.705488293624924
18062,31.552879861833546
18063,-7.692062581131385
18064,-6.42070416613247
18065,19.22654965518337
18066,19.396986376111265
18067,5.555771667680517
18068,-11.760319476604142
18069,-18.40214881271348
18070,-14.365650753319496
18071,-43.11577529992701
18072,-45.84488777463392
18073,-43.49173899094134
18074,-30.623083982355244
18075,-40.29444220704849
18076,-42.48576845021529
18077,-48.28753603840798
18078,-46.33827650738236
18079,-54.14669654881003
18080,-34.494629114189266
18081,-27.869554964128685
18082,-25.174273768433526
18083,-38.394379374061714
18084,-43.89592525114654
18085,-32.74509633299908
18086,-52.27684246551948
18087,-57.99494621775691
18088,-45.102917394818775
18089,-23.340732801983254
18090,-28.8576884675259
18091,-38.87322525319222
18092,-40.513071469868564
18093,-20.89972298786385
18094,6.976207483283133
18095,-2.0003600804924417
18096,-30.433592433182806
18097,-38.43034337222559
18098,-27.04736502034175
18099,-15.12606805029268
18100,-13.259875133053335
18101,-10.962610445614793
18102,-8.65406472485536
18103,-8.38795941833446
18104,-20.294877629841906
18105,-52.34699133631871
18106,-39.35485282543122
18107,-8.963970651330712
18108,9.956128684687222
18109,3.2114654732001924
18110,-17.6055741206404
18111,-14.751584404971855
18112,2.1391470661971255
18113,31.054788572303735
18114,37.80578689842061
18115,34.57355558902766
18116,36.288035884863305
18117,37.4678201499883
18118,37.26295305451531
18119,30.960079858963027
18120,27.29848350663302
18121,9.455137538582996
18122,-0.4821247683298111
18123,38.930302556292915
18124,3.37133620348024
18125,9.379374091878056
18126,13.829591059921377
18127,9.60135366326967
18128,-1.8706818457523227
18129,-7.205197776914183
18130,9.697407538947992
18131,14.697617489459525
18132,15.028346945008387
18133,13.348648299046907
18134,11.211517956048162
18135,9.794343926959549
18136,4.369918500075428
18137,2.9207030237138127
18138,13.060349863096526
18139,8.45340338474788
18140,14.552724048380277
18141,18.88180887197303
18142,4.296835828392368
18143,-2.1316852765488434
18144,1.7450663408039233
18145,1.971277832713973
18146,-1.2640154508471468
18147,-6.0817649749457345
18148,1.2039678508762464
18149,4.75070922807317
18150,3.98935355386719
18151,-3.1047522249314596
18152,-3.5252987440919554
18153,-10.500867627194836
18154,-17.70589361238814
18155,-16.531969308420376
18156,-12.496008964031464
18157,-2.7812220020777545
18158,7.22078033204631
18159,-15.00518308193815
18160,-34.19588110962436
18161,-45.969012289643324
18162,-39.01139159259663
18163,-27.489278240832114
18164,-30.17777020192768
18165,-36.58441670308924
18166,-30.001148672062413
18167,-33.57869519614593
18168,-55.94351962220259
18169,-80.12600582338126
18170,-91.84271359561899
18171,-90.80577627282236
18172,-104.382563628744
18173,-95.27584411621251
18174,-88.62966721206416
18175,-97.89006219576888
18176,-91.45190712408166
18177,-87.51517988206857
18178,-85.54313498195103
18179,-81.78581675310517
18180,-72.73390874340242
18181,-60.138692103915055
18182,-81.8054095090562
18183,-79.47351612315052
18184,-73.09839000763824
18185,-72.2924717935912
18186,-73.65485697605207
18187,-70.10095955638074
18188,-65.52048221640148
18189,-66.62274702886445
18190,-46.84826615208408
18191,-49.04369615062075
18192,-44.835345563762644
18193,-45.909560240894166
18194,-48.49987442443357
18195,-42.49947737480339
18196,-40.15934924634381
18197,-37.21010060037274
18198,-36.299523521701325
18199,-20.492078901786975
18200,-18.71846140802281
18201,-22.464878386462622
18202,-18.95382564798449
18203,-5.404301697859225
18204,0.8060569883330828
18205,-11.90951496151051
18206,-14.19942926609614
18207,-5.521052069908002
18208,1.4701695803132324
18209,4.70817995609621
18210,13.517094379657621
18211,10.73736707135852
18212,6.348076824561801
18213,13.975949128020787
18214,4.891733535990632
18215,3.827338321103106
18216,1.409059268205489
18217,3.492909760045201
18218,-1.6746070128663462
18219,-11.941942963861806
18220,-13.946344656381541
18221,-16.499025294215414
18222,-15.669490462927282
18223,-19.602892154248078
18224,-30.703690040837696
18225,-34.31074111448606
18226,-20.678030129999094
18227,-17.034958999834295
18228,-13.932830555360233
18229,-12.365647649034123
18230,-14.940831061283959
18231,-17.641838839533122
18232,-17.54865335929695
18233,-10.188550433277086
18234,-5.876066134599885
18235,-8.403281141074618
18236,-5.830476003351382
18237,-0.9624595822688207
18238,-4.423982692351039
18239,-2.35711118413942
18240,0.13660384693933025
18241,0.6858300302771809
18242,0.8369799150054789
18243,1.616183611457494
18244,5.683920339393033
18245,3.618835652378344
18246,0.895079122591568
18247,3.26420226670416
18248,-2.9821681498141004
18249,-0.7341077188733891
18250,-4.238015422369607
18251,-7.640881662136728
18252,-16.538126000823546
18253,-14.050515511751563
18254,0.32608994714745876
18255,0.9705189754809211
18256,-11.073063727581122
18257,-29.99496923737994
18258,-24.897672012518477
18259,-30.031580304346896
18260,-35.54207773812043
18261,-36.477056951530294
18262,-24.538374585926917
18263,-42.720922732410415
18264,-66.05000173201539
18265,-72.23361923578686
18266,-68.7692801949425
18267,-84.68999027736612
18268,-85.21085364170375
18269,-96.32002182812124
18270,-99.11401695509215
18271,-101.39023109101255
18272,-107.0573300222053
18273,-100.59304944385667
18274,-97.81844640191952
18275,-94.53820485471022
18276,-102.36630956500134
18277,-105.44854815746565
18278,-122.55976019410976
18279,-116.84568549644952
18280,-109.80456624876804
18281,-110.01568783598346
18282,-116.13380833590175
18283,-111.75324100983603
18284,-110.33642347371598
18285,-102.17987487017696
18286,-83.26427918951536
18287,-72.98741035921175
18288,-77.68257872040702
18289,-89.77472312175888
18290,-81.61127209037792
18291,-65.37934717359516
18292,-60.12586513724901
18293,-61.640324598593594
18294,-56.38854261184503
18295,-55.005521730656206
18296,-58.61739678720313
18297,-50.47316568988857
18298,-45.335414620582554
18299,-33.038669737760785
18300,-23.743459601477614
18301,-25.138664668243823
18302,-36.893016474001705
18303,-18.925724915928377
18304,-23.884066034337557
18305,-15.739568866717057
18306,-8.79515939249876
18307,-1.2907712700005902
18308,-10.692548031409189
18309,-7.156728833871284
18310,-10.829380271704629
18311,-32.60468152263122
18312,-50.83934216141913
18313,-54.26598087937467
18314,-72.94673174710404
18315,-83.9497329509713
18316,-81.43003505899442
18317,-72.82478815783615
18318,-52.56052022196245
18319,-47.49638773679315
18320,-31.265311205440398
18321,-35.29341312087509
18322,-15.701903280999652
18323,-18.702663675244985
18324,-4.1779909418086945
18325,3.6428116142114177
18326,11.908233059056897
18327,8.908473545583973
18328,16.655456689229936
18329,32.77563198313216
18330,19.1884175569882
18331,11.510735500602621
18332,16.518115199735902
18333,24.742627168166095
18334,45.82626214918024
18335,39.52702827269947
18336,43.83581341179071
18337,46.94636764582178
18338,64.3667055441213
18339,62.84925300883829
18340,46.704297810091234
18341,34.66571045429541
18342,50.815315560442954
18343,54.87146531804878
18344,62.06007027151473
18345,41.928970706118704
18346,26.188545321183156
18347,6.430224143794867
18348,-4.85684975766123
18349,-13.509664032017334
18350,8.95957954237025
18351,30.62633602192929
18352,14.508307351105515
18353,8.205069236385754
18354,0.9047566960773992
18355,-4.424318304505206
18356,0.8262989087308341
18357,4.9352999043959045
18358,6.924758383856407
18359,-6.310624725350046
18360,-11.878228927008742
18361,-24.917435011664374
18362,-16.26772807395757
18363,-17.077102483599433
18364,-9.555951263309893
18365,-15.455165776762485
18366,-16.1617772442832
18367,-23.038517502535512
18368,-31.917602381725203
18369,-26.311668097956158
18370,-19.788015510406282
18371,-8.356438010061865
18372,4.0909278790600325
18373,-1.0257585608548965
18374,-32.76141564332717
18375,-36.116337631811476
18376,-35.89952036865505
18377,-33.5020088888606
18378,-44.06096055691338
18379,-51.9496747122624
18380,-40.508476238328136
18381,-36.89553542840539
18382,-27.310632123457857
18383,-18.860968496827617
18384,-6.702602653200337
18385,-18.61051464259541
18386,-20.64959488179848
18387,-35.19024034071079
18388,-26.716015498701566
18389,-23.895108320396687
18390,-7.024002409836836
18391,-0.6226410538692448
18392,3.539659210737966
18393,9.109695005318429
18394,-8.358290718590318
18395,8.506320000863845
18396,15.31984237926762
18397,16.43770739204971
18398,5.43053729504031
18399,10.128002337829642
18400,24.793889707656504
18401,18.202429110103296
18402,11.358686960660897
18403,8.029782624652377
18404,15.496819511136529
18405,20.401315215253852
18406,18.00152043371932
18407,9.033522760436142
18408,15.18123680026224
18409,23.78671915571377
18410,21.25094935319077
18411,4.418368188207943
18412,-2.3609005006333987
18413,4.667519287625588
18414,13.60606905552578
18415,9.27260623442075
18416,3.9307823948120983
18417,2.556492926344248
18418,11.788931368357893
18419,10.588710139835243
18420,10.788597910189466
18421,11.467738634154486
18422,4.235097391436263
18423,3.9206417698845044
18424,6.109659222935825
18425,11.791955820930418
18426,11.414998043231428
18427,9.20792205381374
18428,13.77004345568465
18429,19.217212187515877
18430,17.037120898616053
18431,19.41148715758922
18432,15.830445325895226
18433,14.53665248018504
18434,12.436883147041087
18435,13.91216484842046
18436,15.028584007730942
18437,12.730686789831495
18438,11.07444255935436
18439,9.221834840111363
18440,5.793540229113482
18441,2.7662152129988087
18442,6.724901565309096
18443,9.149504009042857
18444,-0.480812447235337
18445,-6.7790192430472835
18446,4.486615452095421
18447,8.612880747334103
18448,-8.93292397109046
18449,-25.032541211322254
18450,-14.165367188263502
18451,-8.81886156295431
18452,-11.938032645474493
18453,-23.209226114996596
18454,-18.46904591151354
18455,-28.576459787267105
18456,-33.698449099742156
18457,-35.36156138899778
18458,-35.190175363629635
18459,-46.61219037551655
18460,-62.33888118685712
18461,-62.94356785401794
18462,-62.577260364665236
18463,-66.08327007296835
18464,-65.96187339352004
18465,-68.61754832988443
18466,-64.24572409712994
18467,-58.52158763045912
18468,-50.61428313460647
18469,-59.2303207095855
18470,-67.82669884115708
18471,-64.86018489274105
18472,-63.09684644247275
18473,-51.330548503322206
18474,-66.67784599604315
18475,-59.458419512198795
18476,-54.86272106856317
18477,-56.29284299097058
18478,-51.78405771854971
18479,-47.90627174120856
18480,-38.599731782258736
18481,-42.044440722695064
18482,-51.28521235045932
18483,-38.19284412666573
18484,-34.63305564279588
18485,-28.88035127466853
18486,-28.55918979485098
18487,-26.971982387316316
18488,-22.794330269511775
18489,-27.74334526944746
18490,-23.881309902490138
18491,-4.292517857240945
18492,5.380356007463568
18493,0.7414833251080708
18494,1.480215974723336
18495,5.687096555986244
18496,11.099572487887684
18497,17.121556791957204
18498,19.797405070293046
18499,20.38065341459923
18500,20.129788808657445
18501,20.157048146766947
18502,13.875299638415143
18503,12.463372777070944
18504,11.720136384105516
18505,14.327851475565254
18506,7.125167466344671
18507,0.819545354239871
18508,-1.7594691674463192
18509,1.611567936581089
18510,4.6397431284816975
18511,-0.3141995675880338
18512,-5.658029499853729
18513,-6.511875832591603
18514,3.779397261631061
18515,5.145593627577313
18516,7.603860184778256
18517,9.50305667476519
18518,4.607678189765032
18519,1.8059773829020216
18520,1.0286178852062946
18521,-3.7710179064412515
18522,9.277620063398622
18523,2.759904180343945
18524,5.2391957911198475
18525,5.937257319755339
18526,4.498655978267564
18527,1.7438140646625726
18528,2.846293169859493
18529,0.9194936174645676
18530,3.320850332491659
18531,0.8490495719997853
18532,1.7607462335531352
18533,-0.8808131927955003
18534,0.3422119985974703
18535,-3.368122472803144
18536,-4.756306212565299
18537,-3.094121938692062
18538,-1.9858973403556064
18539,-5.428830535400504
18540,-13.463717837108629
18541,-18.161416289542398
18542,-7.979771372347727
18543,-14.080080891966901
18544,-21.832855628772563
18545,-38.49391233178224
18546,-28.110776788952776
18547,-19.717397574387817
18548,-21.870358893289804
18549,-26.596018599283568
18550,-16.878237837396718
18551,-32.39962136796374
18552,-21.019677603417428
18553,-32.725118283025644
18554,-26.747082534917197
18555,-30.197341827864037
18556,-25.663234974802393
18557,-27.186998350310276
18558,-27.752034231143313
18559,-38.54156538944514
18560,-43.142682876475504
18561,-38.70714157354436
18562,-28.072932501191204
18563,-28.713067223140527
18564,-28.046147646659577
18565,-25.597106241097734
18566,-45.78214148982151
18567,-46.45326834242785
18568,-38.12279435963289
18569,-27.518950642676074
18570,-34.65409336022508
18571,-34.20143023545517
18572,-29.87889374946314
18573,-26.53907614270957
18574,-6.085252820830597
18575,-15.217843567456733
18576,-40.79013129767453
18577,-46.936645809811985
18578,-50.23030315732886
18579,-50.539703495055946
18580,-61.454189802547475
18581,-48.613870721296664
18582,-34.811626359035046
18583,-28.404436623981862
18584,-27.810324667503007
18585,-22.78399229480331
18586,-15.543763286466223
18587,-16.158642369372664
18588,-14.273357034743178
18589,-12.82909157160389
18590,-26.497014858495263
18591,-17.91674075096425
18592,-12.711148444152272
18593,-22.35784870673153
18594,-1.3197260864054599
18595,-8.874485391496187
18596,-2.4930732555162294
18597,17.395249340751242
18598,0.07861543118187342
18599,5.792634651890069
18600,18.40773575314543
18601,39.573981154423024
18602,34.77275975965124
18603,19.395275027177938
18604,7.862486604379221
18605,0.9176783966847708
18606,11.111629011401789
18607,5.289047693876057
18608,-3.2676376845575987
18609,-11.971987297696561
18610,14.278775785667179
18611,17.050417823639762
18612,8.10784640994531
18613,4.330826985721885
18614,16.694288596408946
18615,24.056096300388226
18616,29.159057577820377
18617,15.695441048198013
18618,34.731373900127366
18619,25.349658697788378
18620,31.007381944521583
18621,26.217272576164042
18622,36.89140454455905
18623,34.337094676263504
18624,29.005882309947125
18625,23.439290431548905
18626,19.75836090164548
18627,10.861360783411918
18628,11.5608193730504
18629,12.828951072472186
18630,14.686260578346605
18631,14.080498798224312
18632,16.419919147098256
18633,9.56932922259793
18634,5.340864798898657
18635,5.794568391317746
18636,15.275668198769132
18637,18.738780925828998
18638,6.43349087335951
18639,3.15409667468753
18640,-3.913936843295069
18641,-9.882323864364487
18642,-16.99002796001397
18643,-29.29767230142584
18644,-33.36298349273488
18645,-44.878038584095144
18646,-40.156937937428566
18647,-41.31372987147752
18648,-40.56077825364055
18649,-56.22580055565108
18650,-55.210797976382786
18651,-52.99570649083034
18652,-52.34132545590955
18653,-51.55835275236375
18654,-49.865173047133574
18655,-58.8881643371816
18656,-38.915020320961055
18657,-25.54681362693959
18658,-14.450498214168299
18659,-20.99825646713878
18660,-26.08848061193833
18661,-20.7316033985852
18662,-32.403624796591906
18663,-30.398973401486465
18664,-19.5626602122285
18665,-30.216692130083764
18666,-28.322651358223396
18667,-50.28584942560886
18668,-33.67403663047591
18669,-54.36858174605376
18670,-46.97614466153833
18671,-42.84488144369122
18672,-23.78049929064092
18673,-35.011694863409545
18674,-45.72450271851031
18675,-30.21900496400727
18676,-21.31298763224609
18677,-28.05646523241208
18678,-26.113656710219693
18679,-26.209024172153086
18680,-27.69163760034332
18681,-24.22794556212512
18682,-8.37393557732074
18683,10.448933664555938
18684,12.504761529874969
18685,22.26172279777009
18686,6.9730110790884865
18687,15.076361856053957
18688,8.039965120166563
18689,22.174063008335118
18690,34.20900781139386
18691,35.66664850164503
18692,30.19140996451486
18693,29.094108179579337
18694,34.65461702900187
18695,24.590589203666802
18696,25.405650568265195
18697,44.34930107658876
18698,40.76664337742808
18699,-23.614004558043476
18700,11.630357654769753
18701,17.95164822072094
18702,19.61543272180247
18703,1.0589998160821352
18704,-19.748342094175527
18705,-24.325035070697865
18706,0.8459041909369276
18707,6.541009583627336
18708,12.140708198639693
18709,10.72090136309496
18710,5.292352187828612
18711,-0.7497648126713727
18712,-3.590197283859652
18713,-3.6986036008313192
18714,-4.669776145396838
18715,-4.5434819909731345
18716,4.5327528901158445
18717,9.746479086496052
18718,21.46485579156333
18719,23.177081261715664
18720,23.056818060606098
18721,28.11162808780078
18722,32.38423528684264
18723,34.260191907275086
18724,33.94044194445782
18725,35.23073343621387
18726,27.82150331123576
18727,26.156421141105533
18728,21.130443648343764
18729,14.398927101535058
18730,5.806487061444955
18731,0.8483358794097029
18732,-0.9696379194955114
18733,6.354482182845416
18734,9.955182524724513
18735,-8.882958081182952
18736,-4.714583416650484
18737,-12.596268963146176
18738,-19.414354131639445
18739,-30.630757128820694
18740,-33.587962877888884
18741,-37.30005606948416
18742,-38.57515203090139
18743,-61.30054890592893
18744,-76.8279546079209
18745,-86.55009453857906
18746,-81.20319721685178
18747,-91.50580676415524
18748,-98.3472431604664
18749,-101.62586770439047
18750,-93.21427397890119
18751,-63.3594438197239
18752,-63.961992252701656
18753,-59.03774249218028
18754,-57.466345276414195
18755,-57.5529374835067
18756,-58.74012217307416
18757,-53.184834949448714
18758,-75.52237127254838
18759,-81.35335227787746
18760,-75.73020395207126
18761,-67.69492751481047
18762,-43.50918633172272
18763,-29.03254222648722
18764,-24.158405850457296
18765,-59.1054060832893
18766,-47.91736359677475
18767,-49.12665506589542
18768,-38.21012366646744
18769,-49.127846411671385
18770,-95.89651239587377
18771,-110.35166787669725
18772,-112.65919962741923
18773,-53.17887923579255
18774,-42.073397500538604
18775,-35.18275082143363
18776,-12.471359832976603
18777,6.824366001229222
18778,9.43512717523199
18779,7.541950333670073
18780,14.693178771718202
18781,18.320533792549178
18782,-14.518482935233667
18783,-15.357712044872276
18784,-3.2886277996003628
18785,19.20244472294629
18786,32.46393801031395
18787,38.48201353232817
18788,25.876516573545636
18789,35.82639589171778
18790,48.131216361320625
18791,55.83303162223599
18792,49.507166448746815
18793,43.06038627617592
18794,28.56978420726402
18795,11.759554377938805
18796,0.36829294857412265
18797,-3.5268517752687387
18798,-1.2087050018564511
18799,-0.606074732492111
18800,-4.144137751977404
18801,-4.02323130366775
18802,4.402474962786101
18803,0.6051157201230808
18804,-0.8354759795417124
18805,2.0924402272958957
18806,8.699033867877596
18807,15.872719147134653
18808,11.674795666673695
18809,2.210337522388855
18810,5.670895366183288
18811,4.579719599178134
18812,5.6124560542452855
18813,16.50033859501128
18814,10.596189085886628
18815,12.019519533407212
18816,7.303534102810907
18817,9.219425472161866
18818,6.338520046857106
18819,11.464118680607164
18820,14.260749683935252
18821,14.337700981754274
18822,10.599989962636116
18823,9.086270046801374
18824,1.4872730531310623
18825,-0.4363264071915154
18826,3.3993693289318117
18827,5.109897827450901
18828,-1.2674416521167302
18829,-3.4803521308075176
18830,3.5654665275683968
18831,-4.837017039421845
18832,-17.275078173277215
18833,-37.4403294865869
18834,-35.09375343501245
18835,-36.42865619413113
18836,-43.9601964566829
18837,-49.484742555819544
18838,-37.512490297487375
18839,-55.232327219332944
18840,-65.96095685487666
18841,-86.01671276292763
18842,-87.74845197017873
18843,-95.03262880755682
18844,-102.12011365351078
18845,-105.42190952911467
18846,-97.68929840426208
18847,-96.60430807042101
18848,-98.8814509570519
18849,-94.36506163077493
18850,-83.31702993102721
18851,-88.84492917513973
18852,-83.84338712862001
18853,-80.22061075645581
18854,-100.54057201382804
18855,-103.7381187089694
18856,-86.25534010566358
18857,-76.37471092995847
18858,-79.98686047278419
18859,-78.52367381336357
18860,-76.78738593366897
18861,-68.54779363613208
18862,-60.37535424435737
18863,-59.03533754027262
18864,-62.20752891508454
18865,-55.13822416027483
18866,-58.093412994951834
18867,-49.40212224967688
18868,-42.14636684697102
18869,-40.31423383928437
18870,-42.88675391547613
18871,-30.00730933490805
18872,-23.567482392829355
18873,-27.949985120003667
18874,-26.05298995264484
18875,-15.863466785680192
18876,-13.633991113301523
18877,-5.760358758508502
18878,-6.822521163493413
18879,0.36217438526468726
18880,1.3278648522776493
18881,7.576343778041995
18882,11.455792311710425
18883,9.930934513480977
18884,2.092542439420427
18885,5.31541850154106
18886,-9.186083993446111
18887,-15.148301070021283
18888,-23.69452022371157
18889,-17.000561001098696
18890,-27.612255981054602
18891,-51.079860264984575
18892,-61.864533664944304
18893,-44.72485070748792
18894,-26.69988231879179
18895,-43.459938994787336
18896,-62.833615297636264
18897,-71.09844602034204
18898,-55.23501851543123
18899,-68.00731649661881
18900,-74.23190059521912
18901,-57.48027431976502
18902,-33.51457772986829
18903,-20.784018680707263
18904,-26.21180852514705
18905,-19.237399759860736
18906,-4.731910818970789
18907,11.20182501228873
18908,19.872210541494745
18909,16.84660682778445
18910,11.304114436756642
18911,9.050571497961734
18912,14.979536923741854
18913,15.210658920861427
18914,10.913453948492155
18915,5.98400057257026
18916,11.171599196141209
18917,18.055939858791497
18918,27.740036960600918
18919,34.65298425688637
18920,28.36757470861457
18921,11.051917045730107
18922,3.824912342079081
18923,0.9488744690239983
18924,-2.4988034230043397
18925,-2.45922608895102
18926,4.4115216846613166
18927,9.328534359201107
18928,2.4350562321069944
18929,-8.000512384896474
18930,-1.543727743026345
18931,3.4022012087159865
18932,-7.122340285089841
18933,-20.74501314009168
18934,-12.17919560922688
18935,-32.62412231976553
18936,-46.32330610694534
18937,-56.02442868325822
18938,-40.00628831179568
18939,-50.65638506883936
18940,-46.416742197887054
18941,-45.38053630212118
18942,-43.27845795778695
18943,-43.427749580753876
18944,-56.069035766149234
18945,-57.46481630334171
18946,-56.20930909001191
18947,-55.40571984510017
18948,-53.1392034157817
18949,-57.24218893860898
18950,-70.06672386461193
18951,-71.65996524730284
18952,-67.36636215118452
18953,-65.1948802726483
18954,-82.76869718426539
18955,-71.47271471214535
18956,-66.00763883684496
18957,-58.49140549496937
18958,-64.55278279313858
18959,-65.57388894615796
18960,-74.37386291950774
18961,-81.67470813676384
18962,-55.27473436795148
18963,-43.78650710126445
18964,-47.82240228898999
18965,-42.775111265466904
18966,-32.088847022354635
18967,-19.08864285387228
18968,-45.717368832981215
18969,-50.01712106997349
18970,-37.693765862045524
18971,-12.951279828995354
18972,-15.349363393916605
18973,-27.15296848509772
18974,-20.670008171871835
18975,10.948586361061338
18976,12.928525664483239
18977,29.888492309460204
18978,44.16347039796345
18979,35.91516261345855
18980,21.051466464844793
18981,25.160857901905615
18982,40.626902524965246
18983,28.04632035431287
18984,22.648067286222435
18985,20.578432781447354
18986,-1.3508777305720088
18987,-22.239375259608394
18988,-19.097971434307837
18989,-12.39345371148697
18990,-14.490693008068021
18991,-29.475194409588042
18992,-33.106831753356786
18993,-32.44639872601907
18994,-16.61495523681716
18995,-11.069487732277018
18996,-1.1521332326604679
18997,2.0188275700157092
18998,-2.2459372307769456
18999,-16.200962920310502
19000,-17.453443500825784
19001,-9.783630725806034
19002,-6.090352395971522
19003,-0.23633526162923602
19004,-2.052569528044174
19005,-3.6224152239432925
19006,3.214795387841903
19007,0.43105922023057985
19008,6.046397651785966
19009,5.697615111249732
19010,13.122791930268562
19011,14.220958361487476
19012,12.849092756093711
19013,15.960206992527276
19014,24.441083098931422
19015,20.03016565312678
19016,21.57192645272503
19017,13.204216369591201
19018,3.425630431206365
19019,6.897903119097911
19020,16.779131866564356
19021,24.394236481225292
19022,22.42710110243351
19023,25.40156257547426
19024,4.414848922332681
19025,-0.11501090090851562
19026,11.523630487716488
19027,5.946310312341055
19028,-6.567152843676936
19029,-26.776665181538604
19030,-23.267373178314052
19031,-32.39168556427504
19032,-34.83378767926701
19033,-49.40895576792074
19034,-54.06772326843604
19035,-67.22226157536629
19036,-61.1475958073609
19037,-53.5752355973771
19038,-45.6354811581254
19039,-51.10590750078444
19040,-38.220000471834055
19041,-31.849643690629193
19042,-12.444313909608965
19043,-10.716834682185649
19044,-7.429791808994864
19045,-6.050990769880897
19046,-22.300563586095464
19047,-30.89526307234395
19048,-23.309480570742792
19049,-4.054551826554203
19050,-14.767917578534956
19051,-17.03904417811011
19052,-24.984646507215892
19053,-29.267332150917888
19054,-26.134439804295972
19055,-17.82441461792431
19056,-24.637354079255353
19057,-22.338754921630517
19058,-22.192447371570452
19059,-17.933322198398187
19060,-20.064768948598456
19061,-29.79891284945593
19062,-28.17159803756419
19063,-5.810187710071428
19064,-4.892572435138732
19065,-1.6171769215628728
19066,-2.0519597738863453
19067,6.8936451950226925
19068,9.813271683143263
19069,9.715991109436722
19070,-1.6061952622134328
19071,3.066744284446756
19072,4.765270380980937
19073,13.764189041769484
19074,28.69849787296873
19075,38.803971187680375
19076,45.7013863433268
19077,47.55353831433847
19078,41.379490282995945
19079,43.38621976539686
19080,51.30499301785501
19081,48.70110386376119
19082,31.47962045265264
19083,13.850765958687496
19084,14.276033979517386
19085,11.475263342368855
19086,16.655738551442624
19087,15.28132231400346
19088,12.988455186427103
19089,9.54904362650771
19090,22.39243015775328
19091,21.915463807066757
19092,16.32139610634185
19093,14.058120785691145
19094,7.6017970937791475
19095,8.554479672901472
19096,7.163125497104723
19097,11.352935673642754
19098,18.930842508405213
19099,15.275418156259853
19100,15.598381440075933
19101,15.189446301354245
19102,12.8893751260037
19103,12.042310015456877
19104,13.067494664025816
19105,14.912835285671747
19106,16.94448456501972
19107,16.968625151139165
19108,21.360951210691766
19109,20.376997248334945
19110,18.60653189492347
19111,17.107260933421053
19112,15.432381426520742
19113,8.426785301053336
19114,8.354529646144442
19115,11.472752429199346
19116,9.05430233606316
19117,-2.892520537352226
19118,7.023752161170577
19119,6.679310371215095
19120,-6.262605517857267
19121,-27.41236383860688
19122,-29.624738081133955
19123,-36.19519788471055
19124,-41.74664748462715
19125,-54.064997449681925
19126,-49.631054616899284
19127,-55.43967950792375
19128,-58.28564085367287
19129,-67.82475886287239
19130,-63.97036463000319
19131,-71.72193761295097
19132,-72.79329053309152
19133,-77.68678232604879
19134,-75.12789142118903
19135,-82.3720529276135
19136,-77.1740453759282
19137,-78.95728591803278
19138,-71.66488829190064
19139,-71.70891647685801
19140,-73.99861309614238
19141,-63.85835422321912
19142,-75.79173402574199
19143,-75.48978017977853
19144,-72.33959539484297
19145,-83.57819187155727
19146,-71.20324152920412
19147,-80.70029372433154
19148,-67.62154878212286
19149,-71.74217791620825
19150,-70.37447948018115
19151,-65.72892439655595
19152,-59.31595136191458
19153,-52.40040436372117
19154,-62.52437163510362
19155,-49.365823500343566
19156,-45.88125619985587
19157,-33.780857397855954
19158,-50.53032364284577
19159,-39.388290076302
19160,-31.188766570116073
19161,-34.69440663468636
19162,-33.821994718549696
19163,-16.945568617012817
19164,-14.227911686589643
19165,-12.148712536926531
19166,-12.493102818607184
19167,-11.660986938639525
19168,-3.240896221691088
19169,4.929902982627567
19170,10.106434400601493
19171,10.408675876515098
19172,13.450751005778464
19173,15.632228039571878
19174,11.029733316486372
19175,11.468600562442148
19176,8.689916076493702
19177,5.844534379457727
19178,-2.6192994024462948
19179,-8.530956228551581
19180,-7.048419049615596
19181,-6.217606509272734
19182,-9.70202067834244
19183,-14.555943831880274
19184,-14.765251520672752
19185,-13.837049319463592
19186,-4.274196354702298
19187,-4.229820810212431
19188,-0.41140425159684924
19189,1.4152971123525333
19190,-4.495995369846504
19191,-6.544317309432223
19192,-3.652506618233481
19193,-0.6666294305652869
19194,5.481829575178615
19195,6.630704778359139
19196,10.4329869191264
19197,10.172235307756388
19198,11.929700008074875
19199,14.003781758029803
19200,13.17799063537852
19201,11.842919642396609
19202,11.991680250630452
19203,10.120418826102053
19204,11.946977081749338
19205,12.94594190928882
19206,15.479053406295101
19207,12.719530253543702
19208,11.064485440267568
19209,8.634509941272547
19210,9.38405214392769
19211,11.314975578159405
19212,5.230194131081916
19213,-3.9805661531376444
19214,5.645854129661643
19215,6.230704564999684
19216,-11.115966393537434
19217,-35.11744587478867
19218,-35.74344149409525
19219,-37.32082830556455
19220,-46.69588631975249
19221,-57.22900870222584
19222,-44.31362441697815
19223,-48.19533042499399
19224,-55.381107273338735
19225,-70.74244063071944
19226,-65.3162532703491
19227,-72.14139612226474
19228,-75.44324185920193
19229,-82.11083618454963
19230,-81.78504399543405
19231,-88.85819448401466
19232,-86.18132278986579
19233,-91.8720627497693
19234,-88.1872665477452
19235,-81.25568076207925
19236,-75.4411996671853
19237,-73.37027455071497
19238,-83.96993401737164
19239,-84.99737191996881
19240,-85.99802983961176
19241,-76.66988484700185
19242,-71.7782021554591
19243,-71.43593762324161
19244,-72.02751382719288
19245,-71.41257184020901
19246,-58.88744153169984
19247,-50.491935412937046
19248,-56.13363053390004
19249,-54.08467159053135
19250,-56.8189384466359
19251,-49.104285877380434
19252,-50.50972957539459
19253,-46.02309555303013
19254,-40.48019106528696
19255,-38.440234121210636
19256,-37.787473476547035
19257,-31.939661004176255
19258,-33.928239107981305
19259,-27.869244887707445
19260,-12.9825897787968
19261,-12.369536256631356
19262,-23.421777416309325
19263,-17.044604380536484
19264,-8.427375852438999
19265,-12.235706950407646
19266,9.206386853964212
19267,-1.2772973316412148
19268,-3.8728614790042215
19269,-0.5685076214904186
19270,-3.951033921919617
19271,-1.233386318016926
19272,-1.73291382986406
19273,-6.546880629248591
19274,-14.334003716883565
19275,-27.685676658791557
19276,-25.839904188342935
19277,-25.807521190126188
19278,-23.301808828110044
19279,-28.551665024182117
19280,-31.411097623714003
19281,-29.407448675758733
19282,-13.468966086753667
19283,-10.741986575767996
19284,-5.135086491102427
19285,1.417092617575193
19286,0.8393855102912156
19287,0.29419431806736185
19288,-3.621685978928518
19289,-5.901589468281763
19290,5.94819561184277
19291,5.925111077830046
19292,5.933034568283794
19293,6.480597392695067
19294,20.28785747540247
19295,18.831028513537582
19296,19.936016055084202
19297,21.020546616597024
19298,23.467228479091737
19299,18.587234099681545
19300,21.571740932362836
19301,22.295696780130775
19302,21.099902600220418
19303,22.383997698468733
19304,17.191406677333703
19305,10.785734283602324
19306,9.671617572622814
19307,8.783452841881491
19308,0.7371892101441873
19309,-0.07470011307153612
19310,14.308561412742158
19311,10.600770798388673
19312,-3.5780581353358585
19313,-15.838582287076683
19314,-17.9409204198788
19315,-19.980016608015355
19316,-26.233563715086255
19317,-32.20569821117689
19318,-22.305587219635456
19319,-28.952008289872012
19320,-38.73681210325837
19321,-56.91761523920182
19322,-61.57378912766077
19323,-74.66888746996091
19324,-84.60133672169218
19325,-95.43662667755808
19326,-92.50433285889517
19327,-99.80655206834768
19328,-98.74542508326869
19329,-92.31326805859118
19330,-87.25034263237814
19331,-93.96635759454853
19332,-89.87404804473346
19333,-86.15822869851013
19334,-97.6013952871061
19335,-85.20278424475461
19336,-80.20644890889295
19337,-69.07665409236486
19338,-73.34247092425969
19339,-81.38854522480213
19340,-70.02036376435271
19341,-71.86978561679203
19342,-70.18519476622372
19343,-76.43497903323667
19344,-70.29089855488517
19345,-61.447180948730804
19346,-49.18266450993039
19347,-55.9648352884848
19348,-56.392536040216235
19349,-47.60782894994233
19350,-50.319367464211616
19351,-33.85142712977456
19352,-39.805364745480524
19353,-34.979862805670855
19354,-34.884159288537006
19355,-22.023406108082586
19356,-22.35233724061729
19357,-16.076908525560757
19358,-20.673361697783285
19359,-17.919840912526602
19360,-16.138753235388513
19361,-15.573476053134776
19362,-1.6272739789575041
19363,-0.8535459867942166
19364,-5.03264616213292
19365,-14.955684381492546
19366,-14.975520167468922
19367,-6.227786667379867
19368,-0.2968741980757059
19369,-3.8933514441109836
19370,-21.84271989636845
19371,-49.016107212744515
19372,-49.098780665220886
19373,-39.51739295911834
19374,-24.59269471611121
19375,-37.78625924282606
19376,-41.23892956100316
19377,-45.29819103212439
19378,-24.906020518989386
19379,-22.265848878358803
19380,-14.765628104137072
19381,-6.2353032112763955
19382,-1.40384712154804
19383,6.509304976413375
19384,20.349332763207798
19385,28.404213974180408
19386,26.28567509211895
19387,19.53182642398481
19388,21.443048275493325
19389,21.913881738541406
19390,35.143134111294515
19391,37.162752999023255
19392,42.57462810876409
19393,47.89343067514541
19394,50.00369374136692
19395,42.05831716198365
19396,39.77164717788473
19397,35.33156210673833
19398,30.11723003002801
19399,29.548003053912808
19400,29.604280543974014
19401,27.00927764935851
19402,27.518936425174687
19403,26.12925496049325
19404,19.83440703205713
19405,13.305471361658192
19406,23.76933268398478
19407,23.445120645648508
19408,3.280671792493891
19409,-9.256299254315113
19410,-15.555461478238716
19411,-6.926638384514948
19412,-2.5192722806904726
19413,-4.2281145659072195
19414,-1.6155902840224314
19415,-18.009458826383305
19416,-35.25951638191185
19417,-54.67916228403044
19418,-55.22128448712573
19419,-65.76805905668701
19420,-67.27520286906869
19421,-67.8927689555369
19422,-68.92904013934924
19423,-78.68736289033365
19424,-72.06608445206425
19425,-75.04035376215754
19426,-73.58073203900528
19427,-67.12476913085175
19428,-72.23868611795899
19429,-62.06976682715311
19430,-73.35606381081087
19431,-62.844629751714
19432,-63.04701432956811
19433,-65.3741012440739
19434,-75.342782969443
19435,-68.0208980916162
19436,-54.49762476821671
19437,-45.13618101488531
19438,-33.30561749765269
19439,-39.18401993559462
19440,-36.37463066950221
19441,-40.768046319278426
19442,-37.34817918259851
19443,-36.78259647035677
19444,-39.95152238285838
19445,-40.74191631386535
19446,-48.45307742319268
19447,-30.949448408487644
19448,-6.200494967999433
19449,-7.750980084429628
19450,-7.830325581808708
19451,-6.3367612859936315
19452,13.753923346620745
19453,11.430420426747666
19454,1.3651842563226921
19455,9.17382026570305
19456,9.572220418944447
19457,3.2216474332932705
19458,-3.323895911750057
19459,-0.9901793120281042
19460,11.473330099114968
19461,18.556562039676486
19462,22.02231368781586
19463,27.268581579326806
19464,20.008597507667965
19465,14.7304106478255
19466,18.776630778874228
19467,19.227018438508203
19468,20.302907810991123
19469,16.458964394474954
19470,13.82043418571056
19471,-0.005332400564945772
19472,-4.142583386173889
19473,-6.881152614572265
19474,0.7290670926705047
19475,-4.546746541992121
19476,-5.032506904958268
19477,-5.899951359306247
19478,-1.5593354310234275
19479,16.658938060819473
19480,19.860664746868274
19481,6.666943314633627
19482,7.0680270276528745
19483,1.1435067427717485
19484,-1.4254447980965779
19485,6.593931704474514
19486,-0.9709307478716838
19487,3.992144567408694
19488,1.1062168692792724
19489,-2.5801699205225717
19490,-1.2427045537829073
19491,-1.9032376320795024
19492,3.209826112621222
19493,1.6161064333409811
19494,4.359883888591199
19495,-0.5658279739473784
19496,-2.9035704234811845
19497,-8.177241957235836
19498,-7.987541294760437
19499,-3.0113853185501966
19500,-13.07020105267205
19501,-35.993308321724726
19502,-27.26215375126531
19503,-26.24785863890704
19504,-31.287281399655477
19505,-50.910212805715865
19506,-38.420559874230584
19507,-24.473123503761038
19508,-20.806430332337932
19509,-30.459284922272026
19510,-16.26347407614395
19511,-25.941619186569596
19512,-38.244005968326235
19513,-54.74364145602411
19514,-48.62534991904972
19515,-38.23049865713279
19516,-44.83066283518276
19517,-46.615408455743314
19518,-42.7167529139659
19519,-49.91873464541916
19520,-44.0051401789465
19521,-35.85736758414233
19522,-33.82441237694338
19523,-39.51982088257012
19524,-42.502897139452905
19525,-37.015742832346696
19526,-55.88254983975421
19527,-58.260735888762134
19528,-54.75556849813538
19529,-44.64056301956382
19530,-51.831795070027894
19531,-55.63601416080307
19532,-50.9081643470186
19533,-63.49693488598636
19534,-54.61702552007955
19535,-44.96638120582787
19536,-36.838742846149444
19537,-30.44295994134808
19538,-34.663583058867275
19539,-34.17767366741417
19540,-26.55747573870654
19541,-29.992349318552254
19542,-14.032090621479789
19543,-4.39660582924747
19544,-2.551941967525032
19545,-26.60818753038452
19546,-24.685497942814653
19547,3.528581385540761
19548,11.499889495268363
19549,-2.970751294929343
19550,-7.988167730332158
19551,20.53617658353894
19552,33.29594029574578
19553,30.74946562750553
19554,57.93746016985132
19555,55.31734747155885
19556,50.12656180662522
19557,54.75769165971168
19558,47.392860563062
19559,45.8203499844693
19560,40.10268869146692
19561,31.2723064523871
19562,15.787942259716687
19563,-1.5251491399873771
19564,-1.1806938254773058
19565,-3.6645500432214817
19566,-4.319015871704323
19567,-12.331968444760601
19568,-15.001385637829937
19569,-17.033110978215742
19570,-6.460261223832823
19571,-6.686364204795247
19572,-4.990139095784009
19573,-2.851246223478519
19574,-10.843406666812186
19575,-12.178628119339336
19576,-13.137867608705093
19577,-12.296622427325033
19578,-12.530847920502769
19579,-13.820820081378887
19580,-8.518222041364286
19581,-4.7044528997696204
19582,-7.669986149169084
19583,-10.965360493003281
19584,-6.19124013933898
19585,0.06138102089960995
19586,3.702223122871935
19587,4.351575375576168
19588,3.5383663819184434
19589,3.6790273070200996
19590,4.217899105727668
19591,7.083719249267091
19592,4.7302985890655975
19593,-1.8230707826485286
19594,-5.252593031129116
19595,-2.0192582557353873
19596,-8.395930990988795
19597,-20.509532503877914
19598,-15.663968408812543
19599,-10.282589246382237
19600,-12.63193240992701
19601,-32.97047452455008
19602,-25.329508761359868
19603,-18.873767699478087
19604,-22.742367886391598
19605,-25.192680226700013
19606,-13.86394707897891
19607,-17.335059788707085
19608,-33.16669011322925
19609,-48.12727066226263
19610,-48.36371603428062
19611,-67.52460394346645
19612,-69.0303157149882
19613,-75.53217047833294
19614,-86.97984332340815
19615,-81.39228048807354
19616,-80.27394079550874
19617,-79.09612319279375
19618,-70.1007366358217
19619,-51.593296123806844
19620,-48.03172007039853
19621,-42.078732890426345
19622,-45.85521123164332
19623,-48.74270650743849
19624,-45.460898629555764
19625,-53.1711560335577
19626,-51.524513528249685
19627,-58.0426148889982
19628,-58.373864860972645
19629,-66.78741460980595
19630,-57.998496916689234
19631,-51.78841122506519
19632,-58.925861743604784
19633,-45.502998033525145
19634,-40.98171682313895
19635,-39.505843571848374
19636,-26.935968036796027
19637,-31.791029580496655
19638,-32.33463101790853
19639,-26.759013514549174
19640,-3.2071325342999515
19641,4.853989236373927
19642,0.901775443255616
19643,-2.184066216672221
19644,-9.99079662437768
19645,-12.766031293051554
19646,-13.289560018020147
19647,-1.7859525699369598
19648,-6.6741650919497815
19649,-22.07371434556469
19650,-21.165524761213646
19651,1.1109156196312995
19652,7.318711695818422
19653,10.05308553517105
19654,21.62032306496564
19655,21.179282402528848
19656,24.682187037385
19657,37.79832704875811
19658,25.285079401242754
19659,1.9428069670558585
19660,-7.8976807210271005
19661,-5.947055804482844
19662,-1.3196968969923901
19663,-13.515401749308452
19664,-11.328036363358692
19665,-12.337137751207976
19666,4.415545006517682
19667,0.45233899056481874
19668,-0.830706807824491
19669,-9.383788356090427
19670,-14.613555840009468
19671,-16.784885255034283
19672,-16.880339875029193
19673,-12.833017237451458
19674,-3.194830655312657
19675,8.90403052086755
19676,10.084311124204348
19677,5.5197618433065685
19678,11.712805506712854
19679,3.1847335627968647
19680,4.582583824959201
19681,7.892112329642245
19682,18.183823663370504
19683,17.365715907681874
19684,15.234544918829528
19685,17.328881905172494
19686,28.42344275349582
19687,23.363140243575124
19688,26.42062930397342
19689,17.78887229682025
19690,14.728348137965
19691,13.949809239294225
19692,4.389704933981214
19693,-10.480304913151834
19694,6.591417076934505
19695,21.675365293195995
19696,12.369446258248303
19697,-4.434216603313814
19698,-0.7181192765869895
19699,-1.3883988056641243
19700,-10.770932011476859
19701,-18.4354893108209
19702,-17.652727022880534
19703,-26.810246434818204
19704,-37.525613627057034
19705,-38.53694711986274
19706,-32.479650809926895
19707,-47.04354755909968
19708,-57.210809171935736
19709,-52.36187581750413
19710,-42.92373899717916
19711,-37.39762100740734
19712,-27.361748693438017
19713,-39.138806678302046
19714,-33.916909319074236
19715,-39.97038615479009
19716,-42.716695958394254
19717,-52.20092683892322
19718,-67.98582514674162
19719,-87.2799071869796
19720,-86.77722705495968
19721,-52.59546554316542
19722,-52.257226636381596
19723,-71.79350965223685
19724,-63.332220808382
19725,-55.18921439561594
19726,-53.152512601462696
19727,-74.68165173141514
19728,-73.24997960152317
19729,-57.82498554847931
19730,-71.38296733787861
19731,-56.921477834337296
19732,-49.70277598672995
19733,-56.88608194549438
19734,-32.442899733347986
19735,-16.69506205958731
19736,-25.0443976022467
19737,-56.603618497138996
19738,-37.90015277665386
19739,-9.153880493534153
19740,15.119509005546583
19741,11.725472883595195
19742,10.091792395175545
19743,23.303446381248804
19744,28.97976303417117
19745,37.56108448096312
19746,38.088282078598084
19747,45.370182987288544
19748,53.27097975588735
19749,54.0696230916718
19750,58.422329903539165
19751,54.34473186452239
19752,54.171957825719474
19753,38.624960561679046
19754,15.34724769919304
19755,1.9641779882241437
19756,10.79007447011238
19757,10.95152997327417
19758,10.53606791693889
19759,-0.6214583609060753
19760,-1.5843635917524352
19761,-5.151852980033482
19762,7.178217250213194
19763,11.122019808079173
19764,14.002225010437897
19765,13.44736327047012
19766,9.813928349062145
19767,14.451892917440041
19768,14.896475189766797
19769,18.978945809762116
19770,26.634567336867484
19771,25.30048694132619
19772,26.42064135572928
19773,24.76940558211458
19774,19.362587603673376
19775,15.439095938679117
19776,17.479645016742353
19777,20.816814502849752
19778,21.594085799832683
19779,20.342163687615127
19780,20.07494191608903
19781,19.043731480358545
19782,19.89485525392245
19783,21.48166420661763
19784,17.868659310621148
19785,9.023846278434625
19786,5.206488356373512
19787,6.432212925250099
19788,5.5223610028426435
19789,-1.5695996330507285
19790,5.3888988009536405
19791,4.612011639445498
19792,-10.681786305831153
19793,-31.547197291447915
19794,-31.233590364554004
19795,-39.62155733006563
19796,-45.11999505176243
19797,-55.692241513661884
19798,-46.466409666993194
19799,-54.895554622152524
19800,-64.7954332215981
19801,-76.9934700876546
19802,-77.93125831682585
19803,-81.0124432574031
19804,-82.6076826359236
19805,-88.3342602233385
19806,-80.39721107982758
19807,-88.50975368431386
19808,-78.01537300281264
19809,-79.34325218925581
19810,-68.1573976648736
19811,-71.40069525775652
19812,-66.52744640446264
19813,-55.449277489465146
19814,-73.19161415329759
19815,-76.96728264887307
19816,-79.7110785139063
19817,-74.75672120845465
19818,-92.59806910642962
19819,-80.12144799442731
19820,-69.74872449582469
19821,-64.68500213061256
19822,-62.62540572151152
19823,-63.49918714873376
19824,-56.35254096018269
19825,-50.79515470987496
19826,-52.579483852623724
19827,-42.94548453523524
19828,-30.0087183067528
19829,-38.188197138327126
19830,-39.92534600408818
19831,-33.06517402842702
19832,-17.254264752802115
19833,-23.268508115608668
19834,-14.705456497352067
19835,1.349334054542929
19836,3.613457752269049
19837,1.7382160810815535
19838,3.358725018306785
19839,-1.7406159809736153
19840,-2.4578796074212903
19841,7.789107098721445
19842,8.421805382939816
19843,5.157598116994613
19844,3.442917725819221
19845,3.4622344743752578
19846,2.510668503921508
19847,6.7106267555989945
19848,8.17572693010844
19849,6.859871640847345
19850,-0.8799915771067433
19851,-12.631856753134564
19852,-7.43200650347088
19853,-10.143123444104667
19854,-8.355677099479909
19855,-12.77271040846897
19856,-8.911844507220952
19857,-11.970146811632862
19858,-3.7932336751170226
19859,-4.876519867957427
19860,-6.303800370128897
19861,-12.971936515858516
19862,-17.182396205975785
19863,-15.204565617912955
19864,-11.67095500961134
19865,-8.265633806495806
19866,-5.086086142585479
19867,-8.754698444346012
19868,-12.41122748028365
19869,-12.06343354897458
19870,-1.734467727868818
19871,5.138530408016365
19872,6.758649952958976
19873,6.095725741489261
19874,8.044751204052147
19875,2.7550447543017924
19876,0.787478144449949
19877,4.064759878122686
19878,8.58204746412995
19879,4.536137631558553
19880,2.077486404449708
19881,-1.0868035745245592
19882,0.36777926050821463
19883,1.4666443267904157
19884,-4.311878155388698
19885,-15.776673001946289
19886,-9.220913879883284
19887,-4.147205466094789
19888,-2.941511277449848
19889,-16.751311748331347
19890,-9.57425025315014
19891,-7.918057542717335
19892,-13.387572141840351
19893,-25.721896525597217
19894,-5.258980648720588
19895,-11.233788367358848
19896,-20.848391357948238
19897,-30.125954953618027
19898,-23.105473130714373
19899,-22.595009238408252
19900,-23.330995726595987
19901,-27.847755826694893
19902,-22.669662271422652
19903,-19.700154384191677
19904,-15.24586338290797
19905,-13.322056986887304
19906,-7.040088257983726
19907,-14.944863021319023
19908,-9.232610998610838
19909,-3.5684724540762573
19910,-21.921610958042365
19911,-15.560016797030684
19912,-32.786130400654244
19913,-34.27446027182468
19914,-43.77584320213247
19915,-37.2322833555554
19916,-25.308851179507933
19917,-34.581777014386766
19918,-32.246426620895484
19919,-30.274877558818737
19920,-32.7763155283592
19921,-33.873392224242714
19922,-33.93788508111679
19923,-39.32072562023801
19924,-42.12164837939325
19925,-35.67668949502267
19926,-34.71245097850064
19927,-26.870011036756434
19928,-21.67980329091287
19929,-16.22710813412996
19930,-19.603446775120055
19931,-8.119999137932261
19932,3.8734241009516452
19933,7.939864111273614
19934,8.748815009812589
19935,13.311354129008734
19936,11.24512881690417
19937,10.853274765892493
19938,21.823151528040547
19939,15.648746965137612
19940,25.859412495695928
19941,32.53230694179014
19942,30.061875297600608
19943,25.262575417286627
19944,21.865565235755014
19945,18.513729639802506
19946,-1.0288974169043925
19947,-12.04720736772726
19948,-5.7454637263467205
19949,-7.050705439603668
19950,-6.998390735369558
19951,-9.129371893281874
19952,-4.436705929492433
19953,-3.2146235710737017
19954,3.900984215558097
19955,2.16782478594088
19956,3.4726337066278603
19957,6.671097880522311
19958,-1.2132628003102397
19959,-5.501796505524844
19960,-5.41896293531169
19961,-3.6597008431546314
19962,6.796779899945925
19963,0.5003216497441301
19964,2.7599854145490426
19965,2.47583548207205
19966,18.302751119984215
19967,18.59721963684519
19968,21.348190684516773
19969,25.88247949530936
19970,25.377575836789838
19971,21.689350911500036
19972,24.320721913519684
19973,23.946435491527716
19974,21.063490903315852
19975,19.299680539324868
19976,15.103145265840482
19977,12.040531318198617
19978,8.50117629728934
19979,11.010257754361056
19980,10.54674974431061
19981,8.07086581343453
19982,11.397859273631035
19983,-6.2569763856300895
19984,0.38586123028613173
19985,-5.248153587701985
19986,-10.69993183132592
19987,-14.353683512708095
19988,-18.977956470671025
19989,-26.214774032762996
19990,-19.486538437974076
19991,-21.931453501064098
19992,-24.74674831984096
19993,-32.41250757824905
19994,-25.567185204431034
19995,-29.215497119846127
19996,-36.58729233576451
19997,-49.85896979305857
19998,-38.28702110883268
19999,-42.47361557207393
20000,-45.93383630009186
20001,-44.99574491792328
20002,-25.847267973875255
20003,-35.25994040722019
20004,-30.02293174143619
20005,-26.128462636624185
20006,-42.9410035703664
20007,-41.75415308821996
20008,-34.250990154071836
20009,-33.63660178947125
20010,-44.26685228546083
20011,-46.14190771860163
20012,-37.15629104652683
20013,-27.959970570318575
20014,-29.303429094094938
20015,-23.992774592480473
20016,-17.535889769645152
20017,-12.99497168873664
20018,-16.56619399380466
20019,-9.71348464692366
20020,-4.530848337217293
20021,0.24795754931435
20022,-6.593753398913584
20023,3.540972478267456
20024,-2.8346526519942543
20025,-0.9258916549783933
20026,-8.61921301247688
20027,-0.13670560158405465
20028,3.888662895768306
20029,2.4798239101601496
20030,-11.236506076818294
20031,-3.80036051715998
20032,-6.3724174396039
20033,-3.836874226890721
20034,-6.9727548067257885
20035,-9.773438070716225
20036,-6.303154769731435
20037,-4.422815634637971
20038,-2.0725403819277304
20039,-1.8197525708228355
20040,1.5075454525378618
20041,-3.582474167607792
20042,-13.952643626764612
20043,-12.333815351657691
20044,-16.751335899186742
20045,-18.733752742198945
20046,-14.28161999743871
20047,-14.620463959829905
20048,-13.46533606108126
20049,-17.624892510857322
20050,-8.14185108436623
20051,-14.512825325005757
20052,-11.172658619336055
20053,-9.08735507538102
20054,-9.80613017241717
20055,-15.588877561220869
20056,-11.109996161102828
20057,-4.977016372096614
20058,0.05644889816333887
20059,-0.25602510929002165
20060,2.683139941463608
20061,1.992167782673306
20062,3.5733965651768926
20063,1.93520607780043
20064,6.977307246498754
20065,11.394500606690166
20066,11.265464471006148
20067,-1.111783472565051
20068,2.0768605945321923
20069,9.470607205807177
20070,11.350950920928575
20071,9.39259568946158
20072,7.25531647076663
20073,14.426661480780517
20074,12.323763029183155
20075,11.00496679047103
20076,0.025443133566909637
20077,-18.21804887089067
20078,-8.546604442061128
20079,6.397416386297948
20080,14.414433799992828
20081,9.692982811890026
20082,4.133030758236089
20083,19.351071957495485
20084,17.718116725409708
20085,19.262964635953658
20086,23.342754435269633
20087,16.04665748875062
20088,0.7430397505962674
20089,-12.264678138721163
20090,-15.80412367853771
20091,-30.819966451707334
20092,-47.01807771273718
20093,-56.259034783459505
20094,-57.84501728886848
20095,-70.69827969785729
20096,-74.91131836220259
20097,-56.384518205709035
20098,-46.488416069033576
20099,-51.90183125972766
20100,-63.4773465896671
20101,-50.82836794536303
20102,-68.00949507290605
20103,-70.90572779187042
20104,-76.57430495762648
20105,-69.74365127688205
20106,-44.748542948554345
20107,-18.39828989021485
20108,-16.04950377173729
20109,-50.41181683131656
20110,-59.29055720531971
20111,-65.10339457182977
20112,-60.72421307592298
20113,-52.59265589844358
20114,-77.32733684014366
20115,-106.50779154914737
20116,-106.58575691159989
20117,-90.430387583076
20118,-71.42138593218064
20119,-85.773095112015
20120,-85.54091155366191
20121,-56.186027964530915
20122,-36.45035666445794
20123,-21.3376051052375
20124,-40.52100324669418
20125,-28.038788277070335
20126,-20.463734596700878
20127,-17.078709644606935
20128,-22.104568922799334
20129,-4.1020104804011055
20130,34.71551342620789
20131,44.16313905871671
20132,57.8247938068706
20133,65.36657021088821
20134,61.146543534049314
20135,58.83005868576653
20136,43.151710819425304
20137,28.50519331508123
20138,6.830491976421172
20139,-6.6775365431922715
20140,2.0732500461447216
20141,1.428841706555886
20142,-4.165583515230189
20143,-8.194793930213983
20144,-6.635536248835415
20145,-12.557760737800827
20146,-2.0006017976068904
20147,3.14597016530044
20148,10.36967961702748
20149,16.389622272009454
20150,15.059031360361637
20151,18.659046716661713
20152,18.154752534909044
20153,22.990448443940885
20154,32.238346418157064
20155,26.780945150402133
20156,27.66352876309405
20157,30.520796986413202
20158,20.371427258615363
20159,14.126040403499097
20160,8.533846016609367
20161,8.329263284023192
20162,14.518496615429235
20163,13.867842759175723
20164,16.873651018787974
20165,14.399379894469782
20166,12.767847455607281
20167,6.936876607127047
20168,5.310539497447408
20169,0.5642191154978633
20170,-2.0073494604802704
20171,3.6431035729487746
20172,6.669498781945229
20173,-2.91469472312707
20174,1.8345596314187347
20175,-3.8562192059421463
20176,-6.1857347170925365
20177,-26.030683926093637
20178,-24.701986513651384
20179,-25.00471712495432
20180,-35.23474037834979
20181,-51.18759993000874
20182,-45.4522813924313
20183,-51.56874185672774
20184,-68.03390701286463
20185,-84.47223742108935
20186,-80.63092884426959
20187,-82.96449918673181
20188,-93.72613524146215
20189,-97.85933990977696
20190,-99.02141864109976
20191,-114.01858349113986
20192,-109.91994553141741
20193,-99.68193057411403
20194,-90.60442641707283
20195,-92.57992290474522
20196,-90.51522256402575
20197,-82.83333159283774
20198,-102.93349086760462
20199,-111.24548450742496
20200,-98.75342968181624
20201,-106.88183234586266
20202,-101.07300692473834
20203,-100.375413792606
20204,-92.69036483603011
20205,-93.26966348751532
20206,-88.09984268742107
20207,-89.14480791890497
20208,-73.16524289547289
20209,-69.86801089192255
20210,-76.60604673974896
20211,-61.579061414894774
20212,-62.79277539486018
20213,-59.463528258042956
20214,-62.797172123631036
20215,-51.835193869056546
20216,-41.37819810181602
20217,-43.057714180659694
20218,-30.852473383450263
20219,-16.481781737530458
20220,-10.477027841332287
20221,-19.770861626735257
20222,-13.148459699549598
20223,-0.5062005883791372
20224,13.28497568881729
20225,3.5928277915729367
20226,17.38767200303967
20227,12.30312598477245
20228,7.596005997671526
20229,15.391823513104569
20230,7.451663764838209
20231,9.188666522955891
20232,1.830164925822153
20233,-6.029160450977166
20234,-14.841085252551068
20235,-17.226222305933703
20236,-7.203403710596035
20237,-18.23013230928865
20238,-22.294125845080426
20239,-25.322527291784635
20240,-23.07515460599893
20241,-29.211107297414795
20242,-19.538930264463183
20243,-13.485320005121686
20244,-5.769724596662918
20245,-0.8038503815781226
20246,-5.9754121497390855
20247,-6.3588266540315175
20248,-5.665973689728148
20249,-0.3417497226115387
20250,6.95858946006058
20251,7.632118431797721
20252,8.945923098150296
20253,9.403581694328402
20254,5.944624601098305
20255,9.295384865452725
20256,16.238545702685748
20257,18.32622038516309
20258,18.16456267652321
20259,11.1849195977968
20260,9.833841241964272
20261,6.627536101082505
20262,10.47007779338125
20263,14.050096384309938
20264,6.727730653508786
20265,2.853743449258019
20266,-1.343188920784847
20267,4.456432472757605
20268,2.3686047620482
20269,-9.404651540481602
20270,-10.263675181648189
20271,-12.480305932392618
20272,-17.723180480245283
20273,-40.48479448095052
20274,-41.09927204959313
20275,-42.791502883759726
20276,-53.34323310332942
20277,-54.70178794757907
20278,-45.00044739460712
20279,-46.014807362747476
20280,-61.75127234342237
20281,-70.95331846270305
20282,-66.64699071840909
20283,-82.58516344692583
20284,-79.7622060754536
20285,-96.1758172051093
20286,-96.72270687565157
20287,-93.91321784837373
20288,-102.41292133556347
20289,-104.96457430911165
20290,-97.57849883052057
20291,-93.03039917465071
20292,-97.01324080003081
20293,-97.78108931348078
20294,-108.31423267069347
20295,-107.60727648122146
20296,-93.79471082697776
20297,-94.65975386691983
20298,-101.88659825934913
20299,-104.49281381425813
20300,-100.05458852819689
20301,-97.29627777525522
20302,-89.86851785762798
20303,-83.07776441473838
20304,-75.84079000247708
20305,-74.63754008015466
20306,-78.71110446543796
20307,-69.49539253858282
20308,-62.809698002227066
20309,-60.361704180210694
20310,-65.67884695570683
20311,-57.10059437884809
20312,-47.835102316978585
20313,-36.799429910192494
20314,-38.35952769877562
20315,-24.555614744425302
20316,-20.813950476151295
20317,-20.909786342445077
20318,-19.62030817245303
20319,-5.541529688865431
20320,-7.982773348090994
20321,5.390002465988779
20322,3.583385393033865
20323,8.245569726958536
20324,0.22597799881017977
20325,-7.575169651561765
20326,3.482813831268764
20327,2.166801754286432
20328,3.487371396212545
20329,2.5775343763165424
20330,-15.72955941104972
20331,-27.787167472635204
20332,-20.229891155456002
20333,-17.242589207979123
20334,-17.59707176896346
20335,-25.046756053672723
20336,-21.44191996272623
20337,-22.747122447165722
20338,-11.487533988345227
20339,-9.733055178950444
20340,-5.482888116490749
20341,-2.2554238081133846
20342,-7.062171052618112
20343,-7.986291916532878
20344,-6.7420562965562
20345,5.929821873667123
20346,2.3749270105009117
20347,3.9892424733675824
20348,3.006660508614246
20349,4.642549030948501
20350,22.185734828929483
20351,21.03716289916845
20352,23.324228886259917
20353,24.195926646320842
20354,30.248515070541913
20355,31.859590574966518
20356,29.071215919420922
20357,27.56852970838554
20358,27.683349396367092
20359,19.22552505719967
20360,18.849390234808943
20361,16.840454391480826
20362,18.314135559849902
20363,18.20587989353119
20364,14.482880334476775
20365,2.3046486856157387
20366,4.482459185263735
20367,9.382855741364352
20368,-8.62546670463459
20369,-26.92929758783208
20370,-29.155948249201273
20371,-36.17622250843594
20372,-41.76569999300098
20373,-49.79672545239721
20374,-44.77738442298844
20375,-51.787783427218365
20376,-56.81032937068753
20377,-64.32288774925175
20378,-57.48934853609005
20379,-65.26083671052253
20380,-74.8576943471994
20381,-75.65607532791704
20382,-68.78872281170356
20383,-79.40727390724874
20384,-67.08169083803875
20385,-68.47754715464032
20386,-59.52008673064607
20387,-56.88969788394
20388,-57.68408990977086
20389,-63.26906299517002
20390,-76.23996359960957
20391,-73.55462275022565
20392,-64.49667867758639
20393,-54.792638605810694
20394,-62.301493480799444
20395,-61.82230113527148
20396,-64.42207024749038
20397,-61.72220649449152
20398,-55.43759131526813
20399,-53.26950751178138
20400,-45.199635943129046
20401,-41.87079123817589
20402,-50.12610405179977
20403,-37.99194538827631
20404,-27.015386224711122
20405,-23.762956809932476
20406,-21.351699846709888
20407,-6.814821780692451
20408,-9.490884600633986
20409,-18.03631700996004
20410,-23.41759090142758
20411,-8.359297445170476
20412,-1.6793102380963987
20413,-5.557749409284632
20414,-15.745321034894417
20415,-11.977703000127363
20416,-3.7767810841813656
20417,7.916444614282099
20418,2.435107442421163
20419,8.118768863736769
20420,12.683818640574636
20421,11.124379527835806
20422,12.795613748415263
20423,12.39656638003973
20424,8.935148461194387
20425,2.6166112426304835
20426,-8.459422460278326
20427,-5.901825912830908
20428,3.9674333951656067
20429,0.5274481899224028
20430,2.9614246524021155
20431,2.523527771896937
20432,4.762131693569074
20433,-4.235340444215808
20434,1.821235467500216
20435,0.30349660426897174
20436,-1.840018401654632
20437,2.942301596668486
20438,1.5534671206108115
20439,1.4311271151122824
20440,4.374459380624252
20441,16.382693869112565
20442,19.297714688318585
20443,17.824520113589806
20444,19.545575899065334
20445,22.912836029766133
20446,22.0816912606726
20447,19.31068235981421
20448,19.28897442025327
20449,20.969729961561214
20450,20.01621531811159
20451,15.627707497856534
20452,17.52373882172259
20453,18.39015199766132
20454,18.869625124533258
20455,18.08853991376506
20456,15.308143593329135
20457,6.825642743188126
20458,3.3862724399051984
20459,4.366728112642008
20460,5.3746305946352635
20461,-2.107690458872142
20462,-0.46158422811825517
20463,0.5216564583363379
20464,-8.393873670853257
20465,-20.27836634399924
20466,-24.771986679910714
20467,-28.443348579441864
20468,-26.66716141309674
20469,-33.31763945854716
20470,-23.125784685834258
20471,-36.55655201129311
20472,-40.97913514957362
20473,-54.45300656026207
20474,-56.383075261801835
20475,-64.28890531568221
20476,-65.54506518895887
20477,-64.63028766155283
20478,-61.771137394847614
20479,-72.77240175300486
20480,-55.16964064842077
20481,-58.978912029907036
20482,-54.66595176584197
20483,-49.22943558798819
20484,-33.86533748330085
20485,-28.14467987562752
20486,-40.12730029567835
20487,-34.784660223562625
20488,-24.8669779256134
20489,-12.854589912640495
20490,-27.014584412454777
20491,-31.916837795187913
20492,-27.31917900891784
20493,-30.26458365449167
20494,-34.57732201089699
20495,-33.284700034098776
20496,-25.841462005871232
20497,-28.983893703457408
20498,-27.54371022979347
20499,-16.279636981110507
20500,-18.517452702738574
20501,-11.19023722474531
20502,-18.25968489804191
20503,-17.455750960653376
20504,-10.676303584073171
20505,-12.088812280790222
20506,-17.02000529882679
20507,-9.819594165391262
20508,-3.8096009606309735
20509,-4.991349453314172
20510,-15.069124488896922
20511,-17.667340812515523
20512,-17.432155821276087
20513,-17.17342376331955
20514,-17.501833589880615
20515,-12.224106162470516
20516,-7.896423932076399
20517,-0.7393671443463177
20518,4.645203282400729
20519,12.518491995247842
20520,3.3626642346389986
20521,-8.200029656635
20522,-18.794357747974242
20523,-6.819293315806373
20524,-3.503031654696784
20525,-10.28706304347305
20526,-8.495861466828167
20527,-0.12388453535590571
20528,3.946577023543476
20529,0.6523106349973702
20530,8.462220786910237
20531,7.887270208571877
20532,6.109214622934601
20533,10.666799777151326
20534,7.385921611074309
20535,8.005244522002727
20536,8.910652916483741
20537,6.960557674048744
20538,8.945679798603507
20539,4.770205413007986
20540,4.026959299750175
20541,6.111184808491387
20542,8.953509113264971
20543,13.422886738895357
20544,15.665175206629698
20545,16.096431304222392
20546,15.785500802528347
20547,6.642871278919998
20548,8.575772312272463
20549,10.697405812311686
20550,12.616631837525702
20551,9.87038050819011
20552,6.169158235370915
20553,1.481648224728005
20554,-5.18267208244751
20555,-3.040300942614408
20556,-5.168073738091664
20557,-12.540730130488896
20558,-10.54149405480111
20559,-3.4810156028354555
20560,-7.7810885217630705
20561,-23.966314435992036
20562,-13.341530657938083
20563,-9.965256857524341
20564,-10.435781424806041
20565,-15.482985470758539
20566,-3.2620998179952494
20567,-9.74447009847432
20568,-8.997651664432762
20569,-16.312952799067002
20570,-9.201497860834795
20571,-6.753887817415748
20572,-7.108813086734333
20573,-18.12269980054859
20574,-18.712386186787388
20575,-6.489643397876353
20576,-9.866006512448099
20577,-24.687904172142044
20578,-22.51373858481887
20579,-26.937181006325975
20580,-23.450793946565145
20581,-17.76881828713184
20582,-30.92597997818945
20583,-32.31003643110546
20584,-30.221389679468192
20585,-21.317985108427084
20586,-40.761979360935825
20587,-39.7638312345796
20588,-43.30215854481891
20589,-44.94347003659881
20590,-47.666432920451854
20591,-31.591894648870973
20592,-42.76681373043911
20593,-42.172141213149786
20594,-41.726998704920454
20595,-48.41080236992611
20596,-43.27500124171025
20597,-41.13645315468177
20598,-40.094969141760416
20599,-27.420158137311304
20600,-37.17488551256905
20601,-37.7647862038135
20602,-34.29689078992921
20603,-28.713113272438886
20604,-16.74914709576576
20605,-13.920976845214636
20606,-22.8824035506961
20607,-16.30765647441132
20608,-9.508648938413163
20609,-6.828446543989802
20610,10.29889226915246
20611,8.40362915286947
20612,11.276173609404182
20613,15.217556144619223
20614,7.083677752769873
20615,8.104442859509973
20616,1.7579821907852846
20617,-5.216187460673879
20618,-13.314766626071926
20619,-12.694539319635535
20620,-10.659480845755493
20621,-12.917648617308455
20622,-13.195476436190994
20623,-12.063632057792681
20624,-10.741639674407018
20625,-10.650620394462088
20626,-2.5954379118356883
20627,-2.179062116950064
20628,-3.193144368687996
20629,0.09925857998703691
20630,-5.374635832779955
20631,-6.171257364369762
20632,-8.564346694747524
20633,-9.044776187857234
20634,5.177473543030175
20635,1.452956498770419
20636,2.98846909466144
20637,2.1439222736709667
20638,14.594541429793495
20639,14.685565549324266
20640,14.792485181627697
20641,13.614095253581254
20642,13.29367718165554
20643,11.99689052212949
20644,15.78676782530502
20645,15.764216960526937
20646,12.567881405266021
20647,12.521823179532547
20648,10.773958680742865
20649,6.968762171503315
20650,5.882926206267186
20651,6.897911843232791
20652,6.1735647705558705
20653,2.792328943933782
20654,6.107183357120846
20655,-5.89723237740176
20656,-10.85123920625395
20657,-13.259464779689836
20658,-19.02814430031306
20659,-26.63524246908898
20660,-35.76228783518755
20661,-48.048460447866816
20662,-41.31450223161088
20663,-45.21682886427959
20664,-55.752062986824114
20665,-63.65668100489103
20666,-60.8374996155588
20667,-67.37974887129444
20668,-75.00665753857679
20669,-76.37005281060716
20670,-71.75625886870765
20671,-79.66421581803294
20672,-75.78979261384055
20673,-75.02965546160155
20674,-56.273727296567145
20675,-62.94377215450051
20676,-61.37141186025225
20677,-59.888513725896885
20678,-66.7238733891691
20679,-74.51773670683603
20680,-76.43291214485122
20681,-73.22551356408108
20682,-64.62801706967001
20683,-66.76759624213337
20684,-56.746856991125796
20685,-58.98425863861506
20686,-56.382374294874126
20687,-60.29832418405323
20688,-63.289503186387265
20689,-56.66204147028856
20690,-54.65441200536797
20691,-42.280667805669154
20692,-40.989277226719125
20693,-39.45968898305874
20694,-43.30272267163306
20695,-37.73029529381316
20696,-39.00769927195992
20697,-31.290470226230948
20698,-39.72313146072184
20699,-15.509620181379596
20700,-13.982726199486187
20701,-3.411956917429265
20702,-5.348725320657007
20703,13.005743801629947
20704,6.301104878122217
20705,2.833601158741047
20706,4.2835534551381755
20707,6.034008205404589
20708,4.745765930133828
20709,1.9178095335760617
20710,6.680414517476407
20711,7.416030525289983
20712,10.742053774179794
20713,6.128423402859653
20714,-1.6506577035462442
20715,-1.1242567607322655
20716,-7.915111441668731
20717,-17.521118192354614
20718,-24.447471403866302
20719,-21.78298613351754
20720,-15.87521172337847
20721,-10.078663943787323
20722,3.053347684417318
20723,-9.609050220965809
20724,-13.383271230486812
20725,-16.916637619486963
20726,-10.674281675363648
20727,-5.921854459131783
20728,3.4404956682439973
20729,9.794168302947313
20730,7.492226946085566
20731,3.1809203745794434
20732,3.400514685830103
20733,3.1975304412927983
20734,12.446592919315563
20735,13.882660929236906
20736,17.20528673750937
20737,15.413121001951481
20738,14.674449255030368
20739,12.684289916370318
20740,11.763053158422167
20741,13.501040093703566
20742,15.503553988509722
20743,15.578659806754189
20744,10.868414618546439
20745,9.632981388506849
20746,3.086033862094297
20747,5.60212431341003
20748,2.6623114392729974
20749,-0.2215450792004674
20750,-4.325271670229419
20751,-4.662429064914782
20752,-4.353149666932346
20753,3.1376556548299632
20754,1.940953485759998
20755,1.4435314166742117
20756,-13.80843715838028
20757,-21.89004211079847
20758,-19.97128197881007
20759,-30.169228123307605
20760,-37.58840861315893
20761,-47.33472398186238
20762,-55.30482240017778
20763,-61.33957457668126
20764,-64.20917433017834
20765,-40.02992003956194
20766,-31.424477730031846
20767,-47.50223865403871
20768,-48.16458920963678
20769,-35.187803601544125
20770,-37.513552374211166
20771,-60.1126072416686
20772,-67.92664801476698
20773,-33.63496079292357
20774,-41.72950332836256
20775,-56.341617013693444
20776,-67.40954946214697
20777,-41.90645501583537
20778,-54.28556458514362
20779,-74.94790974598254
20780,-77.37497866059459
20781,-64.77268418332608
20782,-40.40465728488
20783,-45.394476592907225
20784,-60.306796373101704
20785,-44.670068370296136
20786,-48.27183083049675
20787,-33.833878498848094
20788,-43.732652658526604
20789,-36.26231140495051
20790,-12.194201193704295
20791,0.9886174167641002
20792,-6.451874684138435
20793,-5.373411220174493
20794,11.173966248066108
20795,8.44534701330258
20796,-6.533030360565764
20797,7.346076578667294
20798,24.540801822827063
20799,32.36316079921997
20800,41.102876560311756
20801,41.29995726002602
20802,43.600386421466965
20803,38.89618440312992
20804,48.734495896945305
20805,42.13085415022249
20806,43.22739877866793
20807,51.37474022714106
20808,36.423576901372186
20809,21.569194385645048
20810,14.517708013008715
20811,17.477626484909123
20812,11.732475680911463
20813,-0.5593771914576706
20814,-2.29663914096254
20815,-1.4500726500611023
20816,-0.7381036400902161
20817,-2.6537316992229734
20818,11.452192774558796
20819,13.423106287917989
20820,15.543061483926806
20821,13.621770441651734
20822,10.841324199935343
20823,17.35862723386674
20824,14.107474450861702
20825,12.321746346027624
20826,27.20222484227118
20827,21.486921073855953
20828,20.000491319570656
20829,18.625939709130037
20830,6.240618014856722
20831,4.033687916093044
20832,3.8234920188933756
20833,6.379508315336011
20834,10.545879695703903
20835,9.704714384749948
20836,11.780405491927368
20837,13.482934107057716
20838,13.406544880162727
20839,12.19367480683826
20840,11.517069068835696
20841,3.8056622823899318
20842,1.881080172965227
20843,4.837490735569617
20844,6.446875068651423
20845,-2.451351367924211
20846,2.7087464823539023
20847,0.3084095634041404
20848,-2.881731376511155
20849,-21.35547971319961
20850,-10.651301652002044
20851,-11.835056728103833
20852,-17.014500489986712
20853,-25.8463559767228
20854,-13.262647150632024
20855,-22.363790822419407
20856,-28.471729779570428
20857,-40.237075717876436
20858,-37.990933208157486
20859,-45.823118093936586
20860,-48.32145055155573
20861,-50.041979255954715
20862,-54.47832991387399
20863,-59.79541602262843
20864,-61.874443426008085
20865,-58.878631724155
20866,-55.67259567778561
20867,-56.354747606439304
20868,-58.643282842621346
20869,-61.55100586040621
20870,-81.83985352647846
20871,-77.93129194516763
20872,-66.00630497170488
20873,-68.07343597626647
20874,-85.2051129834548
20875,-84.47011116530501
20876,-77.45185098126143
20877,-77.50004453849266
20878,-73.77120991172298
20879,-66.4838006081987
20880,-65.5887157268087
20881,-70.18375147180889
20882,-69.63088493516233
20883,-61.74913739534287
20884,-55.084008999163075
20885,-51.529691187167145
20886,-54.30792848882139
20887,-45.30448882354737
20888,-33.49016211070168
20889,-30.776994083737673
20890,-30.15131034692042
20891,-14.115584610638283
20892,-8.949387682705723
20893,-14.383808434756194
20894,-16.9789025805141
20895,-2.936930446508427
20896,2.9301324458901945
20897,5.391310440594225
20898,15.454133865172167
20899,10.755718684577317
20900,8.641278148055477
20901,13.055515283799537
20902,8.534664163123253
20903,5.579555207058306
20904,-1.8553551539679205
20905,-5.686196591167555
20906,-10.568899403821906
20907,-13.099397663927864
20908,-14.556309872254264
20909,-20.027672660308514
20910,-20.50146334063642
20911,-21.405404639265655
20912,-19.800277983938415
20913,-22.344548461744367
20914,-11.989344113789624
20915,-12.912947838382049
20916,-11.897900285148122
20917,-8.344589840184934
20918,-10.045754288758989
20919,-12.548460506812237
20920,-13.896789302637504
20921,-13.802965335587263
20922,-10.493112920307844
20923,-8.600457070418678
20924,-2.3802005620034024
20925,1.0244170710072993
20926,-0.7721394971932369
20927,-1.5862134792601665
20928,1.4017241649365957
20929,1.6568455449309596
20930,6.966292104654883
20931,6.707733660600354
20932,5.998273494590933
20933,4.223229529720783
20934,4.1032770269730605
20935,5.966532838052572
20936,5.110389200943459
20937,2.8124709689441687
20938,-2.0523302790412146
20939,-1.9165615017800093
20940,-4.928908263058943
20941,-10.77183831176809
20942,-9.935119554237072
20943,-6.905995291776488
20944,-15.846361511223222
20945,-38.461745634621366
20946,-36.68756985889031
20947,-45.614374985004176
20948,-54.943372782604044
20949,-63.766747255596314
20950,-52.73641345613456
20951,-54.71222695337215
20952,-67.81894321729368
20953,-80.84178168121645
20954,-75.06193571466004
20955,-91.63565523451372
20956,-92.97411114098442
20957,-104.96740137501867
20958,-107.85193516111806
20959,-106.36841180413805
20960,-109.98313986662882
20961,-111.23313999046857
20962,-103.21016147989373
20963,-95.81838781138983
20964,-96.01266891454118
20965,-95.86183214683554
20966,-109.53927504937654
20967,-110.20887875049452
20968,-105.75998340055882
20969,-95.22467844183744
20970,-107.74359045647786
20971,-100.62408080706444
20972,-99.78756325171582
20973,-91.04463567368407
20974,-87.20122107880394
20975,-88.27968227744981
20976,-76.675294506419
20977,-71.10672832774986
20978,-74.69460512998687
20979,-70.44543712764316
20980,-63.579478924933696
20981,-51.98324196888693
20982,-67.03536896657059
20983,-53.54106000340445
20984,-43.80938172102597
20985,-33.22354137848984
20986,-35.28938210212032
20987,-26.948323816731538
20988,-26.663578359612863
20989,-14.906323202896822
20990,-20.650339680323825
20991,-8.978691331599787
20992,-11.925563078419017
20993,-0.8194763107762952
20994,3.8378044630966173
20995,7.092606800610994
20996,-3.127980679527539
20997,-6.403728789520091
20998,-3.7391809130673437
20999,-8.329008452715296
21000,-17.128836961454994
21001,-26.185525140790503
21002,-35.83690784531189
21003,-42.05730993468524
21004,-39.458396785282396
21005,-46.13268294921602
21006,-39.58234997328893
21007,-43.21664689915136
21008,-33.21780952342158
21009,-33.59522377696038
21010,-17.629976687601115
21011,-12.875497156972912
21012,-6.635677381040079
21013,-9.694921136919856
21014,-15.275074197945877
21015,-18.611410812407136
21016,-17.193929917997387
21017,-13.500198377835993
21018,-6.141830577907999
21019,-1.4393390800180725
21020,-0.2742193823995649
21021,2.461975555758727
21022,19.612114915908762
21023,20.756171060408775
21024,23.60270663623794
21025,22.234887202448448
21026,25.772689673700867
21027,23.680140282279538
21028,19.9544470774852
21029,23.909216655372248
21030,24.219533575491525
21031,18.316150077944016
21032,18.869106600997455
21033,16.92000007678432
21034,16.036180181008206
21035,14.171533257994042
21036,13.507602154915588
21037,5.829993153941047
21038,8.10951775509939
21039,10.925788793772469
21040,-2.5373203062545855
21041,-18.114054114528997
21042,-23.038873778183103
21043,-28.828486078955933
21044,-29.175505878817376
21045,-32.706148850257875
21046,-17.286655545257638
21047,-20.098125063728013
21048,-27.295869815494704
21049,-46.22138129922837
21050,-46.324490649462916
21051,-47.07277359122048
21052,-57.09643671301035
21053,-60.026838820097794
21054,-59.34171251834199
21055,-62.31331969415653
21056,-52.94859232910723
21057,-46.58087724043038
21058,-48.03128686303734
21059,-46.69194906915919
21060,-40.32101447002111
21061,-41.823662827620524
21062,-54.609115702068124
21063,-54.48371052386554
21064,-54.15954933759437
21065,-52.96566239652881
21066,-52.760536902903866
21067,-40.91939446906046
21068,-41.98847469063882
21069,-44.487109407645434
21070,-44.873288715035585
21071,-27.44608264740605
21072,-12.73369034952372
21073,-12.414224824311525
21074,-23.35854196280119
21075,-22.250457780336696
21076,-18.35239527427641
21077,-17.514039622412362
21078,-28.723284787176752
21079,-25.58755293020114
21080,-15.056876412674583
21081,-9.697755721683237
21082,-5.646459861830561
21083,6.3820779359569
21084,0.6748218894685607
21085,-9.882643401332512
21086,-14.337163570668878
21087,-7.068223645818453
21088,6.817546076788375
21089,22.56874988686738
21090,12.932763782581631
21091,2.3072699323413843
21092,3.6435758328845083
21093,16.165924730017892
21094,37.168684911640085
21095,45.118516283032605
21096,41.01415423255109
21097,22.79494731746378
21098,4.007791454169251
21099,-8.91289651491115
21100,-11.591534937611577
21101,-13.062080391463518
21102,-2.336254927933723
21103,-2.8550728081918777
21104,-3.3507023245350496
21105,-2.3333438413903167
21106,4.711301906656644
21107,4.090381458698914
21108,4.807334499308951
21109,8.259401682889774
21110,6.092076089861834
21111,5.409898204800399
21112,6.079094736115948
21113,6.592416581898945
21114,13.338101612266655
21115,6.832043744936158
21116,7.966801748288447
21117,10.592482662726582
21118,12.984484625052389
21119,14.172053365907132
21120,15.243559955857293
21121,15.614654853546241
21122,17.95682321445679
21123,19.003839640280177
21124,20.203787072308813
21125,12.108051248248131
21126,8.340369717988523
21127,10.24930838933119
21128,13.61084196033849
21129,4.997286078361952
21130,1.4912016098317764
21131,0.5628222617701368
21132,-0.6120865739156471
21133,-10.638224571329616
21134,-10.302534817970642
21135,-13.714918812700038
21136,-15.214416021380888
21137,-21.262450051811957
21138,-11.301638518093075
21139,-10.075514846221484
21140,-7.673192964286972
21141,-15.485412629511092
21142,-2.337041786961592
21143,-8.806675156358903
21144,-10.28448439882997
21145,-17.27427600149694
21146,-6.244455051362582
21147,-5.943127311209157
21148,-7.7266403360341265
21149,-13.421910869131029
21150,-16.787179509085863
21151,-25.91561239599466
21152,-29.690226684517288
21153,-33.97879166106739
21154,-33.529756874409955
21155,-40.00971257239816
21156,-39.49477015473981
21157,-39.125718408707954
21158,-64.78140891526702
21159,-64.34782501305948
21160,-45.55269580229292
21161,-36.511430183076456
21162,-50.59013977251118
21163,-47.21281864071818
21164,-49.359572069931005
21165,-60.82490599143142
21166,-61.811782391116495
21167,-56.8778802757753
21168,-60.02770064056297
21169,-56.713407797896835
21170,-52.88038579157722
21171,-37.429574995618616
21172,-34.50706767213767
21173,-19.194922625078327
21174,-34.04659637755171
21175,-25.834057851788515
21176,-19.769125225200042
21177,-19.745528454461777
21178,-7.543189302260881
21179,6.786956461320585
21180,7.886381439712977
21181,9.390501650509009
21182,-2.9194448789697134
21183,8.55892832987361
21184,7.056279401038083
21185,19.75080380408498
21186,22.019503911801195
21187,28.711218570712333
21188,26.68966034287257
21189,28.61268736921238
21190,21.024188820716887
21191,16.453165268733443
21192,7.045551699420145
21193,2.1930646516646277
21194,-2.5578925437095705
21195,-6.789622548149691
21196,-9.696136148106074
21197,-19.37113866845011
21198,-20.471514290735463
21199,-22.763329322628415
21200,-24.526878536981748
21201,-32.111360806023306
21202,-29.289512721978202
21203,-31.071657252993862
21204,-31.15915348066618
21205,-31.296360764900715
21206,-34.704733412130054
21207,-34.3787406486625
21208,-33.68137064874263
21209,-35.77378549352758
21210,-23.363914933707477
21211,-22.74612074228584
21212,-16.435341502821046
21213,-17.829738860355604
21214,-20.817227068696386
21215,-19.58416978203117
21216,-17.778398956539608
21217,-11.87255516368609
21218,-6.290073737391811
21219,-2.765318537848131
21220,-5.228968777998958
21221,-12.658285575359901
21222,-14.41156660607093
21223,-18.075872758058477
21224,-17.732528458436473
21225,-24.323883286571256
21226,-24.188755086707374
21227,-26.7337106894729
21228,-34.75697791500971
21229,-37.3549663545885
21230,-51.91039618096286
21231,-53.058768384538624
21232,-52.458070059357695
21233,-42.51786092938745
21234,-40.1159457690226
21235,-37.3955412225682
21236,-39.121799933032065
21237,-43.76622065403424
21238,-28.122557978705256
21239,-26.472064066832754
21240,-26.653163993726988
21241,-41.39947312918056
21242,-39.04759607742662
21243,-62.153917845913924
21244,-70.94263122791565
21245,-59.33042584666637
21246,-56.51624333442764
21247,-61.08910437502071
21248,-63.21267862579565
21249,-32.11575435439998
21250,-81.65507835156129
21251,-100.90901967799667
21252,-85.33436734642376
21253,-20.476057905206662
21254,-65.40275002532417
21255,-95.02209043892276
21256,-70.73618006903882
21257,-7.931479287299457
21258,-17.88392509459545
21259,-29.68726233123841
21260,-38.17303147578174
21261,-26.805956916804814
21262,-52.65583942065061
21263,-40.29459818981783
21264,-29.1534238904301
21265,-20.148913414196183
21266,-16.469542352945275
21267,-29.734860696906203
21268,-26.276287458238706
21269,-22.26274174262648
21270,-11.143003055183488
21271,-1.417767282224176
21272,-30.235926861934203
21273,-57.186251588369984
21274,-42.01878324744651
21275,-3.0345497601870335
21276,-10.34114901024709
21277,-31.2801054418215
21278,-21.42641230980286
21279,17.556657522922876
21280,25.13722363506315
21281,31.922966233460613
21282,51.58649509334441
21283,53.78180253676669
21284,38.00408825955449
21285,55.816290172990534
21286,65.60003944402446
21287,62.57804966139203
21288,39.49776637983713
21289,25.932126350930375
21290,32.273012347392324
21291,18.11288361470085
21292,8.500367673423085
21293,-3.8997619380572814
21294,4.290929541119922
21295,0.7697505566978151
21296,0.7056908545548097
21297,7.993167412844812
21298,25.022561180564367
21299,17.932339535869858
21300,11.954702532372664
21301,8.30400095594112
21302,3.7112265228954726
21303,9.071515583611031
21304,18.522811849867523
21305,22.87337880967759
21306,25.56193788365576
21307,15.447087488247831
21308,14.41356810628929
21309,12.46450016224577
21310,26.182810855510937
21311,19.814161459407657
21312,13.10066979556565
21313,13.941408803064732
21314,21.544329305888027
21315,20.354988222261227
21316,21.172387532788605
21317,13.084681741314569
21318,8.49089019302859
21319,7.586737712720392
21320,6.090436872011409
21321,2.432231537628084
21322,-1.0720634994171547
21323,2.4071462821874405
21324,1.2907363775643574
21325,-2.4333802716846407
21326,-11.624450969217932
21327,-25.518908170165545
21328,-14.945581740933974
21329,-0.13567486945709106
21330,-9.21725689735349
21331,-20.35915914442488
21332,-32.93693492400739
21333,-36.151465544464585
21334,-24.491251116735164
21335,-27.509714537318025
21336,-47.956939910673896
21337,-67.29465314004113
21338,-75.06423535782368
21339,-82.85924895137951
21340,-103.13791054621562
21341,-104.49529707164704
21342,-102.28875577332596
21343,-99.45451331439185
21344,-79.66080465071244
21345,-63.638012598417475
21346,-65.04577491609389
21347,-87.0835502104381
21348,-90.84921049477954
21349,-68.6624930045091
21350,-80.18895151859225
21351,-86.90727280978034
21352,-84.94675172142472
21353,-53.885851322061555
21354,-37.05633463316473
21355,-38.42584455610005
21356,-39.7728784676326
21357,-65.28962149516103
21358,-67.54680565658265
21359,-60.39296620816219
21360,-64.97603538114919
21361,-56.492528409819045
21362,-60.17148365279665
21363,-73.34695425575926
21364,-86.27727731429131
21365,-99.71701686508429
21366,-73.06274554453691
21367,-56.23908922637381
21368,-70.85339972370073
21369,-113.5241324383517
21370,-39.171495623685864
21371,-16.329434717148438
21372,-44.66965284679695
21373,-98.5515723804508
21374,-43.684020539412856
21375,-3.6706695437352863
21376,18.804112369593568
21377,19.643787304581124
21378,53.40266437554975
21379,52.20108492785276
21380,52.573049728947254
21381,44.01767383040304
21382,42.63811710075478
21383,33.299391330095176
21384,12.602637617120052
21385,-1.0273196124290678
21386,2.0856508263063347
21387,4.033577294176922
21388,1.48112282721587
21389,-4.169644839209354
21390,7.924118641185743
21391,0.19676725001679074
21392,0.7901664582026058
21393,-0.33707621099551943
21394,13.033597010995337
21395,8.518241577425684
21396,6.3878944915823155
21397,2.4411684369161293
21398,-2.5132611405843335
21399,-1.984362319470037
21400,3.695654605565565
21401,9.602296600544221
21402,17.11370817704605
21403,14.560411001703727
21404,11.669130022296002
21405,15.20315101211267
21406,24.1719139206715
21407,17.358729683908933
21408,15.71222905216925
21409,14.400637389737454
21410,20.165725357479104
21411,19.847824190150163
21412,21.794044915557535
21413,22.55825679564869
21414,15.303992037954487
21415,16.33761085229176
21416,15.864752238657616
21417,14.390239255870753
21418,9.625085138894434
21419,14.413703189522707
21420,18.574816442695237
21421,17.365741611050296
21422,14.181679711709776
21423,9.908013666116872
21424,10.32674140543746
21425,3.0921104540509177
21426,-7.846264251536006
21427,-13.553111269760016
21428,-24.81137938761571
21429,-39.26277384163391
21430,-34.005457435651536
21431,-46.875184624515626
21432,-59.21494764089
21433,-76.27519464454947
21434,-82.15972684634895
21435,-97.49441218711257
21436,-91.40667443987462
21437,-72.77762704282532
21438,-75.59997984103227
21439,-92.21068799521304
21440,-86.58398194114794
21441,-77.26701399484419
21442,-83.0649016439894
21443,-84.1347119632496
21444,-73.03658678846469
21445,-71.61221719757194
21446,-99.65502498815567
21447,-115.20510518455177
21448,-92.12885589028502
21449,-62.80052467359894
21450,-64.8419360831939
21451,-45.68029217754315
21452,-56.44363761972562
21453,-65.3322319102329
21454,-77.8427264121275
21455,-70.17677206343298
21456,-72.08997205770272
21457,-77.19290332037095
21458,-77.0529926362832
21459,-61.81757198024002
21460,-69.73071631744617
21461,-71.91068161590209
21462,-62.83746795382997
21463,-50.585785880350905
21464,-56.134369828362885
21465,-47.7283935936404
21466,-18.441530778287927
21467,-1.052578739075983
21468,-10.718771896531994
21469,-15.290049011841973
21470,-6.380660838752242
21471,8.16043273474125
21472,8.443250676012383
21473,16.016803576896137
21474,24.144303615795025
21475,26.026201090170503
21476,23.749707916906033
21477,18.830924540819467
21478,16.52952362293466
21479,13.924757141726744
21480,-8.59896585377792
21481,-19.351595631193113
21482,-9.780248331902456
21483,-15.379649184509859
21484,-28.87546415385758
21485,-41.905176056477146
21486,-20.076127918464078
21487,-14.45009914534064
21488,-15.910640697902675
21489,-18.717290376339417
21490,-2.038616368635637
21491,1.1750061360049315
21492,2.2127113201126534
21493,9.589907573815083
21494,8.78708456364717
21495,13.13384507135737
21496,9.550487022471344
21497,9.14063087075047
21498,20.454798629563683
21499,15.754321748954695
21500,16.048697185912218
21501,18.995921043352396
21502,6.435046114259421
21503,3.2526392603287206
21504,3.398734722587875
21505,7.498989721565465
21506,13.192847442406517
21507,8.740859445355866
21508,6.339805412538865
21509,2.15330877418468
21510,4.222614776603763
21511,4.529528453223207
21512,11.427647149671344
21513,6.2400154923028595
21514,1.6976631153234223
21515,-3.6783024095603523
21516,-1.1771701880753014
21517,-4.459771491994921
21518,-3.892454126762132
21519,-20.675622358195834
21520,-13.307265930318533
21521,-18.41714380445894
21522,-13.925237568614275
21523,-24.51146841335648
21524,-40.555022579417226
21525,-46.12413641455336
21526,-24.575994667567574
21527,-22.672977206784385
21528,-36.96195726584729
21529,-56.83764718095456
21530,-60.94077250257462
21531,-61.48142282457317
21532,-81.40818230872478
21533,-80.1920991908265
21534,-79.62490357266687
21535,-97.29194773214873
21536,-88.25256827201643
21537,-82.27453252650632
21538,-81.185036140341
21539,-86.11654898606562
21540,-89.80927206326729
21541,-80.93869149575815
21542,-99.04411668152841
21543,-100.2350740111604
21544,-97.26533606477881
21545,-91.20711054790587
21546,-96.21041668933071
21547,-94.29601574542393
21548,-91.62995072348396
21549,-80.00080851457773
21550,-80.34846784316495
21551,-76.69067717630436
21552,-70.26033209564174
21553,-62.37496659388724
21554,-60.14597765966397
21555,-52.029286808361064
21556,-51.158398486937756
21557,-53.46365258238268
21558,-48.979591085242404
21559,-39.24811244696319
21560,-25.454883132714468
21561,-28.38592519687317
21562,-32.229403670360405
21563,-20.935027509149855
21564,-15.30053216454224
21565,-14.254755724074645
21566,-15.259798236234015
21567,-5.660366788786117
21568,3.934707869309193
21569,-1.7433539667199511
21570,3.118081321938149
21571,6.033997706491249
21572,-0.2259448663276089
21573,6.328695473529194
21574,0.9815338725186535
21575,-10.92147756464983
21576,-40.016135461250414
21577,-59.68253853904132
21578,-60.26136934373558
21579,-61.65617809113054
21580,-63.77307145362464
21581,-75.2342040040909
21582,-55.167727657916785
21583,-43.47632755000889
21584,-32.99140443330556
21585,-35.629013078717136
21586,-16.615916138750375
21587,-14.858866126300878
21588,-12.492513966727099
21589,-8.911162481616653
21590,-7.822327057896505
21591,-1.6493800325959
21592,-0.8985069522446452
21593,1.6113823561118465
21594,1.0017585379002085
21595,3.995770233269731
21596,10.31422395610565
21597,11.947422515180989
21598,2.772096114549001
21599,0.014753063392859644
21600,5.6903636283448265
21601,12.100962423612785
21602,18.53503622508771
21603,12.405318952252514
21604,15.722678427682212
21605,16.218785691954622
21606,17.345323490348434
21607,17.600884590340613
21608,9.311562957354013
21609,4.585302335465784
21610,0.3109720418978128
21611,4.188130074473392
21612,2.8777733645676307
21613,-1.474251616494044
21614,-10.284382610964453
21615,-15.048283943839294
21616,-4.8251338296054485
21617,-13.152440372777846
21618,-4.306351407040452
21619,-14.048807285293051
21620,-21.33625447088143
21621,-27.038116377213456
21622,-7.0914475856661205
21623,-8.038389825864986
21624,-29.448195901931264
21625,-51.559403692968374
21626,-44.33139975845991
21627,-60.46663446621814
21628,-56.40589880710304
21629,-84.11653135433728
21630,-87.6267193167337
21631,-92.91553128588313
21632,-101.69614527607646
21633,-96.2452914781343
21634,-97.18794315332947
21635,-88.52572394077312
21636,-95.41571674201221
21637,-92.98215712074996
21638,-108.16192080322217
21639,-103.33153189217761
21640,-92.225367563277
21641,-88.4310485107652
21642,-95.62718168938528
21643,-95.50576705929774
21644,-86.1173753473726
21645,-87.4041070935783
21646,-87.27843382611707
21647,-85.8130626986947
21648,-74.57969959228927
21649,-68.41408183741925
21650,-48.046178218929796
21651,-29.80582705741186
21652,-37.051447603217966
21653,-53.40774490039216
21654,-66.19287517081071
21655,-55.75626662943611
21656,-44.880317656743586
21657,-27.59443288874635
21658,-25.811200958319823
21659,-22.86621342287014
21660,-23.56429405637555
21661,-22.4415422918376
21662,-24.83239281904507
21663,-7.9785786770779445
21664,-9.143754774946768
21665,-22.460271730658675
21666,-42.053831722732575
21667,-50.98396752078064
21668,-42.83478078044396
21669,-13.95936196769565
21670,-2.176311279395776
21671,-47.76874020076812
21672,-74.28317866735384
21673,-43.640672793428394
21674,-40.05661193740685
21675,-81.7341402498464
21676,-80.65838373863718
21677,-33.22415007689947
21678,10.64462542363043
21679,-2.1323528280916833
21680,-6.096459392148578
21681,-10.077197510119422
21682,13.891430177139526
21683,13.17725796199106
21684,21.29962411000919
21685,31.317450026185654
21686,16.279677946574267
21687,-11.710179084855461
21688,-8.796399517887142
21689,51.668040675887354
21690,82.59732675323328
21691,72.69614516079498
21692,44.259041062823215
21693,26.63484553287725
21694,25.23176901177203
21695,6.691494051427696
21696,9.83221469561127
21697,14.823717613704076
21698,19.270179156416404
21699,19.310775267983004
21700,21.891827744808992
21701,23.181280393262696
21702,29.23666447281279
21703,29.356540347019873
21704,22.529410379344696
21705,9.1441220056562
21706,19.414728401875266
21707,41.2985992335565
21708,39.208092553223
21709,4.873360668420418
21710,-4.629326664063868
21711,9.363164700620857
21712,11.900833027097448
21713,-3.3450025332307263
21714,7.2510633572241545
21715,4.115377020886228
21716,-5.6232407837807195
21717,-23.27954048151568
21718,-9.241513948633521
21719,-8.043348968927287
21720,-12.324251619442911
21721,-24.177866045310672
21722,-13.903673175377207
21723,-30.031122489279085
21724,-44.0374795899495
21725,-53.35457536571812
21726,-57.394506342201126
21727,-53.07243388555294
21728,-40.66484067628933
21729,-39.08444519163977
21730,-44.32505035108335
21731,-44.68748486697092
21732,-47.08892203622969
21733,-52.241833243560905
21734,-75.11302801097699
21735,-66.30526990328556
21736,-52.66227662068579
21737,-55.87560737926631
21738,-62.192286740248264
21739,-51.691254380548045
21740,-40.95920245436245
21741,-36.05674040493617
21742,-31.770207926079586
21743,-25.349655718491412
21744,-20.67008756377492
21745,-27.21736878384649
21746,-33.443713260409574
21747,-24.060919340885427
21748,-20.53538823229477
21749,-17.334596864787308
21750,-31.964978569693884
21751,-32.422156499613166
21752,-19.76874312609256
21753,-11.278222732685506
21754,-8.846099711258244
21755,-1.79582478343427
21756,-4.91689984443768
21757,3.7264408559137934
21758,5.47857734212954
21759,13.83465963877282
21760,18.542920997696484
21761,24.92235897723853
21762,18.480623507261683
21763,13.052396047544605
21764,17.657701528516995
21765,26.39290452101416
21766,23.45466809553004
21767,11.111185646441058
21768,1.5964519898516443
21769,9.440207468787364
21770,9.402813911992496
21771,0.6851540749067908
21772,-9.503131753492536
21773,-15.987704578429906
21774,-3.588353499464162
21775,5.117458082394492
21776,7.843194234120531
21777,4.014756913206284
21778,11.455387117857214
21779,16.661909342533903
21780,15.714593648482435
21781,9.52505785914343
21782,-5.3113838906979645
21783,-14.674022879253478
21784,-1.9007472215367471
21785,27.015687011766815
21786,19.273410050938537
21787,10.957037500370717
21788,0.49919699668450335
21789,9.35479688158324
21790,8.95559323947053
21791,3.483108817797884
21792,12.721905590595142
21793,16.046588230857722
21794,15.097655961643028
21795,9.85922664212896
21796,8.0429901148145
21797,8.829175581900756
21798,0.9146500879029986
21799,-0.4810962810495596
21800,14.820923844761438
21801,0.705669374122408
21802,7.308154156882765
21803,10.262221563434437
21804,-2.572851854358234
21805,2.4262750441443615
21806,7.794439740675415
21807,-1.8406704700740306
21808,-2.511483854289395
21809,-15.583345164833364
21810,-6.725241035933028
21811,-13.958081147321924
21812,-21.985025627204738
21813,-34.81489845266741
21814,-22.856181479987765
21815,-27.636994301084354
21816,-29.920034086661143
21817,-45.08235932847843
21818,-45.479032703373846
21819,-55.25535922560444
21820,-56.92383098918312
21821,-63.92580276760806
21822,-59.60358306493865
21823,-72.74436882586244
21824,-77.01017216322552
21825,-74.77411500800972
21826,-75.84491457734983
21827,-74.35237554523577
21828,-61.42663119936272
21829,-58.47824948779994
21830,-87.13285166584983
21831,-84.46787235134904
21832,-74.17508064005789
21833,-70.22333293892454
21834,-84.99526788838608
21835,-88.89124796852582
21836,-72.63073108968376
21837,-67.43638123227095
21838,-70.76497919510747
21839,-67.08868174261609
21840,-64.0952582807653
21841,-62.72511612636244
21842,-65.27943578869626
21843,-67.51841040746505
21844,-66.53481028841354
21845,-66.38549036097349
21846,-55.68926131374795
21847,-41.93068596213695
21848,-46.583917095485475
21849,-50.07498693417679
21850,-50.780124153672546
21851,-20.81871267687677
21852,-9.832801470468038
21853,-5.588690828686136
21854,0.8482844408629404
21855,12.445424277642203
21856,15.80566768397297
21857,19.485566686383024
21858,26.969575163677774
21859,34.30816138266613
21860,29.656776501938054
21861,25.746973782268043
21862,21.869151217083612
21863,6.678084209545517
21864,-15.57545219960912
21865,-11.258202330602305
21866,-7.118623778214879
21867,-7.075293538818766
21868,-15.364473954009195
21869,-21.983807722698952
21870,-19.79207410875558
21871,-26.574902437530177
21872,-28.626525539447563
21873,-27.599687251978118
21874,-7.099901269168232
21875,-0.7930058455610691
21876,-2.8569900235896313
21877,-11.230121614398218
21878,-13.975125771076303
21879,-11.117951087301176
21880,-10.051738547977177
21881,-11.231594999980526
21882,11.058122712466073
21883,7.6597815105005935
21884,7.237575573414475
21885,10.476283537033837
21886,12.070081677270537
21887,4.490766488682908
21888,1.5225500276927164
21889,2.965494536298678
21890,12.555560543868765
21891,14.422198034053636
21892,13.561705068144093
21893,7.796174793967353
21894,4.711313676108588
21895,8.704938612796994
21896,16.75298799379668
21897,16.48546826272876
21898,4.006531251828875
21899,-2.768047965867055
21900,-11.568608768103815
21901,-18.38986774649962
21902,-16.7359236889253
21903,-25.012596261237594
21904,-18.01396843300019
21905,-20.861551057782965
21906,-12.560279949622245
21907,-26.09686715899088
21908,-40.45588044168218
21909,-52.60564764918402
21910,-42.732658216019956
21911,-44.4973953457401
21912,-42.428274290915624
21913,-55.76977456303783
21914,-62.0642731150339
21915,-79.40805910991483
21916,-94.38321520254848
21917,-106.69659329191794
21918,-102.31083146277983
21919,-103.74934797940146
21920,-102.71403703774529
21921,-100.41442201870403
21922,-92.51020361378349
21923,-87.57448688615912
21924,-67.77009579054126
21925,-53.8336861069823
21926,-62.5396045014877
21927,-58.10768919794879
21928,-50.37976988223875
21929,-46.86752340025441
21930,-48.82931164164354
21931,-42.606412003231824
21932,-39.950844682727805
21933,-27.687895440227134
21934,-30.2849353986019
21935,-38.70829758447425
21936,-33.56064813937021
21937,-25.10428269232224
21938,-20.441722983583368
21939,-6.427298951048506
21940,-7.0673253616258265
21941,-13.79566558616876
21942,-17.65950415489668
21943,-1.5831961412684876
21944,3.3054711357955426
21945,0.22787248608945276
21946,3.003365947352094
21947,9.919028771452176
21948,7.294505051716939
21949,18.618659801370697
21950,12.442875782811143
21951,8.882172680767098
21952,12.119457956144231
21953,24.35374747479051
21954,21.854576865970458
21955,24.33883834121194
21956,27.384940839691936
21957,29.049215617017992
21958,24.325880231929673
21959,12.55024163767736
21960,8.138089909873244
21961,11.43622748624837
21962,9.083483409083073
21963,-0.6485188319758777
21964,-7.4274281101562245
21965,-10.32185667097971
21966,-7.704196354851909
21967,-5.511962074106059
21968,-6.457545514194543
21969,-9.722494741624722
21970,1.3490372903590355
21971,-1.7664007667756891
21972,-1.6220771106186476
21973,-0.11980428382261721
21974,-7.361332002750498
21975,-11.892935478990022
21976,-12.176314052936288
21977,-11.704961806545281
21978,9.689943748609522
21979,3.591197846906084
21980,1.64700616615076
21981,3.379909783443452
21982,12.850538378856939
21983,14.387067394823603
21984,16.288723502700478
21985,16.469628051352615
21986,19.58490710125932
21987,17.498332750561445
21988,15.555867618178553
21989,18.71241311448577
21990,18.70535849949995
21991,17.694315509205026
21992,17.641916368527248
21993,9.507408298909198
21994,4.315515040225918
21995,-1.8303655961900773
21996,-5.417419764544558
21997,-2.662084421836383
21998,11.25169492222156
21999,13.093828797184557
22000,-6.1132309238826075
22001,-9.781976179123458
22002,-6.623757363860374
22003,-10.606302024739858
22004,-11.766478147732599
22005,-19.003965496896782
22006,-9.069650860593246
22007,-15.847551049296634
22008,-16.973644063710488
22009,-27.571924996520046
22010,-17.947412332941198
22011,-23.887036692147618
22012,-32.54607297911407
22013,-39.2897666511778
22014,-32.8252613786822
22015,-47.166641038800066
22016,-51.740385180162235
22017,-48.66895730575962
22018,-37.47705875223234
22019,-42.2408649771548
22020,-34.7389389943764
22021,-35.862268719734416
22022,-56.64761312879692
22023,-59.572586600175995
22024,-55.65478662508444
22025,-44.570526163681095
22026,-50.46264377482821
22027,-52.843748961682635
22028,-46.30597284850056
22029,-38.95208497192822
22030,-36.562485665830486
22031,-41.85422701699742
22032,-35.57351782982398
22033,-35.363024560218555
22034,-36.227799909857524
22035,-33.5269000027922
22036,-36.03637522287151
22037,-26.207641764863624
22038,-31.75245909383298
22039,-25.006674409854522
22040,-25.022313150594837
22041,-18.27203578910277
22042,-21.751657692634858
22043,-12.165497693572938
22044,-6.3969017340542
22045,-6.327992361119801
22046,-10.015923263587222
22047,-8.400704231715093
22048,-3.5084659326941363
22049,5.1435483876070265
22050,11.283036432220129
22051,14.555577938975759
22052,3.4657495192169137
22053,7.964652275627529
22054,8.971501124588116
22055,6.787416932121232
22056,1.2706774146827513
22057,2.6148434309304207
22058,2.4077125634987055
22059,-6.303265543947081
22060,-11.810155268701585
22061,-11.702249019874763
22062,-3.068210290509228
22063,-6.449374090084863
22064,-7.1555238093938875
22065,-7.556652740815654
22066,8.072733760385276
22067,4.764284804852693
22068,6.056360826756631
22069,5.314342543115018
22070,-1.3551474358798004
22071,-6.8096200999984156
22072,-3.3039869261412917
22073,0.31572848826014877
22074,10.379095134100425
22075,9.60849728937697
22076,7.131138001308216
22077,9.126208897519433
22078,22.203252120511507
22079,24.17678692412659
22080,20.838473213523542
22081,20.248186610126936
22082,23.323275556818018
22083,22.5844187611862
22084,23.84477207245827
22085,23.309467573664094
22086,18.93702274687206
22087,18.278841737835194
22088,18.234763788407776
22089,16.470446287138458
22090,12.082197490570792
22091,10.473309418943657
22092,10.028091827847675
22093,9.142632554439459
22094,15.608976646646013
22095,12.670541990014684
22096,4.741314075421094
22097,4.065556816004765
22098,8.396509789237598
22099,9.657105955073348
22100,4.1230268725857755
22101,-1.3811858297950934
22102,14.40343715519667
22103,8.236007727560022
22104,7.181063215039799
22105,-0.26212242131136065
22106,9.060754302093159
22107,3.2928710595284016
22108,2.4412859547804047
22109,0.5083973630012864
22110,5.800300587761043
22111,0.306203831430615
22112,5.041663588756613
22113,9.190396101865204
22114,15.864402515055417
22115,9.416187387949577
22116,10.80679478014875
22117,6.617466906353826
22118,-17.508740363125064
22119,-17.327847802591798
22120,-10.485096153256443
22121,-5.249553593057776
22122,-20.71218564012719
22123,-22.865572763757996
22124,-15.924087409179776
22125,-11.496470608728941
22126,-15.562260967179455
22127,-18.723827960526435
22128,-15.618676460308976
22129,-9.933273888960414
22130,-19.08568470689198
22131,-13.083177539592608
22132,-10.60296066031037
22133,-8.241524140099212
22134,-13.15561412508763
22135,-8.329901074244791
22136,-9.143875568650376
22137,-11.231693973750517
22138,-16.90075939882132
22139,1.504011682081881
22140,1.7181346554990853
22141,-1.4909784248100095
22142,-5.685653073288925
22143,-2.735516041756476
22144,-10.136013872878657
22145,-13.3703802919866
22146,-6.933049354947315
22147,3.4218627490964195
22148,3.296446591728511
22149,11.446969283499243
22150,12.985383856593884
22151,5.287405442711261
22152,-7.16597398577003
22153,-1.2628592766842317
22154,-0.46136898821696093
22155,-4.896299644509739
22156,-11.888771341295538
22157,-9.968746540148643
22158,2.4128348704985996
22159,0.9495298343459666
22160,-4.074383827916094
22161,-5.905104013677583
22162,10.42052609747438
22163,13.865863733119738
22164,16.10370628550291
22165,16.03897430723586
22166,7.2151844247074735
22167,2.221494855604277
22168,0.9137446808042853
22169,8.353663816069599
22170,17.30720473901023
22171,12.119875185519291
22172,14.502277690826716
22173,21.018324658687575
22174,10.889349159393106
22175,7.145057001506984
22176,2.3903789256528114
22177,3.1341960688651227
22178,7.777185321694773
22179,10.999811647078545
22180,9.876579634610934
22181,3.3228345103145926
22182,5.916935614569326
22183,7.979177867944173
22184,10.921430880251194
22185,5.907635024445057
22186,5.103147339143646
22187,8.343660913731867
22188,12.264149519630763
22189,7.653878022858208
22190,16.974310782509335
22191,7.315369479612812
22192,2.1977338329120784
22193,-9.354471714186428
22194,5.857965464719797
22195,3.584031006310653
22196,-3.3455645438488943
22197,-8.00270614433185
22198,3.4042620207252554
22199,1.6428185022137853
22200,-10.345722083826349
22201,-25.80416299791374
22202,-23.050148160053222
22203,-35.93683613741817
22204,-40.754678071362235
22205,-42.523630195817276
22206,-42.3923790552398
22207,-52.96061349103029
22208,-47.94458554212365
22209,-47.85919595887974
22210,-27.021615950497075
22211,-26.82054017727577
22212,-28.746456707393204
22213,-23.155437559524184
22214,-40.63502766509691
22215,-36.464593960680304
22216,-28.028468511183174
22217,-20.948504871368467
22218,-38.6086861318214
22219,-35.89706074421929
22220,-37.56305749116433
22221,-34.32498404045692
22222,-30.73641118867467
22223,-28.894205757336824
22224,-28.97957539752618
22225,-23.909109831672158
22226,-34.723427551968086
22227,-30.27681586247968
22228,-20.438701443374725
22229,-25.35928497522309
22230,-30.594271655321204
22231,-19.601626331220228
22232,-13.11428248490078
22233,-10.699767318710467
22234,-14.112664394654022
22235,-6.9630122274388135
22236,-3.902053892407423
22237,-1.7170822014537066
22238,-5.3685827242689435
22239,-3.219271569313264
22240,-1.9567236855442331
22241,6.194691605144612
22242,6.58082024738269
22243,6.643215688115561
22244,3.7005652791389423
22245,4.66996040381747
22246,-2.4677671092588724
22247,-7.947124815608344
22248,-13.747995558163478
22249,-9.6263996252362
22250,-16.311546330232336
22251,-20.694706255034266
22252,-25.245524600403446
22253,-26.55670633549632
22254,-24.780425113532672
22255,-26.37193978072962
22256,-25.655781400959697
22257,-27.61265543945133
22258,-19.702502982449655
22259,-23.03026932667424
22260,-27.32443223406474
22261,-26.515811983935006
22262,-29.199193118737927
22263,-30.021337962666056
22264,-28.788056016864207
22265,-23.832167189297028
22266,-14.464753590844417
22267,-17.428713390150357
22268,-17.412763475985052
22269,-14.396833662344697
22270,-13.267635759770414
22271,-10.280332475508668
22272,-10.306552349376755
22273,-9.643499842710224
22274,-0.3664759506220605
22275,1.0259420270320732
22276,-3.8798612582404246
22277,-7.248733569647666
22278,-6.2034928866881
22279,-4.554216691677183
22280,-2.9328091367158464
22281,-1.0457612490636023
22282,-4.016870249778336
22283,-2.8076793994070357
22284,-5.477363173015544
22285,-5.445286593308719
22286,1.7752536962367742
22287,-1.2516907630549667
22288,-15.867070639471478
22289,-28.305925070746895
22290,-18.62716760005499
22291,-20.65644991505563
22292,-26.756497133657845
22293,-31.623828796187624
22294,-13.497472420276559
22295,-4.691510689761486
22296,-8.693855794289082
22297,-13.48527973822815
22298,-8.470693080938684
22299,-18.087069126525492
22300,-23.793748081617835
22301,-42.548994308231
22302,-46.7378521984094
22303,-56.55647339632972
22304,-58.739919014721664
22305,-58.971742087699255
22306,-51.362901896005795
22307,-63.65601703480861
22308,-76.56367513203294
22309,-43.35624517569228
22310,-2.7192682546601503
22311,-122.42657014926503
22312,-69.5496617818798
22313,-70.62654418648843
22314,-81.07873508656091
22315,-72.54065774693076
22316,-71.41796235162887
22317,-60.1549330432545
22318,-55.594017913052824
22319,-51.049944328506115
22320,-51.19807093929688
22321,-45.785991066363806
22322,-48.63410476660515
22323,-33.17697656785883
22324,-23.268224495209537
22325,-22.30173584152628
22326,-32.646413089477136
22327,-23.919041910392846
22328,-18.007323378839345
22329,-10.388927825146109
22330,-21.88040875894699
22331,-14.244847977128579
22332,-10.724548550281373
22333,-6.4955168956109794
22334,8.476035237981264
22335,13.187947697065638
22336,27.021146176467667
22337,22.05760545607056
22338,18.716267187413266
22339,19.042559079717208
22340,14.537286510474317
22341,10.331809158328284
22342,0.9615330399402069
22343,-17.289042996941163
22344,-29.635296355984877
22345,-33.572571014748206
22346,-24.86927118376287
22347,-55.58112215014185
22348,-52.125125953494205
22349,-51.711837283020884
22350,-42.56428558563968
22351,-31.843657872542394
22352,-28.61688941483277
22353,-30.117137276655853
22354,-29.007079822960392
22355,-38.755891263284965
22356,-41.00213253816109
22357,-42.89995663637404
22358,-47.54015093215607
22359,-48.929315629712775
22360,-46.341692287049455
22361,-38.89863234054871
22362,-35.85011545599156
22363,-46.24173035965007
22364,-40.05261517224424
22365,-15.572670434829327
22366,11.895791027928027
22367,11.055885317478356
22368,11.066866575457396
22369,13.002731470611906
22370,10.665355704119364
22371,1.8183809727519105
22372,-0.210645369515575
22373,-17.286167017083258
22374,-16.748588416834203
22375,-1.2940500892203346
22376,16.554810175420542
22377,11.323283372722372
22378,-5.970050964796254
22379,-16.83837073674124
22380,-26.908654027749463
22381,-28.11165505057579
22382,-21.319165130705827
22383,-14.432146928404777
22384,-12.658751296492355
22385,11.860847896877559
22386,31.650758405023453
22387,16.555321502698433
22388,-21.814353061926596
22389,-49.84062269982985
22390,-39.020215128689124
22391,-34.2118133033324
22392,-31.27506035046172
22393,-42.10803881144786
22394,-45.13493061484155
22395,-62.90490037600489
22396,-81.54631209269479
22397,-87.26456729969561
22398,-95.94987912271905
22399,-97.73402193543679
22400,-81.26889655766725
22401,-25.46734586284215
22402,-10.762669000156738
22403,-59.13831673287325
22404,-104.96842687393342
22405,-32.82543398326777
22406,27.725244409720773
22407,-102.47443181124189
22408,-31.75088028475986
22409,-25.544813682247565
22410,-57.96737635020496
22411,-36.61842268370291
22412,-37.51521117923475
22413,-35.7738095965502
22414,-21.86063185718472
22415,-14.689804192291767
22416,-22.539675877430163
22417,-25.839105448325533
22418,-57.4486168549885
22419,-80.12437685535977
22420,-73.77960136000459
22421,-65.64673209550634
22422,7.484429516759164
22423,21.621379697381528
22424,-14.85969857395692
22425,-103.42458552901122
22426,-19.844888375867168
22427,20.49505929194062
22428,-3.127558929322319
22429,-54.23149632090433
22430,2.2260641121239075
22431,52.4790198155753
22432,72.03720936909613
22433,72.24107820807828
22434,98.98325352420316
22435,110.43088447861577
22436,104.79035188958424
22437,91.67021304154734
22438,69.13392511230948
22439,39.82693883899127
22440,32.33360414235251
22441,40.589071261167916
22442,41.90387234583176
22443,13.64177393898862
22444,3.017921735984885
22445,0.5929687665616257
22446,2.497804478263319
22447,3.2050799112629846
22448,5.658667066141263
22449,-0.6242525543342907
22450,4.015573558342652
22451,9.396376978970267
22452,18.98290304305047
22453,23.074573251380713
22454,16.074025180654033
22455,7.17005178092127
22456,6.143126589859193
22457,8.782834968365009
22458,9.479656229429224
22459,6.254359250684956
22460,13.10899995027313
22461,21.27558822084643
22462,16.171925698342974
22463,8.51613433622326
22464,18.48292537807525
22465,15.68089067054187
22466,4.05306520286976
22467,4.204007946380528
22468,4.680335943543355
22469,6.678654307051971
22470,-1.7455368559463693
22471,1.8075291108600027
22472,15.095880184623383
22473,-0.21426395411307908
22474,-5.243646326386866
22475,2.218352866731621
22476,-2.917433591118211
22477,-0.32035635279966357
22478,-3.0372930895176466
22479,-18.143561230590652
22480,-13.922893973633595
22481,-32.81052104685614
22482,-26.99940349988596
22483,-18.1143282952301
22484,-23.540435963878156
22485,-26.40859681948506
22486,-7.817310820921602
22487,-6.249058901365583
22488,-18.524882384264583
22489,-32.05172000429097
22490,-28.447631265620846
22491,-38.5364457583138
22492,-56.39374670388254
22493,-66.40959639816585
22494,-87.45672270508928
22495,-112.03745305708307
22496,-120.23383723035303
22497,-94.47959031569579
22498,-73.40402379401253
22499,-63.41401343256628
22500,-68.80789720305229
22501,-17.452040960977758
22502,-78.90234928233262
22503,-78.28672494872994
22504,-92.33402794569604
22505,-37.99887237353475
22506,-74.42551592297974
22507,-84.60743394902187
22508,-89.25940936557288
22509,-70.41347294746362
22510,-71.74022734868898
22511,-83.19491011860187
22512,-82.72610520244628
22513,-59.73529451098274
22514,-51.919019788933035
22515,-61.00627366091042
22516,-72.37453710464051
22517,-70.84081904448503
22518,-35.1135723889482
22519,-46.55645501395847
22520,-48.6615861658145
22521,-54.9793484525122
22522,-23.54056957526683
22523,-8.486118735627254
22524,9.381714905099898
22525,18.863209651147884
22526,31.43645029900246
22527,36.816316840911114
22528,40.440491903996346
22529,46.11423642644506
22530,39.544565476548044
22531,31.54375834056421
22532,23.491606168467825
22533,9.245266745866218
22534,-10.72317727730584
22535,-36.903078606930166
22536,-33.12202511305097
22537,-22.4916908229921
22538,-26.15710112369599
22539,-30.53096960144752
22540,-18.384657352487363
22541,-22.96642244765452
22542,-17.903820347240504
22543,-23.904527255810713
22544,-31.884711149338678
22545,-47.036286334523886
22546,-29.297003522556924
22547,-9.736631626760175
22548,0.5063728239213248
22549,-1.8201511315989052
22550,-2.196801293512067
22551,-13.916554239864748
22552,-29.3528440502435
22553,-42.98787327350172
22554,-6.600737117773388
22555,3.1382705637702344
22556,11.266568191986451
22557,12.008487206522815
22558,11.008221378878176
22559,6.686881385406622
22560,7.712440078616737
22561,9.768049292011938
22562,10.980889663833281
22563,3.672394409547806
22564,-2.6695825420078876
22565,-8.501210635988333
22566,-7.558399790576896
22567,-3.9607266832487795
22568,-9.316840111297136
22569,-11.320485346665588
22570,-9.49293942768503
22571,-5.440163279827402
22572,-7.018885700564908
22573,-15.93532715959202
22574,-25.53198569782187
22575,-24.123108668774183
22576,-29.926150793271905
22577,-33.29913907128663
22578,-29.82377884569937
22579,-36.852207544223376
22580,-44.47558558652224
22581,-51.79327321198227
22582,-35.64624411044613
22583,-50.95810528075296
22584,-52.229411388404486
22585,-50.52370575317374
22586,-51.441798274983256
22587,-64.91887897408046
22588,-51.04436499848978
22589,-26.618446864908808
22590,-75.29663834976564
22591,-105.97061830847143
22592,-105.3775994562619
22593,-56.138857452407805
22594,-79.85373554298761
22595,-75.75319448222942
22596,-85.78752928848647
22597,-53.51192336348984
22598,-130.636619835067
22599,-140.70597329523707
22600,-128.4442401508349
22601,-81.36089395984834
22602,-64.30565427041024
22603,-93.38929015689173
22604,-97.9865114212505
22605,-86.07332089093201
22606,-46.05316023166776
22607,-50.25793080326312
22608,-45.72285712604398
22609,-70.70003631084987
22610,-67.66975808055258
22611,-57.24046106014385
22612,-48.362635616933524
22613,-52.89347155531073
22614,-18.907796473980667
22615,-5.57419032157701
22616,-26.6912231491347
22617,-54.69925576117491
22618,-10.69817773421671
22619,-0.43489505771010784
22620,-2.4093162484590067
22621,-0.375460103505489
22622,52.43429220178865
22623,75.66607889415405
22624,87.12360871038265
22625,91.28406791230306
22626,101.60643075175365
22627,95.64667918809296
22628,96.83395786231809
22629,86.45277544584417
22630,52.069457980273754
22631,15.569175556173619
22632,23.482173307281514
22633,47.237166178387085
22634,50.06192471500381
22635,27.81817883884125
22636,37.8652451078124
22637,41.935836073267154
22638,55.751889906831835
22639,40.250571287496584
22640,28.023658443260373
22641,4.576815099959262
22642,19.75026015142953
22643,26.201573948721972
22644,38.25960323108376
22645,43.687815028821234
22646,32.43453801488384
22647,22.544382895099986
22648,17.824219273555272
22649,16.76940623161373
22650,17.36018893273169
22651,4.248098167787674
22652,-3.686413170333253
22653,-1.6374288161453592
22654,21.134495178332045
22655,23.409835867962286
22656,14.692306377383758
22657,9.92486166757574
22658,9.535563770704869
22659,4.970138231833744
22660,6.1819166747117436
22661,5.514738228419503
22662,-3.6323283055010194
22663,-9.135187249596004
22664,-6.315045834810949
22665,-6.18168414888159
22666,-4.550691693610148
22667,-3.655099582299286
22668,-5.9106327124126885
22669,-10.034626129408036
22670,-11.544166322793103
22671,-18.023845765599248
22672,-45.27715566561305
22673,-40.73970749488183
22674,-34.717030165272206
22675,-35.067324190728
22676,-49.41926399154816
22677,-56.32257157999389
22678,-39.283115477564316
22679,-30.080530972732
22680,-30.216543726246137
22681,-44.28693886608994
22682,-52.91418240108213
22683,-74.9563165923468
22684,-92.64488294003452
22685,-101.5139060256525
22686,-88.47139399321136
22687,-89.2202731668119
22688,-95.08532942948077
22689,-95.26404465585634
22690,-118.00589555300947
22691,-130.16667340808453
22692,-100.28872075697372
22693,-67.87358295226461
22694,-70.25692459972775
22695,-85.70442388583449
22696,-72.10492870640415
22697,-77.60456143367371
22698,-97.14227092258766
22699,-90.41670992660652
22700,-54.748938916571305
22701,-37.47499462073136
22702,-72.33296482253269
22703,-104.96163627479724
22704,-95.43307606153515
22705,-64.99977933679065
22706,-102.46266071252778
22707,-151.40462354846017
22708,-135.86753582282182
22709,-123.77112792778426
22710,-106.35367326056891
22711,-72.1508175532172
22712,-90.8942297223551
22713,-96.29757666670875
22714,12.62193557443841
22715,37.1913856305938
22716,-11.683753662723568
22717,-44.16533889106152
22718,25.93959281125821
22719,63.589190823250405
22720,50.319185243271775
22721,46.502112212488
22722,93.64688185746208
22723,63.55872508033802
22724,-100.57001953350654
22725,-33.77701773901392
22726,-109.196635182547
22727,-115.2917722835984
22728,-74.7592658486932
22729,-48.98647644316834
22730,-45.58057300802966
22731,-94.37529364977077
22732,-71.43254823694461
22733,-23.746025997956572
22734,68.5037555819753
22735,72.05552897932677
22736,54.50420764759164
22737,23.495773894732594
22738,37.33559277771663
22739,21.460171747931824
22740,6.635987663996318
22741,-10.130400121722214
22742,-12.966526598147361
22743,-16.61878597954756
22744,-11.599679985802332
22745,-17.531680812207007
22746,-10.30421916090534
22747,-21.725113647290748
22748,-21.907281891339643
22749,10.739107516176858
22750,53.77868432679915
22751,60.34147098282014
22752,37.0151369975718
22753,27.422356267653413
22754,27.538313151024894
22755,36.914995660270094
22756,42.24110025136075
22757,54.628411691059014
22758,40.58792967038258
22759,23.339147747161576
22760,0.45971715966632587
22761,-9.210767320965715
22762,-13.452124727725465
22763,-14.247426391926286
22764,-7.405753231831955
22765,-12.413277582502818
22766,-17.36009464137556
22767,7.571650841904429
22768,12.390970604014896
22769,18.843108881968462
22770,23.474025640657686
22771,45.2746696911361
22772,17.8320484511099
22773,-19.47121905763776
22774,6.791175883080385
22775,20.75040678814723
22776,15.120452534999814
22777,-18.371184256962422
22778,-31.978759857090402
22779,-30.01761056054996
22780,-5.648343276070555
22781,3.5900952024565598
22782,-1.999521732238101
22783,-0.30261986270446783
22784,39.902526325831545
22785,35.817592557636615
22786,3.3322739323811916
22787,-4.248653080565781
22788,18.230873005772168
22789,30.673590974749715
22790,-22.76432474240061
22791,-37.39079067084355
22792,-28.093141181753474
22793,-5.512751191002103
22794,-0.5728608898618859
22795,16.049741802850008
22796,20.91746793768283
22797,-6.776486951833817
22798,-30.400198101421452
22799,-25.956425897984403
22800,6.312908217081699
22801,9.501254655106763
22802,-12.05423726661564
22803,-20.474749493398516
22804,-8.599525356684975
22805,-14.400753335017495
22806,-8.222505082624625
22807,-7.12622261900859
22808,-1.2737336758569882
22809,-6.470796026052259
22810,23.569902745558807
22811,12.19125965736987
22812,18.652976924696418
22813,7.803071962326953
22814,32.01248387012288
22815,37.986649727247396
22816,36.27441078908677
22817,39.57628761189284
22818,52.437303000987924
22819,54.582415663978196
22820,47.88573649784678
22821,32.08249827754992
22822,19.027532587927467
22823,-0.16183513470102895
22824,6.037920815992507
22825,1.2067587218610853
22826,-5.894931506543216
22827,-25.13846118483933
22828,-17.302430772020912
22829,-19.629942724527737
22830,-13.624451477554157
22831,-16.379878762180407
22832,-13.318584324821796
22833,-12.114185887447388
22834,0.9820220494988305
22835,2.687432078154906
22836,-4.7021296513267075
22837,-6.155355360920758
22838,-10.618859877332511
22839,-12.39792609321323
22840,-10.879564712777395
22841,-4.249095177505339
22842,6.122167129181079
22843,2.7398941283128835
22844,5.1838621161644625
22845,11.282467450338814
22846,1.0742294262625478
22847,-0.7989470768399656
22848,-2.4435449935281213
22849,-3.679529340278833
22850,3.121254835282585
22851,3.3893376525992522
22852,-2.1637306329324844
22853,-4.110037005339606
22854,2.3054255970844224
22855,9.525256506415161
22856,8.535211219984802
22857,1.6318807038933585
22858,-0.7936132294903118
22859,5.347623817496981
22860,5.489152315560716
22861,4.826467097717227
22862,8.93191515651283
22863,1.757177405353744
22864,-10.256314578003906
22865,-19.107425064137498
22866,0.24746677375463833
22867,2.352569974385233
22868,-22.141613315970712
22869,-43.13223985863573
22870,-24.290301320750718
22871,-22.864443278146855
22872,-24.889743251606735
22873,-35.12149583722366
22874,-29.665349227699235
22875,-36.49296582311402
22876,-45.105122807142976
22877,-65.09446883728825
22878,-73.97275859628142
22879,-87.65602181820536
22880,-86.1524716498141
22881,-82.97793331339243
22882,-81.59519993235895
22883,-83.65602749236794
22884,-80.23568794896173
22885,-70.60828908703027
22886,-85.52476772325468
22887,-62.26019726314314
22888,-50.324468929457396
22889,-33.58419749818944
22890,-54.182219135118714
22891,-45.183280243267575
22892,-44.40908405550505
22893,-40.282845916957456
22894,-25.02685985470477
22895,-27.58754929152032
22896,-46.448728698199275
22897,-26.790133982349136
22898,-21.741038605816357
22899,-12.507975256576458
22900,-11.868422601162763
22901,-13.073729038227953
22902,-14.53971507202628
22903,-5.130633115077146
22904,1.8855993270588698
22905,-2.0791378667880025
22906,-5.036705340138553
22907,12.29493836799952
22908,24.836174547335474
22909,27.827779158623798
22910,16.153390252542636
22911,21.625836001143654
22912,26.05123254557043
22913,35.41501385042781
22914,33.323727445265774
22915,26.282426789890764
22916,17.225453940112573
22917,10.803917453311328
22918,3.8148140752266926
22919,5.2622333857511165
22920,5.472406911368282
22921,2.5685947402354117
22922,-8.403403808287823
22923,-15.032152711430331
22924,-16.62529899248354
22925,-17.21729133240264
22926,-14.899092630845203
22927,-16.50199165995737
22928,-10.126745350149022
22929,-10.506557930830255
22930,-2.0829655088801644
22931,-0.5536642195058903
22932,-3.2190014547209387
22933,-2.486081448384226
22934,-4.685768024831333
22935,-6.13388699134342
22936,-10.668292205337256
22937,-6.738054029179185
22938,4.772455822389681
22939,-0.1768337162177076
22940,-0.18585912561990625
22941,5.08044899353991
22942,-2.8859429615144307
22943,0.2773074415889738
22944,1.925847363992844
22945,-0.04319409714743472
22946,0.5736605546230464
22947,0.9801375353598587
22948,-1.4721910557056503
22949,-2.388116515553577
22950,-1.2118097532731582
22951,0.1389529481206324
22952,-2.28248581570206
22953,-1.0009546755057812
22954,-2.928068325397433
22955,-7.695528086975923
22956,-15.619228825578098
22957,-20.263474375028217
22958,-8.539169932686516
22959,-10.86941771842882
22960,-25.209841743683427
22961,-41.925473044779494
22962,-34.62066065924627
22963,-33.01040124773475
22964,-50.79250777969612
22965,-70.92344939714572
22966,-61.19005244830936
22967,-62.173896999522015
22968,-61.02537208640814
22969,-57.85087558724416
22970,-40.433203322980276
22971,-42.649103943032245
22972,-61.150936092120176
22973,-69.7720033001735
22974,-77.657977918981
22975,-92.82603151391632
22976,-96.90817809045873
22977,-101.14820691031397
22978,-100.64423315801459
22979,-107.05016079097017
22980,-99.7696796151808
22981,-90.50062025043134
22982,-106.70847819014351
22983,-102.13595197288991
22984,-86.31806991198833
22985,-81.58732937503991
22986,-97.8346165669754
22987,-100.89522792163473
22988,-86.73337800478411
22989,-74.18216861874605
22990,-79.75306762465641
22991,-79.94146902089483
22992,-67.08112193821745
22993,-67.4036467262315
22994,-64.13428880604435
22995,-50.141317043811725
22996,-50.364523260872986
22997,-54.838594328990254
22998,-58.398427458632085
22999,-47.06202375817699
23000,-34.75425928784736
23001,-22.88408037876425
23002,-23.232472323965276
23003,-10.362622030408193
23004,-6.964326385654022
23005,-0.3006141789331167
23006,-5.069506004388856
23007,1.3823888798852835
23008,0.781009750736942
23009,7.079311346485909
23010,13.579897366946668
23011,7.852122454139888
23012,-6.113557776410222
23013,-17.077499861579973
23014,-36.67462504298683
23015,-43.594278248795604
23016,-44.84617314132399
23017,-55.90131407923289
23018,-73.93672730851142
23019,-81.77476675024715
23020,-66.00293711370529
23021,-64.97344757672465
23022,-50.40765261950338
23023,-49.59365368411852
23024,-49.07275241384042
23025,-51.846389001800105
23026,-32.78054999270243
23027,-25.230500873256048
23028,-15.48533563449395
23029,-14.898435102378372
23030,-7.880006156663217
23031,2.272133062080698
23032,8.379579181348802
23033,14.385043181863594
23034,27.095401762632562
23035,25.96013895253759
23036,23.209730702602457
23037,16.25678508621698
23038,32.115318476016796
23039,25.5475017211686
23040,19.74704396879838
23041,20.505553258176462
23042,14.945023110242332
23043,16.59769330643853
23044,22.60629686405788
23045,23.393902989252453
23046,26.009933903958867
23047,27.0512083206426
23048,26.49667980628685
23049,21.991046426741704
23050,12.465328809882436
23051,13.289305724645118
23052,-0.3271714470111533
23053,-8.502022207683577
23054,3.818361075490131
23055,19.211814812388056
23056,-7.450453684845531
23057,-22.98254002219339
23058,-9.371977190941212
23059,-1.8880088549275058
23060,-17.712935315820516
23061,-22.440833332775725
23062,-0.2189221578167917
23063,7.557882111409242
23064,5.527901935254761
23065,-2.086003086100561
23066,-1.3508518763661073
23067,-16.960739592429775
23068,-40.563284228335476
23069,-51.26674811965427
23070,-57.89739622352677
23071,-75.46034468142325
23072,-82.10217265242319
23073,-83.0162033583397
23074,-83.57874048766956
23075,-90.2696516677708
23076,-83.79349800474887
23077,-88.06462435236381
23078,-108.81443006918587
23079,-107.72914291249097
23080,-99.82602613675058
23081,-98.07801692792796
23082,-103.7860612903012
23083,-100.5291383875817
23084,-91.41418154451989
23085,-73.96598414226763
23086,-68.30568527157465
23087,-67.49266599682255
23088,-59.6312322702334
23089,-54.154197928053634
23090,-50.00412227278039
23091,-36.100068783209885
23092,-35.327102725401495
23093,-33.965397889877444
23094,-37.385838181644274
23095,-23.530439702100423
23096,-13.858593600541681
23097,-12.65125579857461
23098,-16.44657136474022
23099,-1.283743263000801
23100,5.348627027142371
23101,11.392782240529996
23102,4.702344192238428
23103,23.25657398155849
23104,30.328771344618303
23105,41.47207833206588
23106,31.126658486490456
23107,22.20655084340906
23108,14.721681895450516
23109,-2.8657033651717114
23110,-28.075418245934273
23111,-37.27562652422678
23112,-36.02727925849446
23113,-32.02572316754545
23114,-44.37851773825059
23115,-57.410975069793494
23116,-50.489376974351956
23117,-44.74699555731084
23118,-29.587482979022376
23119,-28.741055220499526
23120,-26.317962959169044
23121,-22.861769213121697
23122,-3.183714082605178
23123,1.4265723249651217
23124,5.792668362864248
23125,5.695128376715871
23126,4.653634367067454
23127,6.178371260834055
23128,8.512392614887617
23129,14.954590654736549
23130,18.96466790160241
23131,13.763008445698034
23132,17.34974559958286
23133,24.212528562392635
23134,26.632788571105365
23135,20.054246233840374
23136,25.544595456761684
23137,31.06909094119318
23138,36.214486886782936
23139,35.02654666481331
23140,28.232000541391415
23141,24.07558644645843
23142,21.88087239184935
23143,26.765987108314874
23144,31.11028490698743
23145,24.95009656379972
23146,19.47985953768999
23147,24.83086909621632
23148,18.81937386603984
23149,14.083532105579067
23150,19.98080705866886
23151,17.9141409337154
23152,11.573171850478872
23153,-8.106660152673417
23154,6.131094922216377
23155,6.610467349924349
23156,-10.785097162012011
23157,-30.586212733804008
23158,-21.00854998564706
23159,-20.885175450187415
23160,-22.571815467938972
23161,-32.3285498637389
23162,-29.87604867497949
23163,-34.250911565006234
23164,-40.32519780067521
23165,-53.1139255955937
23166,-64.1404924859751
23167,-72.3493310387025
23168,-68.2786408275563
23169,-67.31804638338915
23170,-72.3358484822456
23171,-78.9651085206349
23172,-79.96822140609449
23173,-81.8812313266409
23174,-103.67420440334807
23175,-103.86325821053724
23176,-100.69943168298407
23177,-99.35065724227364
23178,-106.50033999124916
23179,-106.03174120196711
23180,-95.45840549108566
23181,-86.72297178475856
23182,-72.64689123824617
23183,-65.73041377001091
23184,-59.27971417677823
23185,-53.40103252133407
23186,-56.83262450001779
23187,-45.76524016525507
23188,-45.82143286000973
23189,-35.831504075523576
23190,-41.11780711735136
23191,-20.796438587049096
23192,-13.059778233771198
23193,-5.28842654292723
23194,-17.601382316138768
23195,4.453684707309435
23196,19.238980154592525
23197,23.237332802679305
23198,12.570942791355563
23199,15.959730155981319
23200,25.561593574052964
23201,31.469712275721704
23202,25.955491472963843
23203,36.80659484477435
23204,32.792248418306116
23205,28.08265495495749
23206,17.21627886981176
23207,16.821617071150314
23208,19.075980010069173
23209,12.746040991674874
23210,-8.523072762796186
23211,-14.26889425573496
23212,-6.335820399093091
23213,-6.414733102814079
23214,-2.569666899445572
23215,-8.789109845426829
23216,-10.169839296856516
23217,-13.03544478679158
23218,-0.4782036917616921
23219,2.170838420523822
23220,5.0630454372496985
23221,7.360187145367675
23222,2.490408104466553
23223,-4.74629975581891
23224,-2.3520851910990643
23225,-2.4418952280034887
23226,7.412264862904053
23227,8.210167171709813
23228,6.867869628019449
23229,6.68030250015245
23230,8.27519013551668
23231,6.577904661571381
23232,5.362287589461317
23233,9.052448918822222
23234,12.703365107008537
23235,10.984285971957448
23236,10.709645841617785
23237,7.007588792126299
23238,10.4285093466424
23239,7.1444461380274475
23240,5.683798668008123
23241,4.564151650932629
23242,0.47633720456818196
23243,-0.9077183120868426
23244,-2.990752473290854
23245,-8.658586810267991
23246,-9.51582266503765
23247,-10.638009727794316
23248,-15.35061113203945
23249,-33.80908182830164
23250,-27.198165336418814
23251,-25.29106376218127
23252,-38.15131840886315
23253,-57.987697608300635
23254,-30.595198187162307
23255,-28.35581601650693
23256,-28.862926081198875
23257,-33.191255732148385
23258,-19.157597206737908
23259,-25.231199541209865
23260,-28.227481351730862
23261,-46.22837264556969
23262,-55.33506023374183
23263,-54.90479216528858
23264,-46.09527791274216
23265,-40.22523775895898
23266,-34.79028831397713
23267,-38.83218935346693
23268,-37.54710435244553
23269,-35.03394328271972
23270,-53.85388695298644
23271,-53.69086866949755
23272,-53.14329609360237
23273,-39.825664382250295
23274,-50.056233423518236
23275,-55.9824076236754
23276,-54.2076186564387
23277,-50.05737718546813
23278,-48.08202361219779
23279,-46.35585968049671
23280,-44.655342223979375
23281,-47.023646512879594
23282,-52.18446564645712
23283,-44.20205665024208
23284,-43.26777859699957
23285,-42.5568595632347
23286,-44.78685035112095
23287,-37.586000508658785
23288,-33.16705790757787
23289,-19.073156355875753
23290,-16.436645309747586
23291,-13.565252273618352
23292,-12.390144508481068
23293,-9.743427709857553
23294,-18.95859783736893
23295,-12.56631400875688
23296,-9.22649598594126
23297,-1.0619375478490554
23298,10.256411690231275
23299,10.01776715479268
23300,4.0887254039652845
23301,-4.6578342086733215
23302,-12.431338886242248
23303,-10.21361557150998
23304,-6.947752129128492
23305,-12.769248009316346
23306,-22.24345553235943
23307,-26.07205774911557
23308,-14.490150612012709
23309,-13.4333649928524
23310,-7.118294566091457
23311,-11.332414889914013
23312,-14.045138599201628
23313,-13.270722068565611
23314,2.7481820886043806
23315,10.804538111452558
23316,7.412687847567895
23317,1.9979800287456442
23318,-6.929910060972372
23319,-6.72305795535048
23320,-5.75288341223354
23321,-6.351783700794567
23322,-5.158350790873499
23323,-7.01791836772605
23324,-4.813579072965325
23325,-2.5437096818651526
23326,10.959798013010285
23327,13.469375974507031
23328,11.117631709619175
23329,10.107620689802715
23330,9.487345059777397
23331,9.87604704874957
23332,12.032623793431952
23333,11.385158011778287
23334,8.773014133446068
23335,8.52405681777445
23336,11.33779697377797
23337,9.702241107816903
23338,4.9185477874655845
23339,6.620999111292846
23340,6.3119823288492825
23341,3.6736610369267026
23342,8.441625849342643
23343,15.629368822889091
23344,0.6147449088016117
23345,-12.532266262229513
23346,-8.805014965666327
23347,-5.48386794926078
23348,-12.264375858764268
23349,-27.389071439685623
23350,-9.526418931997814
23351,-5.825661849833271
23352,-4.711516187731604
23353,-17.10260194333967
23354,-17.178810365899707
23355,-32.594106204325
23356,-51.18648212126881
23357,-70.63208246148709
23358,-72.34011959819944
23359,-85.5178884335613
23360,-81.91457520119971
23361,-78.36608322389614
23362,-66.50817828561772
23363,-66.60113200695504
23364,-62.5345522999112
23365,-55.30432827394084
23366,-79.03752340853218
23367,-81.69081300293173
23368,-75.67957737482048
23369,-63.22680754025116
23370,-78.5615173294082
23371,-86.4683362200444
23372,-76.60291558140703
23373,-67.38239829868233
23374,-62.33371071410659
23375,-68.06420776667744
23376,-66.460804228011
23377,-67.45420447213638
23378,-70.82947288715671
23379,-70.27326622823527
23380,-63.446834747608975
23381,-47.178948386037845
23382,-41.4683383235259
23383,-30.882555854127954
23384,-25.965562227025455
23385,-22.631660653645294
23386,-26.45146659568774
23387,-13.520351847467275
23388,-9.080907604045528
23389,-4.74073069004605
23390,-5.551635767778446
23391,5.116592119831822
23392,3.7565452369602923
23393,5.265799671881254
23394,7.741315973570849
23395,5.186719267217839
23396,-5.2405392457088595
23397,-32.946155459043545
23398,-57.010348372479996
23399,-56.377935786279096
23400,-53.694016579539436
23401,-58.12651777126143
23402,-61.972955458079326
23403,-54.948193091098986
23404,-45.40656658829852
23405,-39.64162553639648
23406,-12.671850659000796
23407,-7.489297649575153
23408,-9.064152761258814
23409,-23.6700238619201
23410,2.9032796531233913
23411,5.851744635332452
23412,7.791131530010588
23413,6.577786413464466
23414,2.423350994909569
23415,5.246581178750759
23416,3.5243093441909963
23417,6.389030270628396
23418,18.85882210696485
23419,21.20257828145003
23420,17.52841688084507
23421,7.011339192000719
23422,-4.283699016117609
23423,-1.2168125936719747
23424,4.389435416163437
23425,3.023487876773075
23426,0.8092978288314328
23427,-3.379303836400524
23428,-0.03612028250064725
23429,1.8630732687147429
23430,1.7943455376681499
23431,2.6744265496152337
23432,4.1370195948758095
23433,3.3598901830302026
23434,-2.6038991524827466
23435,-5.833399611181086
23436,-3.9301495634478343
23437,-6.238142638277999
23438,-10.735631849160455
23439,-12.193029270276185
23440,-8.013423446804268
23441,-11.879593670409008
23442,0.41929466564069173
23443,5.952698856792509
23444,3.2581233834044525
23445,-22.297345382799598
23446,-22.925391287076877
23447,-29.283448938643474
23448,-20.95910078476126
23449,-24.24208819818901
23450,-33.25242309335159
23451,-55.12155276023649
23452,-70.00799548308709
23453,-92.66756012162945
23454,-101.92218470450283
23455,-120.10883583946239
23456,-113.31204644084318
23457,-104.02800668930303
23458,-114.75599355513997
23459,-125.28178059060603
23460,-112.86927855166248
23461,-82.78265185985929
23462,-102.69742044466166
23463,-93.08289331581149
23464,-77.83014174541393
23465,-72.75521323620649
23466,-77.53984933677397
23467,-78.54317494178669
23468,-79.95454045937244
23469,-82.60869958553083
23470,-84.77486370982754
23471,-82.47330115708363
23472,-84.15824003596882
23473,-87.54475927257457
23474,-94.07370230615193
23475,-96.11674568163285
23476,-87.86694191252344
23477,-83.25260134724353
23478,-64.43247730177643
23479,-48.67588954057174
23480,-37.21411227615163
23481,-31.758515320982205
23482,-16.076559722447897
23483,-10.35237987846115
23484,-10.342213783177712
23485,-12.234418610418473
23486,-8.738278928737586
23487,-6.934083568994296
23488,-6.282733473029666
23489,-5.569661942593896
23490,0.7930055733147725
23491,0.9602329031657888
23492,-19.722848657750987
23493,-49.14503972296923
23494,-65.67008618175453
23495,-64.5926793072644
23496,-63.98192220568904
23497,-78.61690469024265
23498,-77.22681917420869
23499,-60.96827768100533
23500,-42.14975078573744
23501,-34.739280853015316
23502,-13.760739466891238
23503,-12.44704975029336
23504,-12.40977914492234
23505,-19.64174397940431
23506,-1.6286907616906632
23507,-3.2821743109316657
23508,2.138181492007945
23509,5.235667173774672
23510,3.1888658660820823
23511,0.8053863265523233
23512,4.557073643784534
23513,10.053802241423298
23514,19.03077139305168
23515,16.76822293527934
23516,19.72922539657128
23517,18.94579958129134
23518,-1.0758874565314187
23519,-6.282531936104547
23520,-7.043587283365682
23521,-1.8002923027867581
23522,4.594173208289533
23523,-0.8485880950482283
23524,0.989734791946745
23525,-3.2431478247358427
23526,-4.162582641832238
23527,-7.459530899493153
23528,-10.39017849347865
23529,-11.257065106811034
23530,-13.401758056713575
23531,-8.921024800954044
23532,-12.161999100921108
23533,-20.36475501901763
23534,-13.016664360356856
23535,-13.9445913680876
23536,-15.968994735678024
23537,-43.54949790803599
23538,-26.682105190825993
23539,-21.215883571045808
23540,-24.5297585745884
23541,-35.59072973574713
23542,-22.14811031537102
23543,-20.872439989770136
23544,-24.417811541217908
23545,-29.026433033654065
23546,-27.141883144831738
23547,-37.200258431275515
23548,-44.04702442034248
23549,-57.23583324071386
23550,-68.44853856358884
23551,-77.40423858083238
23552,-78.82528420869409
23553,-81.53214623682493
23554,-76.7710619634634
23555,-85.6153478547195
23556,-93.73521284923866
23557,-89.97599536465843
23558,-86.70870553604216
23559,-85.87705008368961
23560,-76.14236251168695
23561,-74.42788662163356
23562,-81.47526866399156
23563,-82.23104583925041
23564,-84.46712255669743
23565,-83.73057596192413
23566,-84.93267403137801
23567,-78.01023476270464
23568,-73.74235819299028
23569,-61.410765601972834
23570,-74.38451245937024
23571,-67.71227838556224
23572,-54.92391385754907
23573,-50.122439687250065
23574,-52.453779510264155
23575,-41.441925377489724
23576,-29.99778465223534
23577,-30.389380884060472
23578,-28.392828492154443
23579,-8.282525521629417
23580,-2.1943151024119842
23581,-2.3424839556209562
23582,-12.30588423306169
23583,-12.222670072512713
23584,-8.359559957676751
23585,-8.64246777808198
23586,-20.33788600616699
23587,-26.230506000970955
23588,-31.896719729362523
23589,-44.444659201540865
23590,-56.26322021603784
23591,-52.48850616375242
23592,-60.958041599338316
23593,-67.37620265973976
23594,-63.61198347578151
23595,-57.38654747501025
23596,-48.9680162990369
23597,-41.687885549574254
23598,-24.108986352365946
23599,-16.597985592190184
23600,-11.641646047496437
23601,-17.005778990121
23602,-5.99874760374216
23603,-0.4280975549529984
23604,-0.6578435717169242
23605,-2.0666154009928874
23606,-11.698052022965179
23607,-15.858950027194076
23608,-18.03949408778356
23609,-11.387220268686143
23610,0.09582992588734385
23611,0.014015107667731286
23612,-2.4881729915661452
23613,-7.172057672292098
23614,-12.645203282969248
23615,-9.430727014003082
23616,-6.279209627645088
23617,-4.894239814192815
23618,-0.05426128135538022
23619,-10.450284401099893
23620,-8.28207854850659
23621,-10.512645901413364
23622,-7.785483832525053
23623,-9.947887006376853
23624,-14.411886604012814
23625,-14.017041970242936
23626,-15.935159479420747
23627,-12.13036688673094
23628,-11.90041070930522
23629,-12.035618305236909
23630,-0.9272014042865777
23631,0.867507941826446
23632,-16.27122668208621
23633,-45.36421174587959
23634,-36.10177542473801
23635,-34.922752798725185
23636,-42.208057562011504
23637,-56.60683250246791
23638,-45.1898696281577
23639,-51.93722161731997
23640,-62.438486687612304
23641,-69.95826375406423
23642,-60.01477113348918
23643,-67.26888766147741
23644,-78.85783666401503
23645,-88.96309711763664
23646,-89.60754243171634
23647,-97.7839998757314
23648,-98.53675393171925
23649,-99.12395045692556
23650,-96.4285474039672
23651,-100.8058770811937
23652,-97.35337772636049
23653,-95.98059860180186
23654,-112.99123622502395
23655,-107.58162901877859
23656,-96.08210709567254
23657,-87.34895984806332
23658,-111.16300501608566
23659,-94.71401655108974
23660,-91.4021968164206
23661,-87.03097655478871
23662,-80.65520543178096
23663,-72.13857938295266
23664,-67.77337972487223
23665,-67.84027208181905
23666,-70.33709399434332
23667,-63.88925769370133
23668,-51.1603326353989
23669,-47.451212491557726
23670,-53.93874261262145
23671,-42.986715390374385
23672,-36.389087876944174
23673,-26.665325384035825
23674,-32.89913607106718
23675,-22.68429779314034
23676,-14.825895837479557
23677,-7.645026213469443
23678,-11.445921769953571
23679,-15.932890050014237
23680,-18.105716086049085
23681,-9.609494587596174
23682,-7.034156219687283
23683,-4.011910283381759
23684,-10.026487146289249
23685,-23.57692919285615
23686,-27.926238930793588
23687,-34.90319255400503
23688,-31.82101513871116
23689,-32.884133881532634
23690,-37.077012364293346
23691,-45.42215899463999
23692,-41.73799064569368
23693,-39.93619755570338
23694,-36.92973260711052
23695,-37.18381972689558
23696,-37.03594177437061
23697,-35.679751957962154
23698,-29.328384730177106
23699,-30.324700179367426
23700,-30.053969377658262
23701,-28.912227995196815
23702,-31.91837129328946
23703,-34.314063020657166
23704,-34.359513496790676
23705,-30.531747003378378
23706,-21.075574063469865
23707,-22.19648424748305
23708,-26.456750379266218
23709,-24.435577523140374
23710,-6.307075035480146
23711,-4.032490460223464
23712,-7.083757500292869
23713,-4.637786852592363
23714,-4.457237136884295
23715,-4.34935701319791
23716,-5.300857263674182
23717,-7.40646935125492
23718,-5.019982033167736
23719,1.614285064401173
23720,3.2203918867320738
23721,-0.628200906959961
23722,-10.122224032918261
23723,-7.611392445610129
23724,-11.842262774530802
23725,-16.884409347692483
23726,-3.3038445098352796
23727,3.192536776898031
23728,-16.973221020666166
23729,-41.85687286178356
23730,-32.778179518838314
23731,-39.526902317002694
23732,-33.770827618377254
23733,-46.99484794419892
23734,-34.71474982071801
23735,-41.31446792466606
23736,-43.20935367694493
23737,-46.07985108549285
23738,-35.05430722837731
23739,-36.50650206009267
23740,-42.55091552704137
23741,-51.18416401200871
23742,-51.762053812081405
23743,-58.51940567086925
23744,-64.01378052736871
23745,-59.59684132320504
23746,-56.81586242173053
23747,-60.93004808456256
23748,-56.84534123260677
23749,-59.26053647898847
23750,-80.57709590128258
23751,-78.68626536089494
23752,-74.34927521477687
23753,-70.654634952744
23754,-80.46785746550194
23755,-69.39590122154146
23756,-68.29279670556832
23757,-63.68335072840529
23758,-60.03699875845969
23759,-48.93284669480728
23760,-43.331438547114615
23761,-31.090824405391416
23762,-44.140901752871166
23763,-35.89431848088383
23764,-34.62972995966998
23765,-33.06072395347666
23766,-38.68439139854135
23767,-27.805133067667306
23768,-25.175729954230498
23769,-30.982738003938636
23770,-36.906671119468115
23771,-22.545374502513482
23772,-17.506217101238974
23773,-15.295610906189097
23774,-28.194262352644124
23775,-16.26184285038331
23776,-16.602747087768755
23777,-15.577218967122285
23778,-22.90320161640085
23779,-17.475538732609863
23780,-16.19430157515859
23781,-33.88452031942455
23782,-33.886130543614826
23783,-28.014628650956617
23784,-14.01677965123563
23785,-31.175312153064347
23786,-30.96192694917427
23787,-33.837533084767145
23788,-27.597432812491164
23789,-34.3735610736487
23790,-13.258638424531064
23791,-5.730159152170081
23792,-2.954923762427093
23793,-12.923123125684704
23794,-1.7219724266347711
23795,-5.078526443510377
23796,-12.149588834958017
23797,-13.668876329822602
23798,-17.22259543201693
23799,-22.1492407904758
23800,-29.666362293012384
23801,-26.369193299264737
23802,-16.55757052459883
23803,-17.08640160362755
23804,-21.226567490662276
23805,-26.136260691144614
23806,-25.99938880384031
23807,-23.73862044442638
23808,-19.87379628638019
23809,-14.301696412483217
23810,-15.20754137174287
23811,-14.340259934104118
23812,-17.986748396781415
23813,-21.694404545361714
23814,-28.31728087639631
23815,-31.93225563002774
23816,-28.99223188977281
23817,-36.83431614448578
23818,-41.13317479300909
23819,-39.08263581038753
23820,-41.50900238619715
23821,-45.69635525935175
23822,-42.27847647995008
23823,-42.86142983655113
23824,-44.198256737780405
23825,-67.39132784545171
23826,-53.858040984236204
23827,-42.720551055592985
23828,-29.101933469622743
23829,-37.70285187069553
23830,-31.54605805778371
23831,-32.276276953710436
23832,-31.889137263079334
23833,-39.70720221486573
23834,-36.910267638839265
23835,-48.67076028786219
23836,-62.552628748353904
23837,-77.77400757385513
23838,-91.62116247713698
23839,-105.82447530820745
23840,-106.28508604729903
23841,-104.11635234642675
23842,-112.24472772033621
23843,-121.80299582963849
23844,-115.37034514450235
23845,-99.29723947162839
23846,-129.3454411035961
23847,-124.9910409884879
23848,-110.79075130409905
23849,-108.21810349678941
23850,-118.28418529105647
23851,-124.17792116198854
23852,-112.51450516831278
23853,-102.13995841922095
23854,-82.62712945736624
23855,-83.91265248355776
23856,-91.60696482566229
23857,-95.76799457976372
23858,-106.9251686328123
23859,-113.60391147597022
23860,-119.54108361866042
23861,-87.93014088015184
23862,-65.04313879117217
23863,-76.60653806942241
23864,-71.3700326985068
23865,-45.65155590422977
23866,12.677797543499295
23867,33.073874892671014
23868,37.77590478384944
23869,22.846097053675564
23870,18.32625698358305
23871,5.234002645011792
23872,5.853419365217398
23873,-14.800412279439236
23874,-14.8042262067993
23875,-37.01293972681411
23876,-47.82816736500523
23877,-69.29266042885645
23878,-67.1286326072138
23879,-65.34644181547102
23880,-52.3843531057395
23881,-48.71145505081366
23882,-42.56853622286894
23883,-45.27911061055423
23884,-34.64332921931438
23885,-25.12982680198499
23886,11.188703398269276
23887,6.373325396290689
23888,-5.27165102550682
23889,-24.732368212770318
23890,9.34145889229034
23891,17.382366987878527
23892,12.97690181439767
23893,4.128061465165494
23894,8.592554479006296
23895,4.689595690334656
23896,10.547443885959652
23897,9.423515457074856
23898,19.874790615111664
23899,8.994016499177576
23900,6.682125889165292
23901,-3.6224932030974912
23902,-14.033046854419204
23903,-7.888825215149488
23904,-1.2693248132109645
23905,14.97872301785356
23906,18.30007765984925
23907,21.109047398680445
23908,11.580050342081101
23909,-0.07667804072608675
23910,-5.65821277775251
23911,-2.387607808146555
23912,-2.352693830353047
23913,-8.445937456067043
23914,-19.49514411972705
23915,-15.801014059611099
23916,-3.9545419234710764
23917,-1.4445692605470626
23918,-17.618381119558855
23919,-23.01498684831916
23920,-21.86951355091842
23921,-19.7344424160624
23922,-3.0952179853884942
23923,13.456350956101438
23924,8.52460766718739
23925,-9.655043798021204
23926,0.8049229485730649
23927,2.67435003051402
23928,-7.01580063150827
23929,-13.704398304334532
23930,-3.295450167445658
23931,-7.194550691759126
23932,-20.97022607428101
23933,-39.90886577315569
23934,-53.336006843004384
23935,-70.63819307711913
23936,-70.85636437529138
23937,-71.70329307911953
23938,-67.2475283214211
23939,-74.11245039831982
23940,-71.30255674176846
23941,-81.42992121096142
23942,-94.5330771590861
23943,-90.51329787116444
23944,-74.24958561607306
23945,-77.73849544648604
23946,-74.06625921290922
23947,-66.08509653039877
23948,-73.25818350616132
23949,-70.61894342911043
23950,-58.387876828251066
23951,-61.31488229319693
23952,-49.31874782838371
23953,-45.59383528891338
23954,-35.81015005255042
23955,-35.13322384773735
23956,-26.153529035244695
23957,-23.696106420009492
23958,-23.716297359331243
23959,-21.34821729186138
23960,-19.743025427465007
23961,-13.742871088273269
23962,-18.548787669783195
23963,-14.571772943712887
23964,-7.284194013553559
23965,1.9960194049658355
23966,-12.111532715046756
23967,-22.28965801958031
23968,-24.96732015436279
23969,-9.68699384272201
23970,8.823321827140035
23971,-17.03166057371297
23972,-45.09710880314151
23973,-53.33516808882695
23974,-42.640826241266446
23975,-42.08365718747357
23976,-41.64592349946151
23977,-48.96949871939094
23978,-51.12439776038126
23979,-47.11142842139331
23980,-31.996215729011553
23981,-28.511216308490972
23982,-16.037567767879956
23983,-19.63311111909386
23984,-23.16751501448585
23985,-27.142337874683797
23986,-10.541648747350159
23987,-7.488720763157879
23988,-5.293122188479423
23989,3.5256751934828188
23990,-1.7105859953979063
23991,-4.01490586780821
23992,-4.081016213066505
23993,-0.11674233608175655
23994,6.064101054775861
23995,1.5541795564304692
23996,-2.5799774019344994
23997,-3.1575692006449145
23998,8.834893723713662
23999,9.261173288497474
24000,6.935380915415664
24001,4.181321109953302
24002,3.9101705859660143
24003,3.2623678844271495
24004,4.6492854004390125
24005,3.3700795660035823
24006,-0.9922237735445449
24007,1.5853320853530803
24008,5.431626932722786
24009,8.56348192069705
24010,4.486946433232163
24011,-0.585653491959448
24012,-7.246212920106501
24013,-13.927080744635589
24014,-10.161871919586801
24015,-10.087431894723537
24016,-10.456273882194822
24017,-22.76695991050555
24018,-27.272487031576503
24019,-35.22728604919004
24020,-39.68147624628811
24021,-54.67840900264912
24022,-48.56597030057325
24023,-54.04482391268427
24024,-59.456688357075784
24025,-68.48859516915158
24026,-59.47340316188544
24027,-62.88340335262811
24028,-74.66116053776179
24029,-86.04330916767876
24030,-86.2641994315487
24031,-98.7638343931702
24032,-105.6954135291076
24033,-107.03756884217277
24034,-102.80515787249092
24035,-108.6023304921226
24036,-104.29743222333312
24037,-106.38292757402976
24038,-126.30831362943837
24039,-125.18607149153735
24040,-121.67094467103601
24041,-115.29687670360232
24042,-113.77968782748263
24043,-112.43211648299518
24044,-105.0769268097635
24045,-98.44724461114151
24046,-87.66843753589492
24047,-90.58187166204769
24048,-87.7778121492025
24049,-81.65904780448537
24050,-85.22434249329967
24051,-64.4426627156596
24052,-55.525971581711815
24053,-53.51888159691765
24054,-68.30406258867843
24055,-61.90203357185196
24056,-16.017899180966978
24057,-22.84244333572461
24058,-23.199605250697864
24059,-12.090156055185226
24060,3.3300803284956757
24061,10.639968878328197
24062,-30.02344641386435
24063,-55.79162521211467
24064,50.70484540460404
24065,-5.783975615390887
24066,-5.7784817038378335
24067,-16.650984571190783
24068,-28.194146913819914
24069,-47.78124756402969
24070,-54.745099665284
24071,-64.43471752906076
24072,-75.91069648149033
24073,-85.04967176101316
24074,-82.732293401925
24075,-83.92879526140021
24076,-77.03790122452983
24077,-68.12329504007988
24078,-51.98508202454873
24079,-45.87805080480133
24080,-44.9759612603839
24081,-45.545382556443585
24082,-19.199581891977914
24083,-7.008473163237255
24084,0.523113532733106
24085,-3.9762183615774234
24086,-11.434000121965319
24087,-14.406873418729738
24088,-12.705477206236658
24089,-9.786561554978768
24090,0.27881731494148454
24091,-4.6855337675618145
24092,-13.969676069907358
24093,-14.505193669077038
24094,-1.1924581090625992
24095,0.5670812300516133
24096,1.2106327509005865
24097,11.266033742494145
24098,16.87045547246413
24099,9.833719454188895
24100,2.7419170117175042
24101,11.125369121793767
24102,12.505005711901347
24103,9.627314254020618
24104,-0.5230700220971727
24105,-0.0904557069536196
24106,-1.8767960014343572
24107,0.5943431176366829
24108,-1.8490715226819958
24109,-11.87690269330026
24110,-3.4118610818031243
24111,3.721592973546251
24112,8.585539575913486
24113,-1.5747485341975676
24114,-10.278701018935365
24115,-20.82246142377705
24116,-32.060386539258936
24117,-48.11863472902785
24118,-42.03528795343301
24119,-40.946358160670016
24120,-34.19563750794029
24121,-33.398642704044164
24122,-29.138526732200127
24123,-41.93011357824819
24124,-47.83105224196803
24125,-49.141206063810195
24126,-52.906311212857865
24127,-63.622267634682935
24128,-66.70941584819056
24129,-62.90595392681501
24130,-62.47669767645338
24131,-64.13501044458994
24132,-57.33342723163921
24133,-45.42408705118803
24134,-61.72765525533885
24135,-58.56064362388782
24136,-63.830349444461326
24137,-59.30468017023481
